source,original_split,filename,class,image_path,sha256,phash,visual_family_id,visual_family_size,split
cataract_v01,train,10_JPG.rf.4d794597e5e669e1ef983f5a6f35c7be.jpg,normal,C:\Personal AI & ML PROJECTS\AI IN HEALTHCARE\MY PROJECT E PAARVAI\Cataract v01.v7i.folder\train\normal\10_JPG.rf.4d794597e5e669e1ef983f5a6f35c7be.jpg,29e5ddccaf4bae7419991dae507ddfa3ec2662329bd8aec4842205c0f6837ea6,f0c0cb4f8dcf4c8c,VF_00001,4,train
cataract_v01,train,10_JPG.rf.82653827daeea8d76984332b12542e4c.jpg,normal,C:\Personal AI & ML PROJECTS\AI IN HEALTHCARE\MY PROJECT E PAARVAI\Cataract v01.v7i.folder\train\normal\10_JPG.rf.82653827daeea8d76984332b12542e4c.jpg,befe4bb29a4c6b6ab7f0101e94a497b40b3924bda6642e1bf49525f973a7d13a,f0c0cb4f8dcf4c8c,VF_00001,4,train
cataract_v01,train,10_JPG_jpg.rf.6d4e8477b384db74b247556e1929949e.jpg,normal,C:\Personal AI & ML PROJECTS\AI IN HEALTHCARE\MY PROJECT E PAARVAI\Cataract v01.v7i.folder\train\normal\10_JPG_jpg.rf.6d4e8477b384db74b247556e1929949e.jpg,c12541e73d57c2dfa9b028b842cb63a5930f6c5328ea25521998c2a9d99dfd8b,f0c0cb4f8dcf4c8c,VF_00001,4,train
cataract_v01,train,10_JPG_jpg.rf.f685ff537d35a314eafe627abfe5f545.jpg,normal,C:\Personal AI & ML PROJECTS\AI IN HEALTHCARE\MY PROJECT E PAARVAI\Cataract v01.v7i.folder\train\normal\10_JPG_jpg.rf.f685ff537d35a314eafe627abfe5f545.jpg,3d95faa1c0dca37d8a5a0d60a9a050616dcac8956ae9af8393d49de433de3a2e,f0c0cb4f8dcf4c8c,VF_00001,4,train
cataract_v01,train,11_JPG.rf.bf2fd6d437a787ddc3192912f49f16b7.jpg,normal,C:\Personal AI & ML PROJECTS\AI IN HEALTHCARE\MY PROJECT E PAARVAI\Cataract v01.v7i.folder\train\normal\11_JPG.rf.bf2fd6d437a787ddc3192912f49f16b7.jpg,5e424c6e2cc8b080dce1d814948cbbf9ca5d7c1b4f6ede3e8bd011511d87a3e2,e00e9f1b783930f9,VF_00004,2,train
cataract_v01,train,11_JPG_jpg.rf.0c6f778623eadea084efc6bb05816f87.jpg,normal,C:\Personal AI & ML PROJECTS\AI IN HEALTHCARE\MY PROJECT E PAARVAI\Cataract v01.v7i.folder\train\normal\11_JPG_jpg.rf.0c6f778623eadea084efc6bb05816f87.jpg,94c68c477acec9baba018cb5baf2520d66670c08beeed608e9076f3e5411af72,b55bca4e2d6c258c,VF_00005,2,train
cataract_v01,train,11_JPG_jpg.rf.c40ecc148d252c0c619e2d0b9b0bf1d7.jpg,normal,C:\Personal AI & ML PROJECTS\AI IN HEALTHCARE\MY PROJECT E PAARVAI\Cataract v01.v7i.folder\train\normal\11_JPG_jpg.rf.c40ecc148d252c0c619e2d0b9b0bf1d7.jpg,906dcdef2d83c721f40101883d4f82fabc6d1e24a49df8317aa7e82e419021c4,e00e9f1b783930f9,VF_00004,2,train
cataract_v01,train,11_JPG_jpg.rf.ca66c36f01e1800a567f956c12cb9217.jpg,normal,C:\Personal AI & ML PROJECTS\AI IN HEALTHCARE\MY PROJECT E PAARVAI\Cataract v01.v7i.folder\train\normal\11_JPG_jpg.rf.ca66c36f01e1800a567f956c12cb9217.jpg,7d4c13e2e36014a87666f2640d0911621c7ebe5c0f9958355a2acf1e6b959c56,b55bca4e2d6c258c,VF_00005,2,train
cataract_v01,train,12_JPG.rf.26b348160eb1c8268efdeaf34a7c400e.jpg,normal,C:\Personal AI & ML PROJECTS\AI IN HEALTHCARE\MY PROJECT E PAARVAI\Cataract v01.v7i.folder\train\normal\12_JPG.rf.26b348160eb1c8268efdeaf34a7c400e.jpg,ad8abd11bf3285792be1b37197b1b9b4c6c82c261ed4012e7801de9ffd20f366,e33c9dc024dd6333,VF_00006,3,train
cataract_v01,train,12_JPG.rf.336e89653f177f8c63089529c4c0cade.jpg,normal,C:\Personal AI & ML PROJECTS\AI IN HEALTHCARE\MY PROJECT E PAARVAI\Cataract v01.v7i.folder\train\normal\12_JPG.rf.336e89653f177f8c63089529c4c0cade.jpg,24b001f78155a5f4c16fc39d1760e376f441d71eb47edc4c5424450c1868ffe2,e33c9dc024dd6333,VF_00006,3,train
cataract_v01,train,12_JPG_jpg.rf.2b4efd02df00711f25cea9bf47d5d2da.jpg,normal,C:\Personal AI & ML PROJECTS\AI IN HEALTHCARE\MY PROJECT E PAARVAI\Cataract v01.v7i.folder\train\normal\12_JPG_jpg.rf.2b4efd02df00711f25cea9bf47d5d2da.jpg,ce20d3f911d02b91802f5a193be89d30c0b0ef8d8fb6a3d0dfd63098bf2b61da,e33c9dc0349d6333,VF_00007,2,train
cataract_v01,train,12_JPG_jpg.rf.4a3da4f967ba75646b3462576a97ef07.jpg,normal,C:\Personal AI & ML PROJECTS\AI IN HEALTHCARE\MY PROJECT E PAARVAI\Cataract v01.v7i.folder\train\normal\12_JPG_jpg.rf.4a3da4f967ba75646b3462576a97ef07.jpg,00b7712df5d8297abe80eb73ec25dbad7fc3920885d4c456e59f7687aaa6645c,e33c9dc0349d6333,VF_00007,2,train
cataract_v01,train,13_JPG.rf.093e5d49b020d2b30026777c246d26e9.jpg,normal,C:\Personal AI & ML PROJECTS\AI IN HEALTHCARE\MY PROJECT E PAARVAI\Cataract v01.v7i.folder\train\normal\13_JPG.rf.093e5d49b020d2b30026777c246d26e9.jpg,b9640a435940417c8f2748b35e68bee1c75b1b0204fc5e30aa2e972d016c3054,932ae975c4d646a6,VF_00008,2,train
cataract_v01,train,13_JPG.rf.f47e4a94a0eafbf25772b785d212701d.jpg,normal,C:\Personal AI & ML PROJECTS\AI IN HEALTHCARE\MY PROJECT E PAARVAI\Cataract v01.v7i.folder\train\normal\13_JPG.rf.f47e4a94a0eafbf25772b785d212701d.jpg,95f3b5c4e464b3c4ac7c739c787c75ad01582f8c0f0fc5ba00e6a140121ea2b3,932ae975c4d646a6,VF_00008,2,train
cataract_v01,train,13_JPG_jpg.rf.2729bcc21c0100efd308727608e3c1ea.jpg,normal,C:\Personal AI & ML PROJECTS\AI IN HEALTHCARE\MY PROJECT E PAARVAI\Cataract v01.v7i.folder\train\normal\13_JPG_jpg.rf.2729bcc21c0100efd308727608e3c1ea.jpg,81fca6232c543bae200d8fd41beee2db0979dd569b03fe0b48b9df4c6ac1a2f7,c67f9d20918353d3,VF_00009,2,train
cataract_v01,train,13_JPG_jpg.rf.35617e750dbf8e79e2b6d4018f4a88a6.jpg,normal,C:\Personal AI & ML PROJECTS\AI IN HEALTHCARE\MY PROJECT E PAARVAI\Cataract v01.v7i.folder\train\normal\13_JPG_jpg.rf.35617e750dbf8e79e2b6d4018f4a88a6.jpg,2ffdcf18729ab3891e70047a67783bf50bb489f9dd89afa7c28ec7397fcca361,c67f9d20918353d3,VF_00009,2,train
cataract_v01,train,14_jpg.rf.b2d7a30c2f89a7aae3aff58c22674ff6.jpg,normal,C:\Personal AI & ML PROJECTS\AI IN HEALTHCARE\MY PROJECT E PAARVAI\Cataract v01.v7i.folder\train\normal\14_jpg.rf.b2d7a30c2f89a7aae3aff58c22674ff6.jpg,c361ff148bc30f7735b4a17fb1569873ed2ed5e4a862f33e743ea4e5540bdbc7,f037cbd068cf250d,VF_00011,2,train
cataract_v01,train,14_jpg.rf.de9cb620cb327dc74bad45fdb6c2b54f.jpg,normal,C:\Personal AI & ML PROJECTS\AI IN HEALTHCARE\MY PROJECT E PAARVAI\Cataract v01.v7i.folder\train\normal\14_jpg.rf.de9cb620cb327dc74bad45fdb6c2b54f.jpg,e013e83503da05e12f42f4de1ac41acfa414a1421250a86feeda2700d96bf3e4,f037cbd068cf250d,VF_00011,2,train
cataract_v01,train,15_jpg.rf.8c45785dbc7d8d7fd4215545bf2b0d95.jpg,normal,C:\Personal AI & ML PROJECTS\AI IN HEALTHCARE\MY PROJECT E PAARVAI\Cataract v01.v7i.folder\train\normal\15_jpg.rf.8c45785dbc7d8d7fd4215545bf2b0d95.jpg,add4c61ac7a14cb903ee14aeea4a94fb99be2ae0a1567fe6222765055742c456,f03ccb8b6ccd246c,VF_00013,2,train
cataract_v01,train,15_jpg.rf.8cec9094dd84539ee119f1fded1208e2.jpg,normal,C:\Personal AI & ML PROJECTS\AI IN HEALTHCARE\MY PROJECT E PAARVAI\Cataract v01.v7i.folder\train\normal\15_jpg.rf.8cec9094dd84539ee119f1fded1208e2.jpg,d1b61666507b1ffa8e4bb728571f1428ff24b5b63afe7952a4654ae9aad940da,f03ccb8b6ccd644c,VF_00014,2,train
cataract_v01,train,15_jpg.rf.91ffaaff3d9b795ad7990994b6895ac4.jpg,normal,C:\Personal AI & ML PROJECTS\AI IN HEALTHCARE\MY PROJECT E PAARVAI\Cataract v01.v7i.folder\train\normal\15_jpg.rf.91ffaaff3d9b795ad7990994b6895ac4.jpg,4cba57fd1ae3fa8c6607fb3c30e7728220012de246c3694897ff61584a3f0784,f03ccb8b6ccd246c,VF_00013,2,train
cataract_v01,train,15_jpg.rf.98387ac68343f3934a47eef1c49ed8b9.jpg,normal,C:\Personal AI & ML PROJECTS\AI IN HEALTHCARE\MY PROJECT E PAARVAI\Cataract v01.v7i.folder\train\normal\15_jpg.rf.98387ac68343f3934a47eef1c49ed8b9.jpg,4124e7ededa96bd1c942d3bf03418b048edf7d417bbcdec31a90b634890df0c2,f03ccb8b6ccd644c,VF_00014,2,train
cataract_v01,train,16_jpg.rf.15dec0bb2c11549307ec508c93c0ed15.jpg,normal,C:\Personal AI & ML PROJECTS\AI IN HEALTHCARE\MY PROJECT E PAARVAI\Cataract v01.v7i.folder\train\normal\16_jpg.rf.15dec0bb2c11549307ec508c93c0ed15.jpg,808aec84dc4b9ad9e05459f17fd09acef11b25d845ec4ec2eb330225fc3a0c29,e7659e9478982167,VF_00015,1,train
cataract_v01,train,16_jpg.rf.59fccd29468e1fb1d612ade6f7710bc8.jpg,normal,C:\Personal AI & ML PROJECTS\AI IN HEALTHCARE\MY PROJECT E PAARVAI\Cataract v01.v7i.folder\train\normal\16_jpg.rf.59fccd29468e1fb1d612ade6f7710bc8.jpg,f59e3c7f82bfbf875b7ffbf9d36cfad8cd0fc32089c54bda1ebd2ee23fd2530d,b270cb812dcf3e32,VF_00016,1,train
cataract_v01,train,16_jpg.rf.8cfa1f9f2d265ece8996675a4e896d4f.jpg,normal,C:\Personal AI & ML PROJECTS\AI IN HEALTHCARE\MY PROJECT E PAARVAI\Cataract v01.v7i.folder\train\normal\16_jpg.rf.8cfa1f9f2d265ece8996675a4e896d4f.jpg,430641ffe769362915b5e4c83e0ef6777bbf45e659205297120e55903b895da7,b230cb892dcf3e32,VF_00017,1,train
cataract_v01,train,16_jpg.rf.9d14ab00f3bbf2f3453e22af92888c1b.jpg,normal,C:\Personal AI & ML PROJECTS\AI IN HEALTHCARE\MY PROJECT E PAARVAI\Cataract v01.v7i.folder\train\normal\16_jpg.rf.9d14ab00f3bbf2f3453e22af92888c1b.jpg,53938ced48ba68e1c93ba36678efbe2960316e0a95d26fa846af3efbc0621d82,b230cbc12dcf3e32,VF_00018,2,train
cataract_v01,train,16_jpg.rf.d19ef53f0e62dfcd6ca9da75a4e94655.jpg,normal,C:\Personal AI & ML PROJECTS\AI IN HEALTHCARE\MY PROJECT E PAARVAI\Cataract v01.v7i.folder\train\normal\16_jpg.rf.d19ef53f0e62dfcd6ca9da75a4e94655.jpg,749b7990769c2cf73ea286719b2510b7c18ed1861f2cb820c02453c86e120de8,b230cbc12dcf3e32,VF_00018,2,train
cataract_v01,train,17_jpg.rf.04a013b18b979fa2a59a8d52382c66df.jpg,normal,C:\Personal AI & ML PROJECTS\AI IN HEALTHCARE\MY PROJECT E PAARVAI\Cataract v01.v7i.folder\train\normal\17_jpg.rf.04a013b18b979fa2a59a8d52382c66df.jpg,19fe2357df09f1d3c02ceac4f50e96befb5cfd66241ca8597c790ccae2b15fdc,b04b8b356d74cc74,VF_00020,4,train
cataract_v01,train,17_jpg.rf.27c375a47af665558370583a6aea39cc.jpg,normal,C:\Personal AI & ML PROJECTS\AI IN HEALTHCARE\MY PROJECT E PAARVAI\Cataract v01.v7i.folder\train\normal\17_jpg.rf.27c375a47af665558370583a6aea39cc.jpg,f5803f24ab105eab86117acc4f8ffbdef48b3c557dd0978ec1f465db3f74e49b,b04b8b356d74cc74,VF_00020,4,train
cataract_v01,train,17_jpg.rf.784047bf7152097d84f5f1322c5a5aa3.jpg,normal,C:\Personal AI & ML PROJECTS\AI IN HEALTHCARE\MY PROJECT E PAARVAI\Cataract v01.v7i.folder\train\normal\17_jpg.rf.784047bf7152097d84f5f1322c5a5aa3.jpg,3a9a24e82fdc6495461a6b39224d7e8c8dd8bb86f059f1ba0827b7a8492f0963,b04b8b356d74cc74,VF_00020,4,train
cataract_v01,train,17_jpg.rf.c9124ca5d80c1d6cc8065cfc908c3a89.jpg,normal,C:\Personal AI & ML PROJECTS\AI IN HEALTHCARE\MY PROJECT E PAARVAI\Cataract v01.v7i.folder\train\normal\17_jpg.rf.c9124ca5d80c1d6cc8065cfc908c3a89.jpg,d97a4720fdc7d31734772b69e61e0626c40cae6ae1d005a848e20254c260f101,b04b8b356d74cc74,VF_00020,4,train
cataract_v01,train,18_jpg.rf.036af54311dd58ba2fe21ec0b3210c7f.jpg,normal,C:\Personal AI & ML PROJECTS\AI IN HEALTHCARE\MY PROJECT E PAARVAI\Cataract v01.v7i.folder\train\normal\18_jpg.rf.036af54311dd58ba2fe21ec0b3210c7f.jpg,4c6294905b90983d69169b053477d56b0f50574df07c2b1bcc553faa860a6235,b4cacb2d2d353632,VF_00022,4,train
cataract_v01,train,18_jpg.rf.1ae4631cf75b0084f569579e01ccd0e8.jpg,normal,C:\Personal AI & ML PROJECTS\AI IN HEALTHCARE\MY PROJECT E PAARVAI\Cataract v01.v7i.folder\train\normal\18_jpg.rf.1ae4631cf75b0084f569579e01ccd0e8.jpg,822475bf1b0812c9e8105c214a53f841fcaa0e81b3b09c957abcc6f22cbad8c4,e19d9e7878606366,VF_00023,2,train
cataract_v01,train,18_jpg.rf.ab5939cd1501e68448a076e06ffefb63.jpg,normal,C:\Personal AI & ML PROJECTS\AI IN HEALTHCARE\MY PROJECT E PAARVAI\Cataract v01.v7i.folder\train\normal\18_jpg.rf.ab5939cd1501e68448a076e06ffefb63.jpg,d1eba6eefc195b7a1179fdd950781d237300859c5ef6dcf13184000de439ba47,b4cacb2d2d353632,VF_00022,4,train
cataract_v01,train,18_jpg.rf.bcaf21d1b328ccbe77fd3ab0fd9aa789.jpg,normal,C:\Personal AI & ML PROJECTS\AI IN HEALTHCARE\MY PROJECT E PAARVAI\Cataract v01.v7i.folder\train\normal\18_jpg.rf.bcaf21d1b328ccbe77fd3ab0fd9aa789.jpg,b738ac15c5a100ab960f40868e5c4abe98cc380dd4d836cb3145149af35415db,b4cacb2d2d353632,VF_00022,4,train
cataract_v01,train,18_jpg.rf.be4853471219b0126d2c5bacc9c5a1ff.jpg,normal,C:\Personal AI & ML PROJECTS\AI IN HEALTHCARE\MY PROJECT E PAARVAI\Cataract v01.v7i.folder\train\normal\18_jpg.rf.be4853471219b0126d2c5bacc9c5a1ff.jpg,48a09975ad9e4c2f860f9f99a93ac83dc72760409db385083a562c1a51c8ea6d,e19d9e7878606366,VF_00023,2,train
cataract_v01,train,18_jpg.rf.eae5f0dc9701743c40e55e15da0b60dd.jpg,normal,C:\Personal AI & ML PROJECTS\AI IN HEALTHCARE\MY PROJECT E PAARVAI\Cataract v01.v7i.folder\train\normal\18_jpg.rf.eae5f0dc9701743c40e55e15da0b60dd.jpg,521d4354b5b26082c35d022a9f7ffdc9b3c58c4dc0f0e234cdc6efaf88abefd4,b4cacb2d2d353632,VF_00022,4,train
cataract_v01,train,19_jpg.rf.0d3ec488cf643a55e7ae3b17638a1612.jpg,normal,C:\Personal AI & ML PROJECTS\AI IN HEALTHCARE\MY PROJECT E PAARVAI\Cataract v01.v7i.folder\train\normal\19_jpg.rf.0d3ec488cf643a55e7ae3b17638a1612.jpg,3e3400bb039048e4e44b6a01ef96bd6a88400f2089249ffd19b3347bbdc6c523,e11f9e7d18706171,VF_00024,2,train
cataract_v01,train,19_jpg.rf.3024428f960f69c900fa983d9a400c04.jpg,normal,C:\Personal AI & ML PROJECTS\AI IN HEALTHCARE\MY PROJECT E PAARVAI\Cataract v01.v7i.folder\train\normal\19_jpg.rf.3024428f960f69c900fa983d9a400c04.jpg,b5f5173843112031aa574b2c1b841e392c5bac9ffe0aefebd812d498437952c4,b44acba86d357436,VF_00025,4,train
cataract_v01,train,19_jpg.rf.425deba2470b92eabe048de9f30107f5.jpg,normal,C:\Personal AI & ML PROJECTS\AI IN HEALTHCARE\MY PROJECT E PAARVAI\Cataract v01.v7i.folder\train\normal\19_jpg.rf.425deba2470b92eabe048de9f30107f5.jpg,893649a97b91fdc2d0e91a8ffe39e6cfc061c16b3879c8fc7e0cf75da16b07fd,b44acba86d357436,VF_00025,4,train
cataract_v01,train,19_jpg.rf.4ea88e67d5145f485e5dbbb2705e9450.jpg,normal,C:\Personal AI & ML PROJECTS\AI IN HEALTHCARE\MY PROJECT E PAARVAI\Cataract v01.v7i.folder\train\normal\19_jpg.rf.4ea88e67d5145f485e5dbbb2705e9450.jpg,08b63a845cdfb67bf70b15e0be5b76d65b15afa32163bb1882e48a9cc355ecef,b44acba86d357436,VF_00025,4,train
cataract_v01,train,19_jpg.rf.60a1de60cc07943169132a1bb68e81e2.jpg,normal,C:\Personal AI & ML PROJECTS\AI IN HEALTHCARE\MY PROJECT E PAARVAI\Cataract v01.v7i.folder\train\normal\19_jpg.rf.60a1de60cc07943169132a1bb68e81e2.jpg,37dbb828e0dd0ca3705f771192854a3e9b1d233c9b47b9f2d1ee42395238a4f1,e11f9e7d18706171,VF_00024,2,train
cataract_v01,train,19_jpg.rf.9ef3ef0819c7445959c2bfa888e06bfc.jpg,normal,C:\Personal AI & ML PROJECTS\AI IN HEALTHCARE\MY PROJECT E PAARVAI\Cataract v01.v7i.folder\train\normal\19_jpg.rf.9ef3ef0819c7445959c2bfa888e06bfc.jpg,061bb9765dbbf84b280ff81e8cacbf8323f9048f403710a780beba7be54c0cac,b44acba86d357436,VF_00025,4,train
cataract_v01,train,1_JPG_jpg.rf.5972613dfa2f3443c5509f0859e9962f.jpg,normal,C:\Personal AI & ML PROJECTS\AI IN HEALTHCARE\MY PROJECT E PAARVAI\Cataract v01.v7i.folder\train\normal\1_JPG_jpg.rf.5972613dfa2f3443c5509f0859e9962f.jpg,29851fab4c9d9656ec292d11b8f581da284e07fe3e9095f6da4aed32ed069ca1,e30dcdbce0d0270f,VF_00027,2,train
cataract_v01,train,1_JPG_jpg.rf.d05e41d6894cc414d86e71d90d0a61e1.jpg,normal,C:\Personal AI & ML PROJECTS\AI IN HEALTHCARE\MY PROJECT E PAARVAI\Cataract v01.v7i.folder\train\normal\1_JPG_jpg.rf.d05e41d6894cc414d86e71d90d0a61e1.jpg,8cc989569fbcabbeba5a7fd2585132d1b12e8bdd2f55e538616c5d9f5496aeda,e30dcdbce0d0270f,VF_00027,2,train
cataract_v01,train,20_jpg.rf.6173bf1532620670487ee0a88464e5b8.jpg,normal,C:\Personal AI & ML PROJECTS\AI IN HEALTHCARE\MY PROJECT E PAARVAI\Cataract v01.v7i.folder\train\normal\20_jpg.rf.6173bf1532620670487ee0a88464e5b8.jpg,649e74b350990643e975a7b8c1e0e872e348f09dc472e557f30e41bdaed5eb0b,e1599efe68f02341,VF_00028,5,train
cataract_v01,train,20_jpg.rf.a550539c2dbd17c6cb307efd0a93bc8b.jpg,normal,C:\Personal AI & ML PROJECTS\AI IN HEALTHCARE\MY PROJECT E PAARVAI\Cataract v01.v7i.folder\train\normal\20_jpg.rf.a550539c2dbd17c6cb307efd0a93bc8b.jpg,74f4cbe8613fc5af7316857951d2e5ef3f66b6be0510288941b8beb00a4bca8f,e1599efe68f02341,VF_00028,5,train
cataract_v01,train,20_jpg.rf.d65bd06160bc61fa33b223a4bc717f13.jpg,normal,C:\Personal AI & ML PROJECTS\AI IN HEALTHCARE\MY PROJECT E PAARVAI\Cataract v01.v7i.folder\train\normal\20_jpg.rf.d65bd06160bc61fa33b223a4bc717f13.jpg,218321a17f19e0f0a10457969d1aa494fdd2fc9766cfd1bdd8594f133a7eddf2,e1599efe68f02341,VF_00028,5,train
cataract_v01,train,20_jpg.rf.d87ef8039b4dc95a1bb7a7f950c94c12.jpg,normal,C:\Personal AI & ML PROJECTS\AI IN HEALTHCARE\MY PROJECT E PAARVAI\Cataract v01.v7i.folder\train\normal\20_jpg.rf.d87ef8039b4dc95a1bb7a7f950c94c12.jpg,48b60af9b46e13fd6701c6f5e1eaa50a254ac29ec44ef03d3589f7e9842fe86c,b40ccbab3da57614,VF_00029,1,train
cataract_v01,train,20_jpg.rf.ec51863dc1b9fd558ab396e5bf57f877.jpg,normal,C:\Personal AI & ML PROJECTS\AI IN HEALTHCARE\MY PROJECT E PAARVAI\Cataract v01.v7i.folder\train\normal\20_jpg.rf.ec51863dc1b9fd558ab396e5bf57f877.jpg,15c607fe66a65ec68205b39c0a3ab09ca1d4d22e4b6100185951d2ff16297d38,b408cbab3dad7614,VF_00030,1,train
cataract_v01,train,20_jpg.rf.f0051f276881ef6f3e0d9368bcea6bf4.jpg,normal,C:\Personal AI & ML PROJECTS\AI IN HEALTHCARE\MY PROJECT E PAARVAI\Cataract v01.v7i.folder\train\normal\20_jpg.rf.f0051f276881ef6f3e0d9368bcea6bf4.jpg,e3d1c26ad66197f7bb7aa87dbe11ff39aee2d5a4eaecda7301d4f9b14bc07abe,e1599efe68f02341,VF_00028,5,train
cataract_v01,train,21_JPG.rf.39e973e8ff21c4d1e3cd693583c3ab03.jpg,normal,C:\Personal AI & ML PROJECTS\AI IN HEALTHCARE\MY PROJECT E PAARVAI\Cataract v01.v7i.folder\train\normal\21_JPG.rf.39e973e8ff21c4d1e3cd693583c3ab03.jpg,06372e614109158c169d1a3e2b43cfd9848ed7c49836a5e4f258ca5317f51810,d74a9a646187639e,VF_00031,4,train
cataract_v01,train,21_JPG.rf.6f3ad75865ea5aa2578152f74689b94b.jpg,normal,C:\Personal AI & ML PROJECTS\AI IN HEALTHCARE\MY PROJECT E PAARVAI\Cataract v01.v7i.folder\train\normal\21_JPG.rf.6f3ad75865ea5aa2578152f74689b94b.jpg,520c5e179ec63854b211290492d93daa992edd4ad52824da22a1b1ae449b45ae,d74a9a646187639e,VF_00031,4,train
cataract_v01,train,21_JPG_jpg.rf.76df99fbfeb6048636b6e3400e820359.jpg,normal,C:\Personal AI & ML PROJECTS\AI IN HEALTHCARE\MY PROJECT E PAARVAI\Cataract v01.v7i.folder\train\normal\21_JPG_jpg.rf.76df99fbfeb6048636b6e3400e820359.jpg,572fd7e05e669a7e2275c4fc326d6be9178a083f85c03edf4d2396725ebccc53,821fcf3134d236cb,VF_00032,2,train
cataract_v01,train,21_JPG_jpg.rf.91212178bceec10c4dda7426f67c0e4e.jpg,normal,C:\Personal AI & ML PROJECTS\AI IN HEALTHCARE\MY PROJECT E PAARVAI\Cataract v01.v7i.folder\train\normal\21_JPG_jpg.rf.91212178bceec10c4dda7426f67c0e4e.jpg,4958b1221474a6c64d21a22fbe86cf086618895e673de842be1938b5d9f5ca93,d74a9a646187639e,VF_00031,4,train
cataract_v01,train,21_JPG_jpg.rf.9e9dcdb5b60b2dfe10dec09dbafd96b6.jpg,normal,C:\Personal AI & ML PROJECTS\AI IN HEALTHCARE\MY PROJECT E PAARVAI\Cataract v01.v7i.folder\train\normal\21_JPG_jpg.rf.9e9dcdb5b60b2dfe10dec09dbafd96b6.jpg,63e14290d5baab06b06efbccff9eced0c0128d4197cb22f9d40a78c1126d16cd,d74a9a646187639e,VF_00031,4,train
cataract_v01,train,21_JPG_jpg.rf.b0d3b924c903fd51a87c5c39f968405f.jpg,normal,C:\Personal AI & ML PROJECTS\AI IN HEALTHCARE\MY PROJECT E PAARVAI\Cataract v01.v7i.folder\train\normal\21_JPG_jpg.rf.b0d3b924c903fd51a87c5c39f968405f.jpg,ba808d34fcdc725e604d93ef04d42478f7986dd5813b00c177cc783efc1761da,821fcf3134d236cb,VF_00032,2,train
cataract_v01,train,22_jpg.rf.2a610eb2b355d0084aac3fe18030ddda.jpg,normal,C:\Personal AI & ML PROJECTS\AI IN HEALTHCARE\MY PROJECT E PAARVAI\Cataract v01.v7i.folder\train\normal\22_jpg.rf.2a610eb2b355d0084aac3fe18030ddda.jpg,2cf874647e769ba24280eeea74b9c61ab0426863f6ae53b7f04356ded11a1928,b40a8f3d3c363633,VF_00033,4,train
cataract_v01,train,22_jpg.rf.573d17e0b99a9fd9f5de14e3eb7e45f6.jpg,normal,C:\Personal AI & ML PROJECTS\AI IN HEALTHCARE\MY PROJECT E PAARVAI\Cataract v01.v7i.folder\train\normal\22_jpg.rf.573d17e0b99a9fd9f5de14e3eb7e45f6.jpg,63d3fe7514847fd1ea9e7a142efbc6b4c491e6196c2358cd002dc93bc28f96d4,b40a8f3d3c363633,VF_00033,4,train
cataract_v01,train,22_jpg.rf.797338c952902aea5dc0eaeef8ee5a0b.jpg,normal,C:\Personal AI & ML PROJECTS\AI IN HEALTHCARE\MY PROJECT E PAARVAI\Cataract v01.v7i.folder\train\normal\22_jpg.rf.797338c952902aea5dc0eaeef8ee5a0b.jpg,385be9edbc48417a216450c920d7716b5c94422b845f7bb85b799a7d75dc9e05,e15fda6069616366,VF_00034,2,train
cataract_v01,train,22_jpg.rf.abed417858075d1c672a97dc57fe9cb9.jpg,normal,C:\Personal AI & ML PROJECTS\AI IN HEALTHCARE\MY PROJECT E PAARVAI\Cataract v01.v7i.folder\train\normal\22_jpg.rf.abed417858075d1c672a97dc57fe9cb9.jpg,4f80595833d41f5cf6774cb3c24afa49db0522baa93de69f0172f5914792a042,b40a8f3d3c363633,VF_00033,4,train
cataract_v01,train,22_jpg.rf.b3f938d19fd8e165beadce8fcaa167c0.jpg,normal,C:\Personal AI & ML PROJECTS\AI IN HEALTHCARE\MY PROJECT E PAARVAI\Cataract v01.v7i.folder\train\normal\22_jpg.rf.b3f938d19fd8e165beadce8fcaa167c0.jpg,3a7ebf5e0921618471969f9e9aebb720708edf43cfd5a9529f279c4de95b6232,e15fda6069616366,VF_00034,2,train
cataract_v01,train,22_jpg.rf.ba0f90eb202762e1dae15e3b50d12d7d.jpg,normal,C:\Personal AI & ML PROJECTS\AI IN HEALTHCARE\MY PROJECT E PAARVAI\Cataract v01.v7i.folder\train\normal\22_jpg.rf.ba0f90eb202762e1dae15e3b50d12d7d.jpg,0dce4337964e0cf96cc7eaaff61007938116e9cd953430bfbe20a6bddd5b474d,b40a8f3d3c363633,VF_00033,4,train
cataract_v01,train,23_JPG.rf.086d312996b30ee8984fd131db2d28e8.jpg,normal,C:\Personal AI & ML PROJECTS\AI IN HEALTHCARE\MY PROJECT E PAARVAI\Cataract v01.v7i.folder\train\normal\23_JPG.rf.086d312996b30ee8984fd131db2d28e8.jpg,48e6f44cb49b1a802dba68640ad1e4ae483c7997a2f2d6fb5474aa2d9a1f0970,b44bcb2576363833,VF_00035,4,train
cataract_v01,train,23_JPG.rf.1e177a8fb15fc7d13e351209a56ecc9b.jpg,normal,C:\Personal AI & ML PROJECTS\AI IN HEALTHCARE\MY PROJECT E PAARVAI\Cataract v01.v7i.folder\train\normal\23_JPG.rf.1e177a8fb15fc7d13e351209a56ecc9b.jpg,4f82c373b23131c53ca56238d462a5b9071bc6075ff33fa9c3e7932308e05a09,b44bcb2576363833,VF_00035,4,train
cataract_v01,train,23_JPG_jpg.rf.1731e5f174567a968fc66440ac3aaf98.jpg,normal,C:\Personal AI & ML PROJECTS\AI IN HEALTHCARE\MY PROJECT E PAARVAI\Cataract v01.v7i.folder\train\normal\23_JPG_jpg.rf.1731e5f174567a968fc66440ac3aaf98.jpg,6b13e5ff3f27f608babab2d5eb9489944fc6f1ae2db7834dff169d2fc779128d,b44bcb2576363833,VF_00035,4,train
cataract_v01,train,23_JPG_jpg.rf.d29307704b5b293bf6cd961ca385edd4.jpg,normal,C:\Personal AI & ML PROJECTS\AI IN HEALTHCARE\MY PROJECT E PAARVAI\Cataract v01.v7i.folder\train\normal\23_JPG_jpg.rf.d29307704b5b293bf6cd961ca385edd4.jpg,f71cbea63032fc16cd45b87a413f9cf1a5ab5915a648564daeab60b69a9563e0,b44bcb2576363833,VF_00035,4,train
cataract_v01,train,24_jpg.rf.0e73fb57b7df8fa26d42d932c63a8bba.jpg,normal,C:\Personal AI & ML PROJECTS\AI IN HEALTHCARE\MY PROJECT E PAARVAI\Cataract v01.v7i.folder\train\normal\24_jpg.rf.0e73fb57b7df8fa26d42d932c63a8bba.jpg,1d817f94cde7f70ec90ac2e08bb53f3ebffb00f2197d7f4885d704fcebba6678,f4cbcb2d2c343433,VF_00037,3,train
cataract_v01,train,24_jpg.rf.1c51b015a4d607052251c0f3cb64802a.jpg,normal,C:\Personal AI & ML PROJECTS\AI IN HEALTHCARE\MY PROJECT E PAARVAI\Cataract v01.v7i.folder\train\normal\24_jpg.rf.1c51b015a4d607052251c0f3cb64802a.jpg,3665fa7d49d44019b50b95ef16f27337be9270f651fe339f675497b07f3a2877,f4cbcb2d2c343433,VF_00037,3,train
cataract_v01,train,24_jpg.rf.4e7c2f409832fc17ba125bfea258c6ad.jpg,normal,C:\Personal AI & ML PROJECTS\AI IN HEALTHCARE\MY PROJECT E PAARVAI\Cataract v01.v7i.folder\train\normal\24_jpg.rf.4e7c2f409832fc17ba125bfea258c6ad.jpg,1e4b8d598e0f9cb69f12261249d1b4df62943f9cead486aac2fe4981a0d2ca94,a19e9e7859616167,VF_00038,2,train
cataract_v01,train,24_jpg.rf.5d3541b12c03bde2e3546dd1eb59008b.jpg,normal,C:\Personal AI & ML PROJECTS\AI IN HEALTHCARE\MY PROJECT E PAARVAI\Cataract v01.v7i.folder\train\normal\24_jpg.rf.5d3541b12c03bde2e3546dd1eb59008b.jpg,7f252617a06c072f4001a434bddda9aee4e647d87ea200ce998f39c74f006816,f4cbcb2d2c343433,VF_00037,3,train
cataract_v01,train,24_jpg.rf.9190c262d6adbdcadb28b3bff4835fbd.jpg,normal,C:\Personal AI & ML PROJECTS\AI IN HEALTHCARE\MY PROJECT E PAARVAI\Cataract v01.v7i.folder\train\normal\24_jpg.rf.9190c262d6adbdcadb28b3bff4835fbd.jpg,491f1fe97c2d0f705e49b220f4cbdb43e17f73723408860ae4c400d830fd4d67,a19e9e7859616167,VF_00038,2,train
cataract_v01,train,25_jpg.rf.826a6a8aba3505a93420de40b94af29d.jpg,normal,C:\Personal AI & ML PROJECTS\AI IN HEALTHCARE\MY PROJECT E PAARVAI\Cataract v01.v7i.folder\train\normal\25_jpg.rf.826a6a8aba3505a93420de40b94af29d.jpg,f3986d69a394fb216a0e98bbe78b22302276cffc609b4a7d4823645b84adf24b,f220cf8b6ccc743c,VF_00040,3,train
cataract_v01,train,25_jpg.rf.d6e1824c09a7b5650e223d744f37cd8a.jpg,normal,C:\Personal AI & ML PROJECTS\AI IN HEALTHCARE\MY PROJECT E PAARVAI\Cataract v01.v7i.folder\train\normal\25_jpg.rf.d6e1824c09a7b5650e223d744f37cd8a.jpg,4bd6b33186a65bd6e75519df78c107d7e647c90a1f8e919fcc83729357643cde,f220cf8b6ccc743c,VF_00040,3,train
cataract_v01,train,26_jpg.rf.273365fb82015079d33ab37e200a3a39.jpg,normal,C:\Personal AI & ML PROJECTS\AI IN HEALTHCARE\MY PROJECT E PAARVAI\Cataract v01.v7i.folder\train\normal\26_jpg.rf.273365fb82015079d33ab37e200a3a39.jpg,65f4ecb37ea746c20796e85c58b97b0c579e0e1cee3d87b8c17dccc1f01926c4,f213cff56cd43082,VF_00041,2,train
cataract_v01,train,26_jpg.rf.619c8a38583e7cfe02d702b0c6239e2a.jpg,normal,C:\Personal AI & ML PROJECTS\AI IN HEALTHCARE\MY PROJECT E PAARVAI\Cataract v01.v7i.folder\train\normal\26_jpg.rf.619c8a38583e7cfe02d702b0c6239e2a.jpg,b534be1bff743a304ce12932dbd42fe05076250bd673f5adac3eaefc851f2aa6,a7479aa0399165d7,VF_00042,4,train
cataract_v01,train,26_jpg.rf.8f54b0237f7b92de5f628f38b07c48ea.jpg,normal,C:\Personal AI & ML PROJECTS\AI IN HEALTHCARE\MY PROJECT E PAARVAI\Cataract v01.v7i.folder\train\normal\26_jpg.rf.8f54b0237f7b92de5f628f38b07c48ea.jpg,572e13a502c22f4df32d9e5e842b8f6faaef0209173a7bdec5501de45c9cbd92,a7479aa0399165d7,VF_00042,4,train
cataract_v01,train,26_jpg.rf.cabe590cc7affa5d285dde3a026169b8.jpg,normal,C:\Personal AI & ML PROJECTS\AI IN HEALTHCARE\MY PROJECT E PAARVAI\Cataract v01.v7i.folder\train\normal\26_jpg.rf.cabe590cc7affa5d285dde3a026169b8.jpg,d4aacede05a61bb065ad9cb0feee2e8693d7517def2c72f88e49892940f6274b,a7479aa0399165d7,VF_00042,4,train
cataract_v01,train,26_jpg.rf.d6b1403129f6a1d08b61aa4552e62db4.jpg,normal,C:\Personal AI & ML PROJECTS\AI IN HEALTHCARE\MY PROJECT E PAARVAI\Cataract v01.v7i.folder\train\normal\26_jpg.rf.d6b1403129f6a1d08b61aa4552e62db4.jpg,9cc3e6e45a16a192b98d7c7bae09c038e1baa83f893d0b3e21afac96ae73c8c7,f213cff56cd43082,VF_00041,2,train
cataract_v01,train,26_jpg.rf.deff6d9d80219f477cef2f727a96fe3b.jpg,normal,C:\Personal AI & ML PROJECTS\AI IN HEALTHCARE\MY PROJECT E PAARVAI\Cataract v01.v7i.folder\train\normal\26_jpg.rf.deff6d9d80219f477cef2f727a96fe3b.jpg,ce4243a454a76d495b130961b057a6238300e44e56c359d9c8b3bb3bf75ccdcc,a7479aa0399165d7,VF_00042,4,train
cataract_v01,train,27_jpg.rf.a92ef485dc9b4ec11a1ce98f386dbb50.jpg,normal,C:\Personal AI & ML PROJECTS\AI IN HEALTHCARE\MY PROJECT E PAARVAI\Cataract v01.v7i.folder\train\normal\27_jpg.rf.a92ef485dc9b4ec11a1ce98f386dbb50.jpg,dbb0f2a61d3012bfafe18f755b4f1b7293b6e6124d45c79b8ede1890dd0e214d,f0608f070ddf3d1c,VF_00044,2,train
cataract_v01,train,27_jpg.rf.e261ac8df8b2bb9c933a647e71b90085.jpg,normal,C:\Personal AI & ML PROJECTS\AI IN HEALTHCARE\MY PROJECT E PAARVAI\Cataract v01.v7i.folder\train\normal\27_jpg.rf.e261ac8df8b2bb9c933a647e71b90085.jpg,591a77dce5c73f07fd72397de43df25c3090b0808d0ceba287c1437f0ab29447,f0608f070ddf3d1c,VF_00044,2,train
cataract_v01,train,28_jpg.rf.052c0b395160e2ebcce4060addbf33aa.jpg,normal,C:\Personal AI & ML PROJECTS\AI IN HEALTHCARE\MY PROJECT E PAARVAI\Cataract v01.v7i.folder\train\normal\28_jpg.rf.052c0b395160e2ebcce4060addbf33aa.jpg,e0f3c60db730b10e71a6e7ab39d157d218227fd7e7ccb4819cd032627483c461,b42a8a373d9b34ac,VF_00045,4,train
cataract_v01,train,28_jpg.rf.4d69295e48b410045738dee7c4c5fca9.jpg,normal,C:\Personal AI & ML PROJECTS\AI IN HEALTHCARE\MY PROJECT E PAARVAI\Cataract v01.v7i.folder\train\normal\28_jpg.rf.4d69295e48b410045738dee7c4c5fca9.jpg,551e58b9945edee06815d44f6aa07f3b8759511fab391602d7e970d6fd68dbd0,b42a8a373d9b34ac,VF_00045,4,train
cataract_v01,train,28_jpg.rf.7685c85c28860bd8745a1df2d3e842a8.jpg,normal,C:\Personal AI & ML PROJECTS\AI IN HEALTHCARE\MY PROJECT E PAARVAI\Cataract v01.v7i.folder\train\normal\28_jpg.rf.7685c85c28860bd8745a1df2d3e842a8.jpg,a0bc30426afdd82471fb47f6d4e7317b006371c213795d87613ddd04ab47d33d,e16fdf62688c21b8,VF_00046,2,train
cataract_v01,train,28_jpg.rf.84d01d1625bb9a00c874fb66fdd5ea82.jpg,normal,C:\Personal AI & ML PROJECTS\AI IN HEALTHCARE\MY PROJECT E PAARVAI\Cataract v01.v7i.folder\train\normal\28_jpg.rf.84d01d1625bb9a00c874fb66fdd5ea82.jpg,cb364ef422f075f6d472a5ae3b0967b65e3dc1a04a4305d6eb68fca6e43bf8a9,e16fdf62688c21b8,VF_00046,2,train
cataract_v01,train,28_jpg.rf.906502d37bf5a49f9e792b0d584e7091.jpg,normal,C:\Personal AI & ML PROJECTS\AI IN HEALTHCARE\MY PROJECT E PAARVAI\Cataract v01.v7i.folder\train\normal\28_jpg.rf.906502d37bf5a49f9e792b0d584e7091.jpg,70d95a70a062f0d48f8bd6b8d6678d4c3b51dfeda76c119b51ba7eb03921108e,b42a8a373d9b34ac,VF_00045,4,train
cataract_v01,train,28_jpg.rf.96e9b350073351206a8d03098f310025.jpg,normal,C:\Personal AI & ML PROJECTS\AI IN HEALTHCARE\MY PROJECT E PAARVAI\Cataract v01.v7i.folder\train\normal\28_jpg.rf.96e9b350073351206a8d03098f310025.jpg,e177f313993a6639073437fce8f0c684852f468d783891beb5ce7519b9b0d6ac,b42a8a373d9b34ac,VF_00045,4,train
cataract_v01,train,29_jpg.rf.6240408cfc1740425034e3759bcef33d.jpg,normal,C:\Personal AI & ML PROJECTS\AI IN HEALTHCARE\MY PROJECT E PAARVAI\Cataract v01.v7i.folder\train\normal\29_jpg.rf.6240408cfc1740425034e3759bcef33d.jpg,13ca31487639c4d13e1e027616d8f7bd856b050e19aff98c0eba0f6db046b5cf,f45dcb72486b01ec,VF_00047,5,train
cataract_v01,train,29_jpg.rf.81d9d9555badc1cdaa6eda08dd255a8a.jpg,normal,C:\Personal AI & ML PROJECTS\AI IN HEALTHCARE\MY PROJECT E PAARVAI\Cataract v01.v7i.folder\train\normal\29_jpg.rf.81d9d9555badc1cdaa6eda08dd255a8a.jpg,f3b603cbeea5d8d700fedaf745634a9a0422480151b3486e4f4143eca2916af4,a1089e273dbe54b9,VF_00048,2,train
cataract_v01,train,29_jpg.rf.db59e7db54faa03066c3cac192b3de85.jpg,normal,C:\Personal AI & ML PROJECTS\AI IN HEALTHCARE\MY PROJECT E PAARVAI\Cataract v01.v7i.folder\train\normal\29_jpg.rf.db59e7db54faa03066c3cac192b3de85.jpg,04bba57363ee52bafe0897ae90099e56837ffa9f1251643eb5fade578cb87de6,f45dcb72486b01ec,VF_00047,5,train
cataract_v01,train,29_jpg.rf.e43609e3c2cdcc663ffec00dcb788088.jpg,normal,C:\Personal AI & ML PROJECTS\AI IN HEALTHCARE\MY PROJECT E PAARVAI\Cataract v01.v7i.folder\train\normal\29_jpg.rf.e43609e3c2cdcc663ffec00dcb788088.jpg,7678b47a61e27b9d27ae126d229aa68c54f6167b1d5cf8424847322b7dbd43b2,f45dcb72486b01ec,VF_00047,5,train
cataract_v01,train,29_jpg.rf.e7150c7d3f8508d15431cc7faa8af068.jpg,normal,C:\Personal AI & ML PROJECTS\AI IN HEALTHCARE\MY PROJECT E PAARVAI\Cataract v01.v7i.folder\train\normal\29_jpg.rf.e7150c7d3f8508d15431cc7faa8af068.jpg,50d5485aa1e4023e0d35ab694daa45e650bc774344891e98f23dd51578d92ed6,f45dcb72486b01ec,VF_00047,5,train
cataract_v01,train,29_jpg.rf.fd66a13c8d1257c7574ce8987521ee74.jpg,normal,C:\Personal AI & ML PROJECTS\AI IN HEALTHCARE\MY PROJECT E PAARVAI\Cataract v01.v7i.folder\train\normal\29_jpg.rf.fd66a13c8d1257c7574ce8987521ee74.jpg,dc4b6d349307677c0e86b820647e4e6463e10896d0690bbe142ca285e071ff8e,a1089e273dbe54b9,VF_00048,2,train
cataract_v01,train,30_jpg.rf.0087e0a9d5be20398a83424826206c5d.jpg,normal,C:\Personal AI & ML PROJECTS\AI IN HEALTHCARE\MY PROJECT E PAARVAI\Cataract v01.v7i.folder\train\normal\30_jpg.rf.0087e0a9d5be20398a83424826206c5d.jpg,81f883af671e405f356f8e95e326621242b6d5d190d99fc70c12d95b26032869,b024cb976ddc7434,VF_00052,4,train
cataract_v01,train,30_jpg.rf.9519621adf05d11d1a6814ed33d54a64.jpg,normal,C:\Personal AI & ML PROJECTS\AI IN HEALTHCARE\MY PROJECT E PAARVAI\Cataract v01.v7i.folder\train\normal\30_jpg.rf.9519621adf05d11d1a6814ed33d54a64.jpg,61c7849adc1dc950b21cf9cb0a4c9acf0a46c79d8637ada4878e1172b24279a6,e5759ec679892161,VF_00053,2,train
cataract_v01,train,30_jpg.rf.afd29ba194f690036aae28b436bf2537.jpg,normal,C:\Personal AI & ML PROJECTS\AI IN HEALTHCARE\MY PROJECT E PAARVAI\Cataract v01.v7i.folder\train\normal\30_jpg.rf.afd29ba194f690036aae28b436bf2537.jpg,93d76cc8e1d3877ab96f16539365e9f9f14755ab5792268e196fa3c4bea0f308,b024cb976ddc7434,VF_00052,4,train
cataract_v01,train,30_jpg.rf.c0ddfe6e59e57b7021b40ae3f5964277.jpg,normal,C:\Personal AI & ML PROJECTS\AI IN HEALTHCARE\MY PROJECT E PAARVAI\Cataract v01.v7i.folder\train\normal\30_jpg.rf.c0ddfe6e59e57b7021b40ae3f5964277.jpg,5675ffd6d32dd58ebb429722c72474876fcb1da7436405434f07007ff63653ec,b024cb976ddc7434,VF_00052,4,train
cataract_v01,train,30_jpg.rf.dbbdfcf35fb6de7de564b95e8dff3d3c.jpg,normal,C:\Personal AI & ML PROJECTS\AI IN HEALTHCARE\MY PROJECT E PAARVAI\Cataract v01.v7i.folder\train\normal\30_jpg.rf.dbbdfcf35fb6de7de564b95e8dff3d3c.jpg,8801e3ff7f8abf1ee4bc72dc5a8731bb88168580fb4aed7e054e140a66212d50,b024cb976ddc7434,VF_00052,4,train
cataract_v01,train,30_jpg.rf.e67530c86328bf3b3a48b6276ec50cf9.jpg,normal,C:\Personal AI & ML PROJECTS\AI IN HEALTHCARE\MY PROJECT E PAARVAI\Cataract v01.v7i.folder\train\normal\30_jpg.rf.e67530c86328bf3b3a48b6276ec50cf9.jpg,88d48042c47720738ed919987760c209b4d39968bc4de5b24f830feb2afa3c46,e5759ec679892161,VF_00053,2,train
cataract_v01,train,3_JPG.rf.6dd093747cd1a35e1ccb4ca6866b2376.jpg,normal,C:\Personal AI & ML PROJECTS\AI IN HEALTHCARE\MY PROJECT E PAARVAI\Cataract v01.v7i.folder\train\normal\3_JPG.rf.6dd093747cd1a35e1ccb4ca6866b2376.jpg,b6598638b45c42ff4a38b9d1fd7305e3a201ad6c51c50846d7fe75b6abaa4669,b074cfe384859a9e,VF_00054,4,train
cataract_v01,train,3_JPG.rf.ad1660d1e186cd1b1a39425fa7942b40.jpg,normal,C:\Personal AI & ML PROJECTS\AI IN HEALTHCARE\MY PROJECT E PAARVAI\Cataract v01.v7i.folder\train\normal\3_JPG.rf.ad1660d1e186cd1b1a39425fa7942b40.jpg,b37941391c12e36b3fac03618bc81d3cd4ce5e8fefa1ac8bfb85dfe651c6fed5,b074cfe384859a9e,VF_00054,4,train
cataract_v01,train,3_JPG_jpg.rf.3e13e998cb5cfe433945bfbc355a68bc.jpg,normal,C:\Personal AI & ML PROJECTS\AI IN HEALTHCARE\MY PROJECT E PAARVAI\Cataract v01.v7i.folder\train\normal\3_JPG_jpg.rf.3e13e998cb5cfe433945bfbc355a68bc.jpg,8dad28a84fada4434047585ccf0fc33e3388591ff328910facef8689400b5d77,b074cfe384859a9e,VF_00054,4,train
cataract_v01,train,3_JPG_jpg.rf.e8cbeabe8ff17da6d617c398643c7c6c.jpg,normal,C:\Personal AI & ML PROJECTS\AI IN HEALTHCARE\MY PROJECT E PAARVAI\Cataract v01.v7i.folder\train\normal\3_JPG_jpg.rf.e8cbeabe8ff17da6d617c398643c7c6c.jpg,ab0ae241fc1b31769fd4a17a417049a681fcca3b1667b31d719ef2b4200be72c,b074cfe384859a9e,VF_00054,4,train
cataract_v01,train,4_JPG_jpg.rf.278cd69466dc7178ba0d90ca5ad31f24.jpg,normal,C:\Personal AI & ML PROJECTS\AI IN HEALTHCARE\MY PROJECT E PAARVAI\Cataract v01.v7i.folder\train\normal\4_JPG_jpg.rf.278cd69466dc7178ba0d90ca5ad31f24.jpg,87f60bb4f0def1bd93cdad9ac5fbf3a926afde9e612b5081373f02f6fb635ccb,e00d97773a62d8cc,VF_00056,2,train
cataract_v01,train,4_JPG_jpg.rf.85682bf50a4fb51cab348444cffbd7fb.jpg,normal,C:\Personal AI & ML PROJECTS\AI IN HEALTHCARE\MY PROJECT E PAARVAI\Cataract v01.v7i.folder\train\normal\4_JPG_jpg.rf.85682bf50a4fb51cab348444cffbd7fb.jpg,7fc839a8184a0c2350c6c1f7c7b3b2b80d21f6a0726a4b780610f1d842a90ecb,b559c2226f278d99,VF_00057,2,train
cataract_v01,train,4_JPG_jpg.rf.9cddf6964d6bf4d28645f4d49bec9c7d.jpg,normal,C:\Personal AI & ML PROJECTS\AI IN HEALTHCARE\MY PROJECT E PAARVAI\Cataract v01.v7i.folder\train\normal\4_JPG_jpg.rf.9cddf6964d6bf4d28645f4d49bec9c7d.jpg,8eee94177461b9ce1a0bed78d0246f83d2eb8bf8ad952c0bdd682cb02c2df44b,b559c2226f278d99,VF_00057,2,train
cataract_v01,train,4_JPG_jpg.rf.dad15f9b7714c92733a03b119ae51b09.jpg,normal,C:\Personal AI & ML PROJECTS\AI IN HEALTHCARE\MY PROJECT E PAARVAI\Cataract v01.v7i.folder\train\normal\4_JPG_jpg.rf.dad15f9b7714c92733a03b119ae51b09.jpg,03016c8e43b9618b8de5ae6f619708157a7042494ab5439b382e7d5c2ea1b6f6,e00d97773a62d8cc,VF_00056,2,train
cataract_v01,train,5_JPG_jpg.rf.bdecc93de4d816b80e4d9ac8837347a0.jpg,normal,C:\Personal AI & ML PROJECTS\AI IN HEALTHCARE\MY PROJECT E PAARVAI\Cataract v01.v7i.folder\train\normal\5_JPG_jpg.rf.bdecc93de4d816b80e4d9ac8837347a0.jpg,337fa08ab748636b2bdfa55341658b68de0845abc4f4e2a26e394df0c7e44fad,b21ec9394d744ea6,VF_00059,1,train
cataract_v01,train,6_JPG.rf.9276b0cc405520dac4c4ec6139f21261.jpg,normal,C:\Personal AI & ML PROJECTS\AI IN HEALTHCARE\MY PROJECT E PAARVAI\Cataract v01.v7i.folder\train\normal\6_JPG.rf.9276b0cc405520dac4c4ec6139f21261.jpg,e72d22cc3a98fe45c45b4e94d07a4d51fbbca2bf6355f1ca68261bb2825f2f4a,a14b8b275cbc789c,VF_00061,1,train
cataract_v01,train,6_JPG_jpg.rf.5826849c1993fc84f199f30d217fa9f0.jpg,normal,C:\Personal AI & ML PROJECTS\AI IN HEALTHCARE\MY PROJECT E PAARVAI\Cataract v01.v7i.folder\train\normal\6_JPG_jpg.rf.5826849c1993fc84f199f30d217fa9f0.jpg,fe4fbd54ebe3de72612ea148e62e069eac7c53ced2262feb836b382e5df9cfe5,f41ede7209c90dc9,VF_00062,2,train
cataract_v01,train,6_JPG_jpg.rf.f7704cb32580e0456e6193721a5de97e.jpg,normal,C:\Personal AI & ML PROJECTS\AI IN HEALTHCARE\MY PROJECT E PAARVAI\Cataract v01.v7i.folder\train\normal\6_JPG_jpg.rf.f7704cb32580e0456e6193721a5de97e.jpg,3097025719402d5c823a6ccd1c99523356ee21356a5875abb9f4a4f9f2315000,f41ede7209c90dc9,VF_00062,2,train
cataract_v01,train,7_JPG.rf.21ffdd13c540a5ddcdf87779dc5669e5.jpg,normal,C:\Personal AI & ML PROJECTS\AI IN HEALTHCARE\MY PROJECT E PAARVAI\Cataract v01.v7i.folder\train\normal\7_JPG.rf.21ffdd13c540a5ddcdf87779dc5669e5.jpg,d2981d7671a5279cdfbafcfd9652114f40be752aee2036ba23732f635a0b5987,b04b8f351c3a7a33,VF_00063,4,train
cataract_v01,train,7_JPG.rf.26cd74d0803781d5cd81f2ad939136e6.jpg,normal,C:\Personal AI & ML PROJECTS\AI IN HEALTHCARE\MY PROJECT E PAARVAI\Cataract v01.v7i.folder\train\normal\7_JPG.rf.26cd74d0803781d5cd81f2ad939136e6.jpg,0ce2defb49f3e23ad9f994767d777d3a8899a9fff80099e9f144dd93a77539d9,b04b8f351c3a7a33,VF_00063,4,train
cataract_v01,train,7_JPG_jpg.rf.51d2031b049544fbe7e92ef4416eeef0.jpg,normal,C:\Personal AI & ML PROJECTS\AI IN HEALTHCARE\MY PROJECT E PAARVAI\Cataract v01.v7i.folder\train\normal\7_JPG_jpg.rf.51d2031b049544fbe7e92ef4416eeef0.jpg,80e1e8be3ff4b4a8e284395122721519a55fe70192c6cc70fc5fc126ef297713,b04b8f351c3a7a33,VF_00063,4,train
cataract_v01,train,7_JPG_jpg.rf.5a3d9e35444c66f58a49eb130451efd1.jpg,normal,C:\Personal AI & ML PROJECTS\AI IN HEALTHCARE\MY PROJECT E PAARVAI\Cataract v01.v7i.folder\train\normal\7_JPG_jpg.rf.5a3d9e35444c66f58a49eb130451efd1.jpg,6e102a07b0c489537944e3db5e46e2a6552102a6545350e979f352e2d110b66e,b04b8f351c3a7a33,VF_00063,4,train
cataract_v01,train,7_JPG_jpg.rf.813ef89790ea0b5a5381a28450f85f7f.jpg,normal,C:\Personal AI & ML PROJECTS\AI IN HEALTHCARE\MY PROJECT E PAARVAI\Cataract v01.v7i.folder\train\normal\7_JPG_jpg.rf.813ef89790ea0b5a5381a28450f85f7f.jpg,185a07f51a661d2be5ee504d5c5a47d9afdacddb7a4a89578c81074a332de399,e51eda6049676566,VF_00064,2,train
cataract_v01,train,7_JPG_jpg.rf.d59096b08d3dad0b5e07c6bfd0dd66fc.jpg,normal,C:\Personal AI & ML PROJECTS\AI IN HEALTHCARE\MY PROJECT E PAARVAI\Cataract v01.v7i.folder\train\normal\7_JPG_jpg.rf.d59096b08d3dad0b5e07c6bfd0dd66fc.jpg,8200e22eff6419298c9806b6207d677e6405ad6e9ff12f66f2d52a57e5672e77,e51eda6049676566,VF_00064,2,train
cataract_v01,train,807175e3-90fb-410d-bdd8-a7839b07e12d_jpg.rf.1aa239187cfc54fcfd8cb8e668732292.jpg,normal,C:\Personal AI & ML PROJECTS\AI IN HEALTHCARE\MY PROJECT E PAARVAI\Cataract v01.v7i.folder\train\normal\807175e3-90fb-410d-bdd8-a7839b07e12d_jpg.rf.1aa239187cfc54fcfd8cb8e668732292.jpg,999d19c10acd7cb7fe9f789a41508d5d07d741e420313caf7902b8419dd2c037,e31dde410c3ff0d0,VF_00065,1,train
cataract_v01,train,807175e3-90fb-410d-bdd8-a7839b07e12d_jpg.rf.4b6ecd8d2043b42c200beb09f2590ff1.jpg,normal,C:\Personal AI & ML PROJECTS\AI IN HEALTHCARE\MY PROJECT E PAARVAI\Cataract v01.v7i.folder\train\normal\807175e3-90fb-410d-bdd8-a7839b07e12d_jpg.rf.4b6ecd8d2043b42c200beb09f2590ff1.jpg,c40b62f28edfe1eb4a732e3429dd048060c09ff6bd51b64c0c488127c329980e,e31dde412c3fe0d0,VF_00066,1,train
cataract_v01,train,807175e3-90fb-410d-bdd8-a7839b07e12d_jpg.rf.a2c9a4e78451ddfda42265751874321a.jpg,normal,C:\Personal AI & ML PROJECTS\AI IN HEALTHCARE\MY PROJECT E PAARVAI\Cataract v01.v7i.folder\train\normal\807175e3-90fb-410d-bdd8-a7839b07e12d_jpg.rf.a2c9a4e78451ddfda42265751874321a.jpg,18771b24ea5c9327ef2e603b56d5b6f2871c62f5acd7ac9109183b718f3c2ad3,e31dde402c3ff0d0,VF_00068,1,train
cataract_v01,train,8_JPG.rf.00823a5c59d84cfee3fcd1d6f7d938bb.jpg,normal,C:\Personal AI & ML PROJECTS\AI IN HEALTHCARE\MY PROJECT E PAARVAI\Cataract v01.v7i.folder\train\normal\8_JPG.rf.00823a5c59d84cfee3fcd1d6f7d938bb.jpg,3ebd837bd7740145268bb0fb9fdca8b3bf996e87bde96ceac8334b057614bf78,e7239ee67981218b,VF_00069,5,train
cataract_v01,train,8_JPG.rf.e6760fea2a759a227e742c63255ea01c.jpg,normal,C:\Personal AI & ML PROJECTS\AI IN HEALTHCARE\MY PROJECT E PAARVAI\Cataract v01.v7i.folder\train\normal\8_JPG.rf.e6760fea2a759a227e742c63255ea01c.jpg,b7370eaaa6ed1a130ff76ea6dd75d184645401617e946e28517ab1019c8ae8b4,e7239ee67981218b,VF_00069,5,train
cataract_v01,train,8_JPG_jpg.rf.69569951578ce552d3711c014e45e4ca.jpg,normal,C:\Personal AI & ML PROJECTS\AI IN HEALTHCARE\MY PROJECT E PAARVAI\Cataract v01.v7i.folder\train\normal\8_JPG_jpg.rf.69569951578ce552d3711c014e45e4ca.jpg,3e6e3b6dfd508e94506cdc12cd8d067e3c1111c80d2ebeee3c1ac4a50c274ebe,e7239ee67981218b,VF_00069,5,train
cataract_v01,train,8_JPG_jpg.rf.88220ffbab554dd1f1ae2a8f18d019d8.jpg,normal,C:\Personal AI & ML PROJECTS\AI IN HEALTHCARE\MY PROJECT E PAARVAI\Cataract v01.v7i.folder\train\normal\8_JPG_jpg.rf.88220ffbab554dd1f1ae2a8f18d019d8.jpg,5f61d5c767fcb8f1c32654a2371b78262c3eca282cd825ca8d4746617b73ca45,e7239ee67981218b,VF_00069,5,train
cataract_v01,train,8_JPG_jpg.rf.af636124c6d4bf590d6c4fdb48b641ce.jpg,normal,C:\Personal AI & ML PROJECTS\AI IN HEALTHCARE\MY PROJECT E PAARVAI\Cataract v01.v7i.folder\train\normal\8_JPG_jpg.rf.af636124c6d4bf590d6c4fdb48b641ce.jpg,acb933e0316c2c60bbbec2e448a9b9c562058e3a6a42177e53aead0a7b14418c,9276cba32cd474d8,VF_00071,1,train
cataract_v01,train,9_JPG.rf.93a9ccd22759fc09409f1f97b7de64e8.jpg,normal,C:\Personal AI & ML PROJECTS\AI IN HEALTHCARE\MY PROJECT E PAARVAI\Cataract v01.v7i.folder\train\normal\9_JPG.rf.93a9ccd22759fc09409f1f97b7de64e8.jpg,fffa01945670a91b02a1294b77c537f29fcf94d88edaad882a8a80c7e2a3c59c,e1099e7e1cf099c9,VF_00072,2,train
cataract_v01,train,9_JPG.rf.ef2b969cb26323fb69ea5887471ff24d.jpg,normal,C:\Personal AI & ML PROJECTS\AI IN HEALTHCARE\MY PROJECT E PAARVAI\Cataract v01.v7i.folder\train\normal\9_JPG.rf.ef2b969cb26323fb69ea5887471ff24d.jpg,275a53ea77ce3a4ef20c65f887f6fd9197960bbfcf3a889cbac92c8027390d38,e1099e7e1cf099c9,VF_00072,2,train
cataract_v01,train,a16db627-8e95-4ea7-98de-9b8755e87baa_jpg.rf.212954d2d94ca3dc4521961c71615eca.jpg,normal,C:\Personal AI & ML PROJECTS\AI IN HEALTHCARE\MY PROJECT E PAARVAI\Cataract v01.v7i.folder\train\normal\a16db627-8e95-4ea7-98de-9b8755e87baa_jpg.rf.212954d2d94ca3dc4521961c71615eca.jpg,99afa72c121b4553a481974da724418907cd78369f32128ae2c8ba51d3d35634,b6818bb674796a26,VF_00074,5,train
cataract_v01,train,a16db627-8e95-4ea7-98de-9b8755e87baa_jpg.rf.2581793f4de6817ff453963472a1e8b8.jpg,normal,C:\Personal AI & ML PROJECTS\AI IN HEALTHCARE\MY PROJECT E PAARVAI\Cataract v01.v7i.folder\train\normal\a16db627-8e95-4ea7-98de-9b8755e87baa_jpg.rf.2581793f4de6817ff453963472a1e8b8.jpg,0426f2d1a0949278013407058f777285683abbdcabced2df0fccb871bf2697a5,b6818bb674796a26,VF_00074,5,train
cataract_v01,train,a16db627-8e95-4ea7-98de-9b8755e87baa_jpg.rf.50a71a7ee5f9d5345e9e5c41c3f014ec.jpg,normal,C:\Personal AI & ML PROJECTS\AI IN HEALTHCARE\MY PROJECT E PAARVAI\Cataract v01.v7i.folder\train\normal\a16db627-8e95-4ea7-98de-9b8755e87baa_jpg.rf.50a71a7ee5f9d5345e9e5c41c3f014ec.jpg,364f867801f24351c8b9f13d43b3e70b90e74ac3b5e4dd513a822a033cce112a,e3d4dce2210c3e73,VF_00075,2,train
cataract_v01,train,a16db627-8e95-4ea7-98de-9b8755e87baa_jpg.rf.9b1876ae98ea3e912d34b3677616333c.jpg,normal,C:\Personal AI & ML PROJECTS\AI IN HEALTHCARE\MY PROJECT E PAARVAI\Cataract v01.v7i.folder\train\normal\a16db627-8e95-4ea7-98de-9b8755e87baa_jpg.rf.9b1876ae98ea3e912d34b3677616333c.jpg,2a2f5f9ab668d95924f581d1d41d22ee96f3f3037311243bf6f1ff1fbd193da3,e3d4dce2210c3e73,VF_00075,2,train
cataract_v01,train,a16db627-8e95-4ea7-98de-9b8755e87baa_jpg.rf.9c01dba29b58ae6d93b747c63f6c5a6b.jpg,normal,C:\Personal AI & ML PROJECTS\AI IN HEALTHCARE\MY PROJECT E PAARVAI\Cataract v01.v7i.folder\train\normal\a16db627-8e95-4ea7-98de-9b8755e87baa_jpg.rf.9c01dba29b58ae6d93b747c63f6c5a6b.jpg,2ad0de6b4d5734a38c9247ace0549ec1c24984dde7eeeb85ef654cad9d4dc190,b6818bb674796a26,VF_00074,5,train
cataract_v01,train,a16db627-8e95-4ea7-98de-9b8755e87baa_jpg.rf.c57bd95c9fdd806f2720a1492b072ed0.jpg,normal,C:\Personal AI & ML PROJECTS\AI IN HEALTHCARE\MY PROJECT E PAARVAI\Cataract v01.v7i.folder\train\normal\a16db627-8e95-4ea7-98de-9b8755e87baa_jpg.rf.c57bd95c9fdd806f2720a1492b072ed0.jpg,527dd0ed7227e95c860b1437ee93ce3d6231fe4dd28868b34a3a4c47383dd8c6,b6818bb674796a26,VF_00074,5,train
cataract_v01,train,d0e0d33f-ba5d-45e4-a3bc-ef7192e196b6_jpg.rf.0996b59a2b6845e61c565be4a0b79f7c.jpg,normal,C:\Personal AI & ML PROJECTS\AI IN HEALTHCARE\MY PROJECT E PAARVAI\Cataract v01.v7i.folder\train\normal\d0e0d33f-ba5d-45e4-a3bc-ef7192e196b6_jpg.rf.0996b59a2b6845e61c565be4a0b79f7c.jpg,bd8147a66dbda6a77397bc6682a01640c04da1f796d44f04f0912c9262bb7189,f5088ab7347863a7,VF_00076,2,train
cataract_v01,train,d0e0d33f-ba5d-45e4-a3bc-ef7192e196b6_jpg.rf.d10f16180606908e45b47098fa9a5ef9.jpg,normal,C:\Personal AI & ML PROJECTS\AI IN HEALTHCARE\MY PROJECT E PAARVAI\Cataract v01.v7i.folder\train\normal\d0e0d33f-ba5d-45e4-a3bc-ef7192e196b6_jpg.rf.d10f16180606908e45b47098fa9a5ef9.jpg,88ab79e023b09291eedd0144d8d5d09050e8c3fbc0eeabcfb9fea5d9fcd08480,f5088ab7347863a7,VF_00076,2,train
cataract_v01,train,e493157b-02be-4151-a417-30efbb28355a_jpg.rf.41d86a403a73cdfc8c25e315006d6785.jpg,normal,C:\Personal AI & ML PROJECTS\AI IN HEALTHCARE\MY PROJECT E PAARVAI\Cataract v01.v7i.folder\train\normal\e493157b-02be-4151-a417-30efbb28355a_jpg.rf.41d86a403a73cdfc8c25e315006d6785.jpg,af90ffd6a4844ec6fb99073be4a5d85a3a50877518faf41389ed5219702c8424,f5dacaa5345a6289,VF_00078,5,train
cataract_v01,train,e493157b-02be-4151-a417-30efbb28355a_jpg.rf.5a2ababee154182b9abf455fc1259614.jpg,normal,C:\Personal AI & ML PROJECTS\AI IN HEALTHCARE\MY PROJECT E PAARVAI\Cataract v01.v7i.folder\train\normal\e493157b-02be-4151-a417-30efbb28355a_jpg.rf.5a2ababee154182b9abf455fc1259614.jpg,281ef7d07dc6c16f2d2c6f10a90193608ca27d329786cdd5404951d404bd08f8,f5dacaa5345a6289,VF_00078,5,train
cataract_v01,train,e493157b-02be-4151-a417-30efbb28355a_jpg.rf.722fa7919f113574a639edc696933fbc.jpg,normal,C:\Personal AI & ML PROJECTS\AI IN HEALTHCARE\MY PROJECT E PAARVAI\Cataract v01.v7i.folder\train\normal\e493157b-02be-4151-a417-30efbb28355a_jpg.rf.722fa7919f113574a639edc696933fbc.jpg,071e61d0b817e2abad6501e558b7e86fea657780fb7e46625f27174a45c47392,f5dacaa5345a6289,VF_00078,5,train
cataract_v01,train,e493157b-02be-4151-a417-30efbb28355a_jpg.rf.b33d8db9da1322e0f1fa12857c5cb164.jpg,normal,C:\Personal AI & ML PROJECTS\AI IN HEALTHCARE\MY PROJECT E PAARVAI\Cataract v01.v7i.folder\train\normal\e493157b-02be-4151-a417-30efbb28355a_jpg.rf.b33d8db9da1322e0f1fa12857c5cb164.jpg,d53ac4b13570a3fdbdbee0a9bd700b85e43648188b78344e25fe6b4065e17940,a0af9fe0200f3fb8,VF_00079,2,train
cataract_v01,train,e493157b-02be-4151-a417-30efbb28355a_jpg.rf.b3b5aa27bc73a07440bf89b761e28f65.jpg,normal,C:\Personal AI & ML PROJECTS\AI IN HEALTHCARE\MY PROJECT E PAARVAI\Cataract v01.v7i.folder\train\normal\e493157b-02be-4151-a417-30efbb28355a_jpg.rf.b3b5aa27bc73a07440bf89b761e28f65.jpg,a62d82c3ac1a1dded33054208208935e568c9065aa42ba8486e10247cf34cd54,f5dacaa5345a6289,VF_00078,5,train
cataract_v01,train,e493157b-02be-4151-a417-30efbb28355a_jpg.rf.fcf1a7ac09f3f9ebb51b16aa204c924c.jpg,normal,C:\Personal AI & ML PROJECTS\AI IN HEALTHCARE\MY PROJECT E PAARVAI\Cataract v01.v7i.folder\train\normal\e493157b-02be-4151-a417-30efbb28355a_jpg.rf.fcf1a7ac09f3f9ebb51b16aa204c924c.jpg,ee58f144312f692d61300675a9967ce71b3e80e4080917667bb54e045c0fc4f5,a0af9fe0200f3fb8,VF_00079,2,train
cataract_v01,train,10_JPG.rf.4a82a4b9c83ec4fc9d1852f19e7b1f37.jpg,immature,C:\Personal AI & ML PROJECTS\AI IN HEALTHCARE\MY PROJECT E PAARVAI\Cataract v01.v7i.folder\train\immature\10_JPG.rf.4a82a4b9c83ec4fc9d1852f19e7b1f37.jpg,86fb2782776d133f69e3d111bc04d953b29096f81db64a105b6c7bb54a2de19f,e7fe9ca19354c490,VF_00080,7,train
cataract_v01,train,10_JPG.rf.f0d99d05644b44745398a2b872a3c326.jpg,immature,C:\Personal AI & ML PROJECTS\AI IN HEALTHCARE\MY PROJECT E PAARVAI\Cataract v01.v7i.folder\train\immature\10_JPG.rf.f0d99d05644b44745398a2b872a3c326.jpg,77bc66871356a02c24c1b68a1b58ebfb85e61c83b961cfde288aabb5ca8fa131,e7fe9ca19354c490,VF_00080,7,train
cataract_v01,train,10_JPG_jpg.rf.2bfb6c2bed1d8c13749ca8a545a95c78.jpg,immature,C:\Personal AI & ML PROJECTS\AI IN HEALTHCARE\MY PROJECT E PAARVAI\Cataract v01.v7i.folder\train\immature\10_JPG_jpg.rf.2bfb6c2bed1d8c13749ca8a545a95c78.jpg,7269f5acedabc8af9be49e6b7e57a153bd5cb1396aeb03bcd06ded9a56d2b325,e7fe9ca19354c490,VF_00080,7,train
cataract_v01,train,10_JPG_jpg.rf.79a401a8e8c2563eb8c0f62b15aae622.jpg,immature,C:\Personal AI & ML PROJECTS\AI IN HEALTHCARE\MY PROJECT E PAARVAI\Cataract v01.v7i.folder\train\immature\10_JPG_jpg.rf.79a401a8e8c2563eb8c0f62b15aae622.jpg,cb9031a50a359540b4a4cf4a13c538f7c60318fab61c6f8a3723ba71bc555d77,e7fe9ca19354c490,VF_00080,7,train
cataract_v01,train,10_JPG_jpg.rf.a5abd8b5985a0c0e0245118f5dd4f3d2.jpg,immature,C:\Personal AI & ML PROJECTS\AI IN HEALTHCARE\MY PROJECT E PAARVAI\Cataract v01.v7i.folder\train\immature\10_JPG_jpg.rf.a5abd8b5985a0c0e0245118f5dd4f3d2.jpg,f9d90ad5bce547ac26a2576f2e5fb3f4f690dfd73cf47f3e1b9d76c4de64345c,e7fe9ca19354c490,VF_00080,7,train
cataract_v01,train,10_JPG_jpg.rf.e0446d2869752d45804e0dbc23ec1421.jpg,immature,C:\Personal AI & ML PROJECTS\AI IN HEALTHCARE\MY PROJECT E PAARVAI\Cataract v01.v7i.folder\train\immature\10_JPG_jpg.rf.e0446d2869752d45804e0dbc23ec1421.jpg,969377dccc09b2c61e4e940e2281fe8569a6d81e7204bcd99ce1fca50f8a4927,e7fe9ca19354c490,VF_00080,7,train
cataract_v01,train,10_JPG_jpg.rf.f76718a9435b43331291d99f6c094ceb.jpg,immature,C:\Personal AI & ML PROJECTS\AI IN HEALTHCARE\MY PROJECT E PAARVAI\Cataract v01.v7i.folder\train\immature\10_JPG_jpg.rf.f76718a9435b43331291d99f6c094ceb.jpg,1184a5ff125b9742da90283af801fbbf35f11d4111bcba49514287ef71f1765c,b2abc9f4c681b1c5,VF_00082,1,train
cataract_v01,train,11_JPG.rf.3507c94835afb9adf2e1874d13b52918.jpg,immature,C:\Personal AI & ML PROJECTS\AI IN HEALTHCARE\MY PROJECT E PAARVAI\Cataract v01.v7i.folder\train\immature\11_JPG.rf.3507c94835afb9adf2e1874d13b52918.jpg,35393f12c4159322eef053ea8a2c035674606f4812e6d23c7861cd23e28b539d,f0879f787060f361,VF_00083,5,train
cataract_v01,train,11_JPG.rf.823a44d8a6f035a9bd4973335170d22e.jpg,immature,C:\Personal AI & ML PROJECTS\AI IN HEALTHCARE\MY PROJECT E PAARVAI\Cataract v01.v7i.folder\train\immature\11_JPG.rf.823a44d8a6f035a9bd4973335170d22e.jpg,402f3bf8dc2d1a21fe67f3dd9c9ad4ed75153efcc8d6528721ad762a2059f775,f0879f787060f361,VF_00083,5,train
cataract_v01,train,11_JPG_jpg.rf.c93c0199373ceac93dd87f74e72d5bc4.jpg,immature,C:\Personal AI & ML PROJECTS\AI IN HEALTHCARE\MY PROJECT E PAARVAI\Cataract v01.v7i.folder\train\immature\11_JPG_jpg.rf.c93c0199373ceac93dd87f74e72d5bc4.jpg,4ef44831b75aab25a1483163ff7456c123d5f244c297be626af856cb07a8fa44,f0879f787060f361,VF_00083,5,train
cataract_v01,train,11_JPG_jpg.rf.e5c747bc2e403b579e54452f418794d1.jpg,immature,C:\Personal AI & ML PROJECTS\AI IN HEALTHCARE\MY PROJECT E PAARVAI\Cataract v01.v7i.folder\train\immature\11_JPG_jpg.rf.e5c747bc2e403b579e54452f418794d1.jpg,03cf57fcec410b44e20f84b251ce32bce7e240bd6bc1d4f9340c86ec6afb72fb,f0879f787060f361,VF_00083,5,train
cataract_v01,train,12_JPG.rf.4cc5e3725e54aaf2fc7a090ffd1cd00b.jpg,immature,C:\Personal AI & ML PROJECTS\AI IN HEALTHCARE\MY PROJECT E PAARVAI\Cataract v01.v7i.folder\train\immature\12_JPG.rf.4cc5e3725e54aaf2fc7a090ffd1cd00b.jpg,1144b72fc34079f7520d91e9bbc2034d7cbae9ffcc972f8faa31a595e1e4dc17,e6889ef5d08243d7,VF_00085,6,train
cataract_v01,train,12_JPG.rf.f1c5df969110687ca159fbf29e402a78.jpg,immature,C:\Personal AI & ML PROJECTS\AI IN HEALTHCARE\MY PROJECT E PAARVAI\Cataract v01.v7i.folder\train\immature\12_JPG.rf.f1c5df969110687ca159fbf29e402a78.jpg,ace3914c1bc6619881ae5523f35443141ed5e3ffb070d8b4ba456cd402f96db2,e6889ef5d08243d7,VF_00085,6,train
cataract_v01,train,12_JPG_jpg.rf.5d28c4408671da155570095b8dedae0e.jpg,immature,C:\Personal AI & ML PROJECTS\AI IN HEALTHCARE\MY PROJECT E PAARVAI\Cataract v01.v7i.folder\train\immature\12_JPG_jpg.rf.5d28c4408671da155570095b8dedae0e.jpg,d1f977b96c40a4bd5d7aa84cc4adafc433f97622ea9227209509db800d9855a5,e7889af5d08243d7,VF_00086,3,train
cataract_v01,train,12_JPG_jpg.rf.7ded84eca24b0b77959de1b2acab4f0b.jpg,immature,C:\Personal AI & ML PROJECTS\AI IN HEALTHCARE\MY PROJECT E PAARVAI\Cataract v01.v7i.folder\train\immature\12_JPG_jpg.rf.7ded84eca24b0b77959de1b2acab4f0b.jpg,8cf7c55df0992d91ff411532fe0748ffbf0919205115c982d1c69b45a23fbf46,e6889ef5d08243d7,VF_00085,6,train
cataract_v01,train,12_JPG_jpg.rf.9a387f66ccf2cac68a562b7a0d9a9dda.jpg,immature,C:\Personal AI & ML PROJECTS\AI IN HEALTHCARE\MY PROJECT E PAARVAI\Cataract v01.v7i.folder\train\immature\12_JPG_jpg.rf.9a387f66ccf2cac68a562b7a0d9a9dda.jpg,b52af69d9da799809fe5f09cb0fe4c31d0014f4af16a535c25ca506672283cb6,e6889ef5d08243d7,VF_00085,6,train
cataract_v01,train,12_JPG_jpg.rf.9ba9e2a5111f9be603f5c5b59ac9447e.jpg,immature,C:\Personal AI & ML PROJECTS\AI IN HEALTHCARE\MY PROJECT E PAARVAI\Cataract v01.v7i.folder\train\immature\12_JPG_jpg.rf.9ba9e2a5111f9be603f5c5b59ac9447e.jpg,8f7957d767d6caee100e8e706d8c15bad61945434563c4898d03e29c84e5a0bd,e6889ef5d08243d7,VF_00085,6,train
cataract_v01,train,12_JPG_jpg.rf.d39b38be7a0ef54261b177127507c6d9.jpg,immature,C:\Personal AI & ML PROJECTS\AI IN HEALTHCARE\MY PROJECT E PAARVAI\Cataract v01.v7i.folder\train\immature\12_JPG_jpg.rf.d39b38be7a0ef54261b177127507c6d9.jpg,ad093d48d467f111b5f1d285ed3f350f3cd48bb8113843f8a7f82fba37350f16,e7889af5d08243d7,VF_00086,3,train
cataract_v01,train,12_JPG_jpg.rf.d74fb676e8cb42c229f09bddbfe3dd19.jpg,immature,C:\Personal AI & ML PROJECTS\AI IN HEALTHCARE\MY PROJECT E PAARVAI\Cataract v01.v7i.folder\train\immature\12_JPG_jpg.rf.d74fb676e8cb42c229f09bddbfe3dd19.jpg,996e8271791ffcd9c507300ce46e8b5c98a25632063bcd52bae4192ec9f3e0d2,e7889af5d08243d7,VF_00086,3,train
cataract_v01,train,13_jpg.rf.01240ea6a5c05bdfd7979e44d925699b.jpg,immature,C:\Personal AI & ML PROJECTS\AI IN HEALTHCARE\MY PROJECT E PAARVAI\Cataract v01.v7i.folder\train\immature\13_jpg.rf.01240ea6a5c05bdfd7979e44d925699b.jpg,f09dca5eecf7d2807a6b8a6dbf1f48d647814744ee2625efc019a9390a4c09a1,f37de8e0c0c7838c,VF_00087,5,train
cataract_v01,train,13_jpg.rf.093aca7b5c381f17361cd7b21e00c1c7.jpg,immature,C:\Personal AI & ML PROJECTS\AI IN HEALTHCARE\MY PROJECT E PAARVAI\Cataract v01.v7i.folder\train\immature\13_jpg.rf.093aca7b5c381f17361cd7b21e00c1c7.jpg,cedcf3ade2d48f61f53929dd134532e4a5606d4b69df08f498f3722adb2cff59,f37de8e0c0c7838c,VF_00087,5,train
cataract_v01,train,13_jpg.rf.5c12ff540d78837ffbc05ccfa28a5c5a.jpg,immature,C:\Personal AI & ML PROJECTS\AI IN HEALTHCARE\MY PROJECT E PAARVAI\Cataract v01.v7i.folder\train\immature\13_jpg.rf.5c12ff540d78837ffbc05ccfa28a5c5a.jpg,aa313a12826dfee22607d93775dd123d0264a1d6ac7568e02fcb59993b039091,f37de8e0c0c7838c,VF_00087,5,train
cataract_v01,train,13_jpg.rf.5e108b70f496fb9c5bf8e8d39dfe6b01.jpg,immature,C:\Personal AI & ML PROJECTS\AI IN HEALTHCARE\MY PROJECT E PAARVAI\Cataract v01.v7i.folder\train\immature\13_jpg.rf.5e108b70f496fb9c5bf8e8d39dfe6b01.jpg,ba92ce2a201b4d018f6c673374726d75cdc7be8601fe4eca148d93b8b36fa8a0,a6a8b9b59592c699,VF_00088,4,train
cataract_v01,train,13_jpg.rf.8589e0ee1982a42f2e179f860031874c.jpg,immature,C:\Personal AI & ML PROJECTS\AI IN HEALTHCARE\MY PROJECT E PAARVAI\Cataract v01.v7i.folder\train\immature\13_jpg.rf.8589e0ee1982a42f2e179f860031874c.jpg,b11369ccf4a9a37f518e15bfff0207652479c4e6d93430b0aab22ea69b2cad0a,f37de8e0c0c7838c,VF_00087,5,train
cataract_v01,train,13_jpg.rf.96b3bc40d9121bde5ee4abf108f96dd5.jpg,immature,C:\Personal AI & ML PROJECTS\AI IN HEALTHCARE\MY PROJECT E PAARVAI\Cataract v01.v7i.folder\train\immature\13_jpg.rf.96b3bc40d9121bde5ee4abf108f96dd5.jpg,75044866bce772499d5f153b44ce522762ee2b5c1f09ab164f8ec145ccfc6274,a6a8b9b59592c699,VF_00088,4,train
cataract_v01,train,13_jpg.rf.ca1391ecdc848723e0b2eb1d23bd00e6.jpg,immature,C:\Personal AI & ML PROJECTS\AI IN HEALTHCARE\MY PROJECT E PAARVAI\Cataract v01.v7i.folder\train\immature\13_jpg.rf.ca1391ecdc848723e0b2eb1d23bd00e6.jpg,802ff8a1943791af7668e69c1bc4121ebff09672fdda58c4c39a8e12d2519b57,a6a8b9b59592c699,VF_00088,4,train
cataract_v01,train,13_jpg.rf.d95978dfec3d661fd19b92a8609f8b3a.jpg,immature,C:\Personal AI & ML PROJECTS\AI IN HEALTHCARE\MY PROJECT E PAARVAI\Cataract v01.v7i.folder\train\immature\13_jpg.rf.d95978dfec3d661fd19b92a8609f8b3a.jpg,60aabc79cf552f91e056f3e62c058d2e02dd12db2a2145fafe9414ad7ee613b8,a6a8b9b59592c699,VF_00088,4,train
cataract_v01,train,14_jpg.rf.23c67cdb2e15d4fbb354ce8337153613.jpg,immature,C:\Personal AI & ML PROJECTS\AI IN HEALTHCARE\MY PROJECT E PAARVAI\Cataract v01.v7i.folder\train\immature\14_jpg.rf.23c67cdb2e15d4fbb354ce8337153613.jpg,fd181aeefb3f17553b9abe8f9a7046c0afbf67539452c5b7b8f2a6aed93f2841,a0129fbb588db31d,VF_00089,2,train
cataract_v01,train,14_jpg.rf.41037ac8fb739e69cf726a3c69e9d41b.jpg,immature,C:\Personal AI & ML PROJECTS\AI IN HEALTHCARE\MY PROJECT E PAARVAI\Cataract v01.v7i.folder\train\immature\14_jpg.rf.41037ac8fb739e69cf726a3c69e9d41b.jpg,56fd0f980f4952345c92beabaa227d015950eb33abb61b45e303821c7878360a,f543caee0dd8e448,VF_00090,3,train
cataract_v01,train,14_jpg.rf.5548538e832c49d52e2b8f0c89051e38.jpg,immature,C:\Personal AI & ML PROJECTS\AI IN HEALTHCARE\MY PROJECT E PAARVAI\Cataract v01.v7i.folder\train\immature\14_jpg.rf.5548538e832c49d52e2b8f0c89051e38.jpg,4f7e5f0d583c6d055617cf9d2ba8edbbac59ec4e044d4c942d5105bf086b5f1a,a0169fbb588db21d,VF_00091,2,train
cataract_v01,train,14_jpg.rf.7e3fb61537b43a26ef910e0cc4779d06.jpg,immature,C:\Personal AI & ML PROJECTS\AI IN HEALTHCARE\MY PROJECT E PAARVAI\Cataract v01.v7i.folder\train\immature\14_jpg.rf.7e3fb61537b43a26ef910e0cc4779d06.jpg,701d83ffbf84373b28c0d3288fdd015dc0c5a40b2a47c88911e23615f2c4e193,a0129fbb588db31d,VF_00089,2,train
cataract_v01,train,14_jpg.rf.bc5acc72db656bbe004b646330206cfd.jpg,immature,C:\Personal AI & ML PROJECTS\AI IN HEALTHCARE\MY PROJECT E PAARVAI\Cataract v01.v7i.folder\train\immature\14_jpg.rf.bc5acc72db656bbe004b646330206cfd.jpg,1cbc762f62c04aa88678772c88de34c6a9b7771168f5dd5dd874268594c2e2dd,f543caee0dd8e448,VF_00090,3,train
cataract_v01,train,14_jpg.rf.e65cc4a0cd5f401c1e539835337013cc.jpg,immature,C:\Personal AI & ML PROJECTS\AI IN HEALTHCARE\MY PROJECT E PAARVAI\Cataract v01.v7i.folder\train\immature\14_jpg.rf.e65cc4a0cd5f401c1e539835337013cc.jpg,2d220805ab80de04299c83e703370cf28b5cc63fcff4870c082f3ddc82262a37,a0169fbb588db21d,VF_00091,2,train
cataract_v01,train,15_jpg.rf.4c40e7e2e353156002a9beb4337ec363.jpg,immature,C:\Personal AI & ML PROJECTS\AI IN HEALTHCARE\MY PROJECT E PAARVAI\Cataract v01.v7i.folder\train\immature\15_jpg.rf.4c40e7e2e353156002a9beb4337ec363.jpg,a411d09117e4d7fd71ad0e9888d1d9e8b002f032238d0f6a6d690cd446bbaaa6,a20efa69692e6369,VF_00092,5,train
cataract_v01,train,15_jpg.rf.84a017ff62c0ce1cbb425dd84fb3a234.jpg,immature,C:\Personal AI & ML PROJECTS\AI IN HEALTHCARE\MY PROJECT E PAARVAI\Cataract v01.v7i.folder\train\immature\15_jpg.rf.84a017ff62c0ce1cbb425dd84fb3a234.jpg,f95d72e16724b704ff39f1d76a241058de3f6ec4f50138cabce04d18590e7a46,a20efa69692e6369,VF_00092,5,train
cataract_v01,train,15_jpg.rf.9a07eb59f9cf6d85486b6eb0c9a0aadf.jpg,immature,C:\Personal AI & ML PROJECTS\AI IN HEALTHCARE\MY PROJECT E PAARVAI\Cataract v01.v7i.folder\train\immature\15_jpg.rf.9a07eb59f9cf6d85486b6eb0c9a0aadf.jpg,5190b41f16eba1c6261ebc73da0b03b2ee772c63eee34b8f57a7c2093dab34ba,a20efa69692e6369,VF_00092,5,train
cataract_v01,train,15_jpg.rf.d0194487612ab2a1831c49da206202f2.jpg,immature,C:\Personal AI & ML PROJECTS\AI IN HEALTHCARE\MY PROJECT E PAARVAI\Cataract v01.v7i.folder\train\immature\15_jpg.rf.d0194487612ab2a1831c49da206202f2.jpg,b346c985687a2c985946fe1449aecd4f19abd2d056771abb2aea6230fad6feea,a20efa69692e6369,VF_00092,5,train
cataract_v01,train,15_jpg.rf.eefa5ff7d47de291c8390791a06d5895.jpg,immature,C:\Personal AI & ML PROJECTS\AI IN HEALTHCARE\MY PROJECT E PAARVAI\Cataract v01.v7i.folder\train\immature\15_jpg.rf.eefa5ff7d47de291c8390791a06d5895.jpg,96fc642379f3b6be7db59e0c66ec3069feb9ec34794ec78fbb5994e3acc15348,a20efa69692e6369,VF_00092,5,train
cataract_v01,train,16_jpg.rf.9c70e516b7f963d14686ed823a9e521a.jpg,immature,C:\Personal AI & ML PROJECTS\AI IN HEALTHCARE\MY PROJECT E PAARVAI\Cataract v01.v7i.folder\train\immature\16_jpg.rf.9c70e516b7f963d14686ed823a9e521a.jpg,820eabc78d0d190232fd6d72718f684c08ae4f80b9f9e8de4785028e97c8a184,b668b88597da5625,VF_00095,2,train
cataract_v01,train,16_jpg.rf.a9ebb3b69eb5ee2da0b191e1c343f9dd.jpg,immature,C:\Personal AI & ML PROJECTS\AI IN HEALTHCARE\MY PROJECT E PAARVAI\Cataract v01.v7i.folder\train\immature\16_jpg.rf.a9ebb3b69eb5ee2da0b191e1c343f9dd.jpg,abaf91efc73044782870a194605464b55e27eb1ee18d07145cfc7d1c427a1fec,b668b88597da5625,VF_00095,2,train
cataract_v01,train,17_jpg.rf.07b852242f7dfd08d6ff65b963b57f43.jpg,immature,C:\Personal AI & ML PROJECTS\AI IN HEALTHCARE\MY PROJECT E PAARVAI\Cataract v01.v7i.folder\train\immature\17_jpg.rf.07b852242f7dfd08d6ff65b963b57f43.jpg,f71aeed392dfef16fdb17f0cc315653afb0e5dace80e540bc7c2766ad77d99b8,b8b6c6c2cbcc9c86,VF_00096,4,train
cataract_v01,train,17_jpg.rf.183745a8a0c15bfc44392e23ea31d1b2.jpg,immature,C:\Personal AI & ML PROJECTS\AI IN HEALTHCARE\MY PROJECT E PAARVAI\Cataract v01.v7i.folder\train\immature\17_jpg.rf.183745a8a0c15bfc44392e23ea31d1b2.jpg,17eb13732a6e4eb20aeb7b50cb5203f9d64bc94cc6424bc7e2845b6ee884d6ad,ece393869e98c8c3,VF_00097,4,train
cataract_v01,train,17_jpg.rf.2fe625885ca7cf98041f56f5c9cfd7fa.jpg,immature,C:\Personal AI & ML PROJECTS\AI IN HEALTHCARE\MY PROJECT E PAARVAI\Cataract v01.v7i.folder\train\immature\17_jpg.rf.2fe625885ca7cf98041f56f5c9cfd7fa.jpg,93b62e5895eda99f69afbbf075f97584bdec0913d73dcfa85b966cf5aac046dd,b8b6c6c2cbcc9c86,VF_00096,4,train
cataract_v01,train,17_jpg.rf.5f8eb001dae48363fb766c5273b0d2b1.jpg,immature,C:\Personal AI & ML PROJECTS\AI IN HEALTHCARE\MY PROJECT E PAARVAI\Cataract v01.v7i.folder\train\immature\17_jpg.rf.5f8eb001dae48363fb766c5273b0d2b1.jpg,499808c2308ca17ef4e41f3ca3a9186869ff9992533cb4ebf0bebe427ee24440,ece393869e98c8c3,VF_00097,4,train
cataract_v01,train,17_jpg.rf.c1263b4abd8c9b3f66f82d6c08f74985.jpg,immature,C:\Personal AI & ML PROJECTS\AI IN HEALTHCARE\MY PROJECT E PAARVAI\Cataract v01.v7i.folder\train\immature\17_jpg.rf.c1263b4abd8c9b3f66f82d6c08f74985.jpg,d377961a333b6855ca36a409bf35a8c4f1196e32c34e5dd86df47d78cdfaacc9,ece393869e98c8c3,VF_00097,4,train
cataract_v01,train,17_jpg.rf.d9af29d4d3bcbe23c8a50b0547e94248.jpg,immature,C:\Personal AI & ML PROJECTS\AI IN HEALTHCARE\MY PROJECT E PAARVAI\Cataract v01.v7i.folder\train\immature\17_jpg.rf.d9af29d4d3bcbe23c8a50b0547e94248.jpg,a3508a375b71bf4d8c5ca48d1c6bea94d010cd80fb83adb71ea2c01d8961142d,b8b6c6c2cbcc9c86,VF_00096,4,train
cataract_v01,train,17_jpg.rf.e3c35a087bd01d4f5c2522c605195981.jpg,immature,C:\Personal AI & ML PROJECTS\AI IN HEALTHCARE\MY PROJECT E PAARVAI\Cataract v01.v7i.folder\train\immature\17_jpg.rf.e3c35a087bd01d4f5c2522c605195981.jpg,2188da1594b388e5e1fdc50ab9667a19e7b6df9c58ba19e6a5dd02d95a22a776,ece393869e98c8c3,VF_00097,4,train
cataract_v01,train,17_jpg.rf.fdd805e1724633b6fc3838b89a03c366.jpg,immature,C:\Personal AI & ML PROJECTS\AI IN HEALTHCARE\MY PROJECT E PAARVAI\Cataract v01.v7i.folder\train\immature\17_jpg.rf.fdd805e1724633b6fc3838b89a03c366.jpg,2c1cb86e9e8fe3d698b3c20640942356b8facd622abe5dea10ecec1903d2d548,b8b6c6c2cbcc9c86,VF_00096,4,train
cataract_v01,train,18_jpg.rf.2af371ab256f3d69e3f69b8d4323da98.jpg,immature,C:\Personal AI & ML PROJECTS\AI IN HEALTHCARE\MY PROJECT E PAARVAI\Cataract v01.v7i.folder\train\immature\18_jpg.rf.2af371ab256f3d69e3f69b8d4323da98.jpg,0ca9a3bfb4c7be721672e54367fccc2e5265b68882d45034c6b4c9e93df4fa6b,878a9a3d9d363c98,VF_00098,4,train
cataract_v01,train,18_jpg.rf.4ae0ccc12717b5a07a50971ef16c4add.jpg,immature,C:\Personal AI & ML PROJECTS\AI IN HEALTHCARE\MY PROJECT E PAARVAI\Cataract v01.v7i.folder\train\immature\18_jpg.rf.4ae0ccc12717b5a07a50971ef16c4add.jpg,19b5d037613175d445fd413156230e9c5ed52bd5f0934be7229e53374ca62548,d2dfcf684823618d,VF_00099,4,train
cataract_v01,train,18_jpg.rf.99b4bba25080bff08fbc79bd42db8a25.jpg,immature,C:\Personal AI & ML PROJECTS\AI IN HEALTHCARE\MY PROJECT E PAARVAI\Cataract v01.v7i.folder\train\immature\18_jpg.rf.99b4bba25080bff08fbc79bd42db8a25.jpg,7d02b5e18b0e8d6cd033c9cdf9409f12e4828d37f3604943fac6e4f6f807f4a1,878a9a3d9d363c98,VF_00098,4,train
cataract_v01,train,18_jpg.rf.a55ebd8a60fbf3a403a70ada3df45575.jpg,immature,C:\Personal AI & ML PROJECTS\AI IN HEALTHCARE\MY PROJECT E PAARVAI\Cataract v01.v7i.folder\train\immature\18_jpg.rf.a55ebd8a60fbf3a403a70ada3df45575.jpg,a6fce4eaf15e116200da7daa9fdf6b377989c3eca176e773af5461fd1d78d67b,878a9a3d9d363c98,VF_00098,4,train
cataract_v01,train,18_jpg.rf.b9929358dea36cd973d74127e4b084a5.jpg,immature,C:\Personal AI & ML PROJECTS\AI IN HEALTHCARE\MY PROJECT E PAARVAI\Cataract v01.v7i.folder\train\immature\18_jpg.rf.b9929358dea36cd973d74127e4b084a5.jpg,ba18b88ec7d0b2e425541ca7f482694a19ecff32bec7c5848a668f81c58c9625,d2dfcf684823618d,VF_00099,4,train
cataract_v01,train,18_jpg.rf.c5ebe6d183171b5e22d8eea3b88b5b78.jpg,immature,C:\Personal AI & ML PROJECTS\AI IN HEALTHCARE\MY PROJECT E PAARVAI\Cataract v01.v7i.folder\train\immature\18_jpg.rf.c5ebe6d183171b5e22d8eea3b88b5b78.jpg,abf8075b8216e184a4d2ceafb6320b70444e6f3a614517be7c69216226cb9264,d2dfcf684823618d,VF_00099,4,train
cataract_v01,train,18_jpg.rf.d4efe2d7992ceb837b3bbb4c057d8f43.jpg,immature,C:\Personal AI & ML PROJECTS\AI IN HEALTHCARE\MY PROJECT E PAARVAI\Cataract v01.v7i.folder\train\immature\18_jpg.rf.d4efe2d7992ceb837b3bbb4c057d8f43.jpg,d6962e3a42a1099b9cfd265609552da424733225dfc746c8b18254f74a61cecb,d2dfcf684823618d,VF_00099,4,train
cataract_v01,train,18_jpg.rf.de9f869aa31010713d58a6426d1c704d.jpg,immature,C:\Personal AI & ML PROJECTS\AI IN HEALTHCARE\MY PROJECT E PAARVAI\Cataract v01.v7i.folder\train\immature\18_jpg.rf.de9f869aa31010713d58a6426d1c704d.jpg,ca5a0be38dea3a359bbe282c9940a5109dbe7d19a3a006885a47207f43d7145c,878a9a3d9d363c98,VF_00098,4,train
cataract_v01,train,20_jpg.rf.05e497a7b9190314c7f63f0a1386d403.jpg,immature,C:\Personal AI & ML PROJECTS\AI IN HEALTHCARE\MY PROJECT E PAARVAI\Cataract v01.v7i.folder\train\immature\20_jpg.rf.05e497a7b9190314c7f63f0a1386d403.jpg,42ed003ee44d488907422ed93778b2c4cca3cac21c5277aa6057c2bf8727948b,e12b9ee691878d94,VF_00102,4,train
cataract_v01,train,20_jpg.rf.9025a829728ac3b9c4446b8fe72b108e.jpg,immature,C:\Personal AI & ML PROJECTS\AI IN HEALTHCARE\MY PROJECT E PAARVAI\Cataract v01.v7i.folder\train\immature\20_jpg.rf.9025a829728ac3b9c4446b8fe72b108e.jpg,e36a18098b57c5aa12fcb62f755db284f6929527ca980194259d41de3413ef88,e12b9ee691878d94,VF_00102,4,train
cataract_v01,train,20_jpg.rf.beeb09ffa45995db5642e51b96f03d2f.jpg,immature,C:\Personal AI & ML PROJECTS\AI IN HEALTHCARE\MY PROJECT E PAARVAI\Cataract v01.v7i.folder\train\immature\20_jpg.rf.beeb09ffa45995db5642e51b96f03d2f.jpg,d544219487dc19f414c991c62ab9ade7a0290b8b5e6174312a6799c9362d8dba,e12b9ee691878d94,VF_00102,4,train
cataract_v01,train,20_jpg.rf.cba07069d56507c173bc57da01b764be.jpg,immature,C:\Personal AI & ML PROJECTS\AI IN HEALTHCARE\MY PROJECT E PAARVAI\Cataract v01.v7i.folder\train\immature\20_jpg.rf.cba07069d56507c173bc57da01b764be.jpg,970e2a45cd8c163a7f77e95a65f7f4a3129397be7017e8507a180ec6e977a0eb,e12b9ee691878d94,VF_00102,4,train
cataract_v01,train,21_JPG.rf.48abe1f17db4380babb6be9083a626e2.jpg,immature,C:\Personal AI & ML PROJECTS\AI IN HEALTHCARE\MY PROJECT E PAARVAI\Cataract v01.v7i.folder\train\immature\21_JPG.rf.48abe1f17db4380babb6be9083a626e2.jpg,8b33fed07ba87f6c3ed34a5d47392d34e5f109c86c32c4d1db43f35f151276da,f484837bdbe8c8c8,VF_00103,4,train
cataract_v01,train,21_JPG.rf.a7e6eb2642b5ed3c05bb950e9120c8d7.jpg,immature,C:\Personal AI & ML PROJECTS\AI IN HEALTHCARE\MY PROJECT E PAARVAI\Cataract v01.v7i.folder\train\immature\21_JPG.rf.a7e6eb2642b5ed3c05bb950e9120c8d7.jpg,a7f7776d6b439a249a833932744386a15fdacc92b3c2f82f377e701c3bbe9b0d,f484837bdbe8c8c8,VF_00103,4,train
cataract_v01,train,21_JPG_jpg.rf.21b68d2ff0d7f9a73a1ca1209b50a024.jpg,immature,C:\Personal AI & ML PROJECTS\AI IN HEALTHCARE\MY PROJECT E PAARVAI\Cataract v01.v7i.folder\train\immature\21_JPG_jpg.rf.21b68d2ff0d7f9a73a1ca1209b50a024.jpg,e020274116bae42d4bd1c623dda148452c6810c09f8be7072b1f7e9327c9195b,f484837bdbe8c8c8,VF_00103,4,train
cataract_v01,train,21_JPG_jpg.rf.613d565ebf81e525d85b6a37e2cbf007.jpg,immature,C:\Personal AI & ML PROJECTS\AI IN HEALTHCARE\MY PROJECT E PAARVAI\Cataract v01.v7i.folder\train\immature\21_JPG_jpg.rf.613d565ebf81e525d85b6a37e2cbf007.jpg,06c2b0a8bc59587a4c482d8487de51bbbd2e99b6569ff1cbde6c4c79bd615048,a1c1d62e8ebd9895,VF_00104,5,train
cataract_v01,train,21_JPG_jpg.rf.9641b1825cb356a0c1387909bfa8113e.jpg,immature,C:\Personal AI & ML PROJECTS\AI IN HEALTHCARE\MY PROJECT E PAARVAI\Cataract v01.v7i.folder\train\immature\21_JPG_jpg.rf.9641b1825cb356a0c1387909bfa8113e.jpg,bbc618dbbabcb5dd7a88ec7dd6e2131e717945081fd359a5b937fbafad95596a,a1c1d62e8ebd9895,VF_00104,5,train
cataract_v01,train,21_JPG_jpg.rf.9873eb818edf23c459466f6cbf4dd26e.jpg,immature,C:\Personal AI & ML PROJECTS\AI IN HEALTHCARE\MY PROJECT E PAARVAI\Cataract v01.v7i.folder\train\immature\21_JPG_jpg.rf.9873eb818edf23c459466f6cbf4dd26e.jpg,733458005b8a2b8a6e3954fcd2172eac18b8659f8e09b02d25dae16f519873b0,f484837bdbe8c8c8,VF_00103,4,train
cataract_v01,train,21_JPG_jpg.rf.cec24202f78c41db33e43814aeddd2c9.jpg,immature,C:\Personal AI & ML PROJECTS\AI IN HEALTHCARE\MY PROJECT E PAARVAI\Cataract v01.v7i.folder\train\immature\21_JPG_jpg.rf.cec24202f78c41db33e43814aeddd2c9.jpg,25a25a89cafd085dcd5bc2947a9853fb45aac118ce93c88046d2a8e72e80e6a5,a1c1d62e8ebd9895,VF_00104,5,train
cataract_v01,train,21_JPG_jpg.rf.db110fa10e261e7c6b0445034355fb5b.jpg,immature,C:\Personal AI & ML PROJECTS\AI IN HEALTHCARE\MY PROJECT E PAARVAI\Cataract v01.v7i.folder\train\immature\21_JPG_jpg.rf.db110fa10e261e7c6b0445034355fb5b.jpg,74c29b4ef807dc4e617b05f2629e95818e66fe84a457fd8eddae462e95d71a47,a1c1d62e8ebd9895,VF_00104,5,train
cataract_v01,train,22_JPG.rf.619dd60b7d3e866c1169dcd93b19b263.jpg,immature,C:\Personal AI & ML PROJECTS\AI IN HEALTHCARE\MY PROJECT E PAARVAI\Cataract v01.v7i.folder\train\immature\22_JPG.rf.619dd60b7d3e866c1169dcd93b19b263.jpg,f6784f9f01f833898d60aab9c8c9c4b4986d0ef5c96760437e02fc1b89f4375a,b43bcbb0ccca9b09,VF_00105,2,train
cataract_v01,train,22_JPG.rf.9666e25554e78dd618da4f00f7fe798b.jpg,immature,C:\Personal AI & ML PROJECTS\AI IN HEALTHCARE\MY PROJECT E PAARVAI\Cataract v01.v7i.folder\train\immature\22_JPG.rf.9666e25554e78dd618da4f00f7fe798b.jpg,b4132e7538c8a16c8ba1518811c1034a3bf4f4940bfd523a34982f34eae59fb0,b43bcbb0ccca9b09,VF_00105,2,train
cataract_v01,train,22_JPG_jpg.rf.566d34047664ad9678be29cafd6bf92c.jpg,immature,C:\Personal AI & ML PROJECTS\AI IN HEALTHCARE\MY PROJECT E PAARVAI\Cataract v01.v7i.folder\train\immature\22_JPG_jpg.rf.566d34047664ad9678be29cafd6bf92c.jpg,786e5132a98b59fa24fa67d05de1b2014015edd4fc5eeb5ed4cdc91035b579bd,e16a9ea5999fc818,VF_00106,1,train
cataract_v01,train,23_JPG.rf.37777f890063589304862c5c9253bbb5.jpg,immature,C:\Personal AI & ML PROJECTS\AI IN HEALTHCARE\MY PROJECT E PAARVAI\Cataract v01.v7i.folder\train\immature\23_JPG.rf.37777f890063589304862c5c9253bbb5.jpg,5c2bb7c6b92a126dbd7ae1cf6d8f18257461a93f439cb934ce418cedbcd7f8d1,a42e8ba18c87b737,VF_00108,2,train
cataract_v01,train,23_JPG.rf.4e0488202b71b9376325084064b09218.jpg,immature,C:\Personal AI & ML PROJECTS\AI IN HEALTHCARE\MY PROJECT E PAARVAI\Cataract v01.v7i.folder\train\immature\23_JPG.rf.4e0488202b71b9376325084064b09218.jpg,9ef8ae3b03a98577b68278998820bf3677b55a71d9b5823b312751aed8945ea4,a42e8ba18c87b737,VF_00108,2,train
cataract_v01,train,23_JPG_jpg.rf.450d4200219c941ae5349b2fcb2251dd.jpg,immature,C:\Personal AI & ML PROJECTS\AI IN HEALTHCARE\MY PROJECT E PAARVAI\Cataract v01.v7i.folder\train\immature\23_JPG_jpg.rf.450d4200219c941ae5349b2fcb2251dd.jpg,bb157200ee9bba920eb479c6b85f655c7c20524efd9082138737b6bc2aea1e6d,f179def4d9506042,VF_00109,4,train
cataract_v01,train,23_JPG_jpg.rf.6a3771fb03c5135bd76518f805f1483a.jpg,immature,C:\Personal AI & ML PROJECTS\AI IN HEALTHCARE\MY PROJECT E PAARVAI\Cataract v01.v7i.folder\train\immature\23_JPG_jpg.rf.6a3771fb03c5135bd76518f805f1483a.jpg,1409e30087b70d542f8f8ea3fe4951466487da84bdff600125c2a0438121f49c,f179def4d9506042,VF_00109,4,train
cataract_v01,train,23_JPG_jpg.rf.c1ce9b9249eafd018b1307d4eaa692d8.jpg,immature,C:\Personal AI & ML PROJECTS\AI IN HEALTHCARE\MY PROJECT E PAARVAI\Cataract v01.v7i.folder\train\immature\23_JPG_jpg.rf.c1ce9b9249eafd018b1307d4eaa692d8.jpg,1008a70a7e6511d22c0271ea675a3b9002689833b292d5c03f2955af25de36b7,f1799ef4d950e042,VF_00110,2,train
cataract_v01,train,23_JPG_jpg.rf.e0753c004b2eb0e38b871ee4038b518f.jpg,immature,C:\Personal AI & ML PROJECTS\AI IN HEALTHCARE\MY PROJECT E PAARVAI\Cataract v01.v7i.folder\train\immature\23_JPG_jpg.rf.e0753c004b2eb0e38b871ee4038b518f.jpg,18dbd53a81d2fab10dfb0201a9ac06010e66e3da6c4f949514579caf724606cd,f179def4d9506042,VF_00109,4,train
cataract_v01,train,23_JPG_jpg.rf.f1d6150f9dba0395852b8df46266643e.jpg,immature,C:\Personal AI & ML PROJECTS\AI IN HEALTHCARE\MY PROJECT E PAARVAI\Cataract v01.v7i.folder\train\immature\23_JPG_jpg.rf.f1d6150f9dba0395852b8df46266643e.jpg,0cd65e4a1d244fba0125fc3022ab3fe1c64b4b593c947fce84a6cf0e66aa0ac8,f1799ef4d950e042,VF_00110,2,train
cataract_v01,train,23_JPG_jpg.rf.f40fbea753ec580d61a308298703d572.jpg,immature,C:\Personal AI & ML PROJECTS\AI IN HEALTHCARE\MY PROJECT E PAARVAI\Cataract v01.v7i.folder\train\immature\23_JPG_jpg.rf.f40fbea753ec580d61a308298703d572.jpg,631875852e473cc07a4359d28297281792e6b0ae9dbfc6e2e6a6e9406f8e4948,f179def4d9506042,VF_00109,4,train
cataract_v01,train,24_JPG.rf.3c30475cb51d8db168e9ce4cb48faa09.jpg,immature,C:\Personal AI & ML PROJECTS\AI IN HEALTHCARE\MY PROJECT E PAARVAI\Cataract v01.v7i.folder\train\immature\24_JPG.rf.3c30475cb51d8db168e9ce4cb48faa09.jpg,bb112abf4866cb7ccfa2b23ddf181b1240c701454b2bbd6eb83217785682a51c,e18b9fa0d6079b8c,VF_00111,2,train
cataract_v01,train,24_JPG.rf.ea4550ac890b54229ef6832936d65073.jpg,immature,C:\Personal AI & ML PROJECTS\AI IN HEALTHCARE\MY PROJECT E PAARVAI\Cataract v01.v7i.folder\train\immature\24_JPG.rf.ea4550ac890b54229ef6832936d65073.jpg,149a9f6e7a9f7106f90a592764fd0b01dab0427b39b1076f241c7929f5ad9ea4,e18b9fa0d6079b8c,VF_00111,2,train
cataract_v01,train,25_JPG.rf.549efeafc37483665e2c24c3a2fe6456.jpg,immature,C:\Personal AI & ML PROJECTS\AI IN HEALTHCARE\MY PROJECT E PAARVAI\Cataract v01.v7i.folder\train\immature\25_JPG.rf.549efeafc37483665e2c24c3a2fe6456.jpg,2961125b9376cb0f0c4a9c8b08d68e61cc112c118ce194412ffaf119cfc5528e,e02c9f7db8c0d8a3,VF_00113,3,train
cataract_v01,train,25_JPG.rf.a306cfa048d66912da7c6feb55cc0a9c.jpg,immature,C:\Personal AI & ML PROJECTS\AI IN HEALTHCARE\MY PROJECT E PAARVAI\Cataract v01.v7i.folder\train\immature\25_JPG.rf.a306cfa048d66912da7c6feb55cc0a9c.jpg,67e3b1ab6616cccd397e4a8a5ddcec1498a9c0e970f341b89f6dcb5e0c470183,e02c9f7db8c0d8a3,VF_00113,3,train
cataract_v01,train,26_JPG_jpg.rf.1fe7b66afaa013d27979cc0f4381857d.jpg,immature,C:\Personal AI & ML PROJECTS\AI IN HEALTHCARE\MY PROJECT E PAARVAI\Cataract v01.v7i.folder\train\immature\26_JPG_jpg.rf.1fe7b66afaa013d27979cc0f4381857d.jpg,c3a0b4a5e9879d8a4bbfbbc2f5ee5da643a596cdcd2e897b33f900ea6dbe5946,e087971a4e696f29,VF_00117,1,train
cataract_v01,train,27_JPG.rf.2486d12ac24f41b50602d6a351ca0cee.jpg,immature,C:\Personal AI & ML PROJECTS\AI IN HEALTHCARE\MY PROJECT E PAARVAI\Cataract v01.v7i.folder\train\immature\27_JPG.rf.2486d12ac24f41b50602d6a351ca0cee.jpg,997e6d55b14a942ef219472c0e54ad26d00ffe4c2eea1e80962335eb4c5e3c1d,e094879f9e7c1c70,VF_00118,4,train
cataract_v01,train,27_JPG.rf.5ee47f9e18fbf631dad4e5c1a6eb57b6.jpg,immature,C:\Personal AI & ML PROJECTS\AI IN HEALTHCARE\MY PROJECT E PAARVAI\Cataract v01.v7i.folder\train\immature\27_JPG.rf.5ee47f9e18fbf631dad4e5c1a6eb57b6.jpg,3b496f89e3f37d2aeb29d63a4d62b6590235828b12e5cd84294ce4a741ca1d56,e094879f9e7c1c70,VF_00118,4,train
cataract_v01,train,27_JPG_jpg.rf.0963f224878364cdc7c7177146993719.jpg,immature,C:\Personal AI & ML PROJECTS\AI IN HEALTHCARE\MY PROJECT E PAARVAI\Cataract v01.v7i.folder\train\immature\27_JPG_jpg.rf.0963f224878364cdc7c7177146993719.jpg,b289c52113acd1f10451d1c89086472099b4f094094c378039887c222f2cda44,b5c1d2cacba96925,VF_00119,5,train
cataract_v01,train,27_JPG_jpg.rf.180a60b94376a2788bb2f024f931aaaf.jpg,immature,C:\Personal AI & ML PROJECTS\AI IN HEALTHCARE\MY PROJECT E PAARVAI\Cataract v01.v7i.folder\train\immature\27_JPG_jpg.rf.180a60b94376a2788bb2f024f931aaaf.jpg,f2ab73da35104b0c31eb27c65ae0bcb6bf4f93151362576fd6646ba2d721a00e,e094879f9e7c1c70,VF_00118,4,train
cataract_v01,train,27_JPG_jpg.rf.568a448c237ddd1443190ac2594ab218.jpg,immature,C:\Personal AI & ML PROJECTS\AI IN HEALTHCARE\MY PROJECT E PAARVAI\Cataract v01.v7i.folder\train\immature\27_JPG_jpg.rf.568a448c237ddd1443190ac2594ab218.jpg,bb6e1032b487c86f9d78ab6accf50282add16e2a662beadd47e76449778731eb,b5c1d2cacba96925,VF_00119,5,train
cataract_v01,train,27_JPG_jpg.rf.91f8158d6eca869fe8fc27e8239d95f6.jpg,immature,C:\Personal AI & ML PROJECTS\AI IN HEALTHCARE\MY PROJECT E PAARVAI\Cataract v01.v7i.folder\train\immature\27_JPG_jpg.rf.91f8158d6eca869fe8fc27e8239d95f6.jpg,3ef2fd13e5c98f1aac4c4d6644b01f283ce441a2dbe493023f00ed973ad14813,e094879f9e7c1c70,VF_00118,4,train
cataract_v01,train,27_JPG_jpg.rf.a34c7bc22885597a45615bfe06d8c34d.jpg,immature,C:\Personal AI & ML PROJECTS\AI IN HEALTHCARE\MY PROJECT E PAARVAI\Cataract v01.v7i.folder\train\immature\27_JPG_jpg.rf.a34c7bc22885597a45615bfe06d8c34d.jpg,f7db4db0eec281217da53bdd2eae24cc5470a572c80e9ee9e97e96ef5e3326f7,b5c1d2cacba96925,VF_00119,5,train
cataract_v01,train,27_JPG_jpg.rf.df9ad5421b2a03cc278f56666e0193c2.jpg,immature,C:\Personal AI & ML PROJECTS\AI IN HEALTHCARE\MY PROJECT E PAARVAI\Cataract v01.v7i.folder\train\immature\27_JPG_jpg.rf.df9ad5421b2a03cc278f56666e0193c2.jpg,25d06d845716760bbd4b7b5fcc2e9e1bbe7da961df602baef6427b07b8c1e82c,b5c1d2cacba96925,VF_00119,5,train
cataract_v01,train,28_JPG_jpg.rf.2caac3c54955fd76d49e8b55242eea89.jpg,immature,C:\Personal AI & ML PROJECTS\AI IN HEALTHCARE\MY PROJECT E PAARVAI\Cataract v01.v7i.folder\train\immature\28_JPG_jpg.rf.2caac3c54955fd76d49e8b55242eea89.jpg,ed917a749f83f7ba0c001c99c7f479db0a44e5af6abf6b311f9aa818f4551186,ed79dc6083d30b8a,VF_00121,4,train
cataract_v01,train,28_JPG_jpg.rf.3e2d9fd944c2712df6affc9b0e674eb1.jpg,immature,C:\Personal AI & ML PROJECTS\AI IN HEALTHCARE\MY PROJECT E PAARVAI\Cataract v01.v7i.folder\train\immature\28_JPG_jpg.rf.3e2d9fd944c2712df6affc9b0e674eb1.jpg,fe0f13eaf4188bc601e9bd31b9e302870b6a25a138114b3a5324b4d1f94baa0a,ed79dc6083d30b8a,VF_00121,4,train
cataract_v01,train,28_JPG_jpg.rf.911db0ad46a307f789210bf4c8686c15.jpg,immature,C:\Personal AI & ML PROJECTS\AI IN HEALTHCARE\MY PROJECT E PAARVAI\Cataract v01.v7i.folder\train\immature\28_JPG_jpg.rf.911db0ad46a307f789210bf4c8686c15.jpg,a5fe62d03dc5db67c0ddb43270ae4cc1c4fbb49ca3cd284a8b061d5bce6e2a11,e57bdc6083d30b8a,VF_00122,2,train
cataract_v01,train,28_JPG_jpg.rf.92cdf150cb4150efc55123d7d56ff5de.jpg,immature,C:\Personal AI & ML PROJECTS\AI IN HEALTHCARE\MY PROJECT E PAARVAI\Cataract v01.v7i.folder\train\immature\28_JPG_jpg.rf.92cdf150cb4150efc55123d7d56ff5de.jpg,0799948f8c4b0a68691f92635244b80d24f9345bc1dbc4cbd4258da87961fabb,ed79dc6083d30b8a,VF_00121,4,train
cataract_v01,train,28_JPG_jpg.rf.e18a2f3e4dece06114da6f3f8969c2ff.jpg,immature,C:\Personal AI & ML PROJECTS\AI IN HEALTHCARE\MY PROJECT E PAARVAI\Cataract v01.v7i.folder\train\immature\28_JPG_jpg.rf.e18a2f3e4dece06114da6f3f8969c2ff.jpg,9f59188ae7541a7e3b9758dbe0e9c35aedd8f8a9a1090bec9b8ed12d4107cea0,e57bdc6083d30b8a,VF_00122,2,train
cataract_v01,train,28_JPG_jpg.rf.e50c7fa2b8fe7f5ea999732e0b3d8697.jpg,immature,C:\Personal AI & ML PROJECTS\AI IN HEALTHCARE\MY PROJECT E PAARVAI\Cataract v01.v7i.folder\train\immature\28_JPG_jpg.rf.e50c7fa2b8fe7f5ea999732e0b3d8697.jpg,f5668ed4fa48f8328674f4a1ba4a13238ecec0081610a71be1aa6eb8b47f401d,ed79dc6083d30b8a,VF_00121,4,train
cataract_v01,train,29_JPG.rf.4a62f5d603f04c7e15c23eaec0c24560.jpg,immature,C:\Personal AI & ML PROJECTS\AI IN HEALTHCARE\MY PROJECT E PAARVAI\Cataract v01.v7i.folder\train\immature\29_JPG.rf.4a62f5d603f04c7e15c23eaec0c24560.jpg,797ae4f1bcf75f7b40e6fe2ce4523e32ce4b509f4643e3ddd9e959a137dba12c,e16f9c6650d10fc3,VF_00123,4,train
cataract_v01,train,29_JPG.rf.d7e5a2b9cc55b7b8ffef84d292e6d1e9.jpg,immature,C:\Personal AI & ML PROJECTS\AI IN HEALTHCARE\MY PROJECT E PAARVAI\Cataract v01.v7i.folder\train\immature\29_JPG.rf.d7e5a2b9cc55b7b8ffef84d292e6d1e9.jpg,5c975fad5be714a86e3f62313715a9533fcf26e6a74b3baafe89e189dd7d4885,e16f9c6650d10fc3,VF_00123,4,train
cataract_v01,train,29_JPG_jpg.rf.235d98a65c7a7dd236fc9c6990fed8b7.jpg,immature,C:\Personal AI & ML PROJECTS\AI IN HEALTHCARE\MY PROJECT E PAARVAI\Cataract v01.v7i.folder\train\immature\29_JPG_jpg.rf.235d98a65c7a7dd236fc9c6990fed8b7.jpg,7a5e3f8264c6285edb3a0f6cf896a0a451bad67a204a2a7aef56b4c47d5657c8,e16f9c6650d10fc3,VF_00123,4,train
cataract_v01,train,29_JPG_jpg.rf.66616a18f213239d889b0bd1e3296b24.jpg,immature,C:\Personal AI & ML PROJECTS\AI IN HEALTHCARE\MY PROJECT E PAARVAI\Cataract v01.v7i.folder\train\immature\29_JPG_jpg.rf.66616a18f213239d889b0bd1e3296b24.jpg,27855652e4e4230138779e539c765a49cde06eeb0fadd7b953cd85dd86839f78,b43ec9731584da96,VF_00124,3,train
cataract_v01,train,29_JPG_jpg.rf.695eb24aab6f279480092bbc79f159fa.jpg,immature,C:\Personal AI & ML PROJECTS\AI IN HEALTHCARE\MY PROJECT E PAARVAI\Cataract v01.v7i.folder\train\immature\29_JPG_jpg.rf.695eb24aab6f279480092bbc79f159fa.jpg,0bc4cf181b04606e2f607cc3422906ad7f6908864b0ce0c11f7d288acb0ca295,e16f9c6650d10fc3,VF_00123,4,train
cataract_v01,train,29_JPG_jpg.rf.8982a3e39b5ef15a7499a4fe669049a1.jpg,immature,C:\Personal AI & ML PROJECTS\AI IN HEALTHCARE\MY PROJECT E PAARVAI\Cataract v01.v7i.folder\train\immature\29_JPG_jpg.rf.8982a3e39b5ef15a7499a4fe669049a1.jpg,5ff1ac0f19d6d7d35eaf8fba91d1a6ceafa975aedf33889d8a2bd28e7c2cce1f,b43ec9731584da96,VF_00124,3,train
cataract_v01,train,29_JPG_jpg.rf.c2183ff13af61f718134540696e4ec35.jpg,immature,C:\Personal AI & ML PROJECTS\AI IN HEALTHCARE\MY PROJECT E PAARVAI\Cataract v01.v7i.folder\train\immature\29_JPG_jpg.rf.c2183ff13af61f718134540696e4ec35.jpg,757755f4adbad60a32cdf97dfe314b8b9756356c4bcaa070b0b8cda09f350043,b43ec9731584da96,VF_00124,3,train
cataract_v01,train,29_JPG_jpg.rf.e20340ddc9409bd9facaef4829e25918.jpg,immature,C:\Personal AI & ML PROJECTS\AI IN HEALTHCARE\MY PROJECT E PAARVAI\Cataract v01.v7i.folder\train\immature\29_JPG_jpg.rf.e20340ddc9409bd9facaef4829e25918.jpg,2f10b7fbb34447a08ebb1ae877ee77f04f6233c617cb35fb04b5cc8ead53f76a,b43ac9733584da96,VF_00125,1,train
cataract_v01,train,2_jpg.rf.115f3a248b59fbc9b82d52c5ded82298.jpg,immature,C:\Personal AI & ML PROJECTS\AI IN HEALTHCARE\MY PROJECT E PAARVAI\Cataract v01.v7i.folder\train\immature\2_jpg.rf.115f3a248b59fbc9b82d52c5ded82298.jpg,e4f230ea5004821577fb4f923516c566339dd045b5334f0d0055388c0aab3646,e33b9ee8d023c784,VF_00126,8,train
cataract_v01,train,2_jpg.rf.2e65ec2b3ec20ca3f3340fab7879b48b.jpg,immature,C:\Personal AI & ML PROJECTS\AI IN HEALTHCARE\MY PROJECT E PAARVAI\Cataract v01.v7i.folder\train\immature\2_jpg.rf.2e65ec2b3ec20ca3f3340fab7879b48b.jpg,daf4d83fd4c7982c5397ac5cc07d51f224934aaccb07fc3510eb18042cca3a8e,e33b9ee8d023c784,VF_00126,8,train
cataract_v01,train,2_jpg.rf.630bd9104bab1423eb248ffc761f71d7.jpg,immature,C:\Personal AI & ML PROJECTS\AI IN HEALTHCARE\MY PROJECT E PAARVAI\Cataract v01.v7i.folder\train\immature\2_jpg.rf.630bd9104bab1423eb248ffc761f71d7.jpg,e2909c6ed131984e481804d9666994596133aab26e766d77b70afeb4d8b1ef54,e33b9ee8d023c784,VF_00126,8,train
cataract_v01,train,2_jpg.rf.638dcdf3c272be983917e2997c693fc9.jpg,immature,C:\Personal AI & ML PROJECTS\AI IN HEALTHCARE\MY PROJECT E PAARVAI\Cataract v01.v7i.folder\train\immature\2_jpg.rf.638dcdf3c272be983917e2997c693fc9.jpg,7b0c122408562c68713b8e4bc05250c1b741521b2e6ba8157849e8a35a5196f6,e33b9ee8d023c784,VF_00126,8,train
cataract_v01,train,2_jpg.rf.669abbd8adf349b1c8e104a8c2fa5181.jpg,immature,C:\Personal AI & ML PROJECTS\AI IN HEALTHCARE\MY PROJECT E PAARVAI\Cataract v01.v7i.folder\train\immature\2_jpg.rf.669abbd8adf349b1c8e104a8c2fa5181.jpg,9cc0d95499ddb188cb49d38402d984dba2b0e9b36c77e13e0a42b82bdeff0c48,e33b9ee8d023c784,VF_00126,8,train
cataract_v01,train,2_jpg.rf.7fca704e07f7ff0e728372667647483a.jpg,immature,C:\Personal AI & ML PROJECTS\AI IN HEALTHCARE\MY PROJECT E PAARVAI\Cataract v01.v7i.folder\train\immature\2_jpg.rf.7fca704e07f7ff0e728372667647483a.jpg,1570a0afffb76a6fc7cfb76428d8338bc2bdad2b1a76e732c833e0ddc0897ad5,e33b9ee8d023c784,VF_00126,8,train
cataract_v01,train,2_jpg.rf.93513b28d0c2011900b63c7d839933b8.jpg,immature,C:\Personal AI & ML PROJECTS\AI IN HEALTHCARE\MY PROJECT E PAARVAI\Cataract v01.v7i.folder\train\immature\2_jpg.rf.93513b28d0c2011900b63c7d839933b8.jpg,95bada48b4915e06ac590f65a08780028955100808764ef69f93e5ba2751bc1b,e33b9ee8d023c784,VF_00126,8,train
cataract_v01,train,30_jpg.rf.5db2d1b8dbe3f39bb56e491008a6297a.jpg,immature,C:\Personal AI & ML PROJECTS\AI IN HEALTHCARE\MY PROJECT E PAARVAI\Cataract v01.v7i.folder\train\immature\30_jpg.rf.5db2d1b8dbe3f39bb56e491008a6297a.jpg,c58657eb1aba57eeed51a5c6f4a7a2157ff7148aa0e8ac070c4f4d034d3dfd57,e01effe8e0e2438a,VF_00128,2,train
cataract_v01,train,30_jpg.rf.62f549644510bc05d22785d466c7f8df.jpg,immature,C:\Personal AI & ML PROJECTS\AI IN HEALTHCARE\MY PROJECT E PAARVAI\Cataract v01.v7i.folder\train\immature\30_jpg.rf.62f549644510bc05d22785d466c7f8df.jpg,1914be0e66305c998f3aabbe00c333de79ce48a9773407f4dbaa472f5cc97bfe,e01effe8e0e2438a,VF_00128,2,train
cataract_v01,train,30_jpg.rf.b617edae736497971d20b7b88d316ad9.jpg,immature,C:\Personal AI & ML PROJECTS\AI IN HEALTHCARE\MY PROJECT E PAARVAI\Cataract v01.v7i.folder\train\immature\30_jpg.rf.b617edae736497971d20b7b88d316ad9.jpg,3d89128678f157edf185b575e919f7c1e606e248f7af78908d463998ae1252b2,e01fff68e0e2438a,VF_00129,1,train
cataract_v01,train,30_jpg.rf.cb618e56bbb4a67460c1be23ab7c0170.jpg,immature,C:\Personal AI & ML PROJECTS\AI IN HEALTHCARE\MY PROJECT E PAARVAI\Cataract v01.v7i.folder\train\immature\30_jpg.rf.cb618e56bbb4a67460c1be23ab7c0170.jpg,6467edaf1dc6022cf8b6bbec41b1cd151f2cdf4ff613124b7e3da65aec049e8f,e01fdf68e0e2638a,VF_00130,1,train
cataract_v01,train,3_JPG.rf.248dd91dbc2d558f1b4905c5895622cd.jpg,immature,C:\Personal AI & ML PROJECTS\AI IN HEALTHCARE\MY PROJECT E PAARVAI\Cataract v01.v7i.folder\train\immature\3_JPG.rf.248dd91dbc2d558f1b4905c5895622cd.jpg,975ca3b5f1949cfabf4cd6779d39c92273e02d31d03aed7107034b57b4897fbf,f425d3f7cec80891,VF_00131,1,train
cataract_v01,train,3_JPG_jpg.rf.7149b40c2261206db7ea15e0a2d8a3ea.jpg,immature,C:\Personal AI & ML PROJECTS\AI IN HEALTHCARE\MY PROJECT E PAARVAI\Cataract v01.v7i.folder\train\immature\3_JPG_jpg.rf.7149b40c2261206db7ea15e0a2d8a3ea.jpg,5ff88b7d4ecef9ba3ae38d3e8ab217c86914f68c6338cb1136cd2ea1aa86d08f,a17086a29fdd5dc4,VF_00133,2,train
cataract_v01,train,3_JPG_jpg.rf.90435a6d820207047b1b57703acfbc23.jpg,immature,C:\Personal AI & ML PROJECTS\AI IN HEALTHCARE\MY PROJECT E PAARVAI\Cataract v01.v7i.folder\train\immature\3_JPG_jpg.rf.90435a6d820207047b1b57703acfbc23.jpg,d3672c357fd9ff767e63763d0c1a8e78898750087a41a23c9f62dbee8b64d4d4,a17086a29fdd5dc4,VF_00133,2,train
cataract_v01,train,3_JPG_jpg.rf.d00352e096005cfe6d75c162d119a084.jpg,immature,C:\Personal AI & ML PROJECTS\AI IN HEALTHCARE\MY PROJECT E PAARVAI\Cataract v01.v7i.folder\train\immature\3_JPG_jpg.rf.d00352e096005cfe6d75c162d119a084.jpg,2129a16b3e0061ce9cc3272e60b16851ab97527b2503e2746b93b3d04a96b985,f425d3f7ce880c91,VF_00134,1,train
cataract_v01,train,4_jpg.rf.0d15b31c479d3eecc51e68debfae5507.jpg,immature,C:\Personal AI & ML PROJECTS\AI IN HEALTHCARE\MY PROJECT E PAARVAI\Cataract v01.v7i.folder\train\immature\4_jpg.rf.0d15b31c479d3eecc51e68debfae5507.jpg,98121d171355467500cdcdc63b10570362deaf13accf7a4bd4416db07b9c8b64,e2ff9ca0848f728c,VF_00135,2,train
cataract_v01,train,4_jpg.rf.0e257281b6c48ce4332f93ea8029e641.jpg,immature,C:\Personal AI & ML PROJECTS\AI IN HEALTHCARE\MY PROJECT E PAARVAI\Cataract v01.v7i.folder\train\immature\4_jpg.rf.0e257281b6c48ce4332f93ea8029e641.jpg,ae78a7d963e718ec4f8d626785c0031f6fa5b1150a103aa8735189d43b58969a,e2fe9ce0848f728c,VF_00136,2,train
cataract_v01,train,4_jpg.rf.17dbb69710ddfd9054c48cb87309a2b2.jpg,immature,C:\Personal AI & ML PROJECTS\AI IN HEALTHCARE\MY PROJECT E PAARVAI\Cataract v01.v7i.folder\train\immature\4_jpg.rf.17dbb69710ddfd9054c48cb87309a2b2.jpg,6b1a4416443ac530bf773c6289f60b8b4de1ee709e2a41595bf90ee7390ec5d2,e2fe9ce0848f728c,VF_00136,2,train
cataract_v01,train,4_jpg.rf.2051aaac68f30fa2c7bfcf9fb23005a2.jpg,immature,C:\Personal AI & ML PROJECTS\AI IN HEALTHCARE\MY PROJECT E PAARVAI\Cataract v01.v7i.folder\train\immature\4_jpg.rf.2051aaac68f30fa2c7bfcf9fb23005a2.jpg,5b7cfe333dcd786ca0fc22e8ce0939a41635565247909659c873aeedaef65ec0,b7aac8a4d0da23d9,VF_00137,1,train
cataract_v01,train,4_jpg.rf.ef89556dd0d4dd6baa967709186b1a5d.jpg,immature,C:\Personal AI & ML PROJECTS\AI IN HEALTHCARE\MY PROJECT E PAARVAI\Cataract v01.v7i.folder\train\immature\4_jpg.rf.ef89556dd0d4dd6baa967709186b1a5d.jpg,6589ee5ed94faa8eb238130ca07cdbe73e23b69aaa792af994f97066a75cee67,e2ff9ca0848f728c,VF_00135,2,train
cataract_v01,train,5_jpg.rf.402fee1576ecb3bb341126f13d67287b.jpg,immature,C:\Personal AI & ML PROJECTS\AI IN HEALTHCARE\MY PROJECT E PAARVAI\Cataract v01.v7i.folder\train\immature\5_jpg.rf.402fee1576ecb3bb341126f13d67287b.jpg,49022e8de83e1b47111e4fb1b3ce645076f1a971e2272792775dc741f74649d7,c60e1a9a6f7d6066,VF_00139,5,train
cataract_v01,train,5_jpg.rf.a655715d8062e53d18638b6b2b301290.jpg,immature,C:\Personal AI & ML PROJECTS\AI IN HEALTHCARE\MY PROJECT E PAARVAI\Cataract v01.v7i.folder\train\immature\5_jpg.rf.a655715d8062e53d18638b6b2b301290.jpg,4db7971699234e63d55444950e348cd4ab503af9a1838e88738ddfa0af54924d,915f4fcf3a203531,VF_00140,4,train
cataract_v01,train,5_jpg.rf.be52fb8fbd9fa8493c94018e1d809e7c.jpg,immature,C:\Personal AI & ML PROJECTS\AI IN HEALTHCARE\MY PROJECT E PAARVAI\Cataract v01.v7i.folder\train\immature\5_jpg.rf.be52fb8fbd9fa8493c94018e1d809e7c.jpg,1b26ed5e6ad57b65d61194bf23b9b74a622307d1d626eb39ffa87ef3bd95340d,c60e1a9a6f7d6066,VF_00139,5,train
cataract_v01,train,5_jpg.rf.d3802daa07840469dae7f7438016ac1c.jpg,immature,C:\Personal AI & ML PROJECTS\AI IN HEALTHCARE\MY PROJECT E PAARVAI\Cataract v01.v7i.folder\train\immature\5_jpg.rf.d3802daa07840469dae7f7438016ac1c.jpg,9d0461d34023482e680548b562bb4f9e883abf38133e97414f36d97efb404418,915f4fcf3a203531,VF_00140,4,train
cataract_v01,train,5_jpg.rf.d91ba1f80e387c23da5758314ff37eb6.jpg,immature,C:\Personal AI & ML PROJECTS\AI IN HEALTHCARE\MY PROJECT E PAARVAI\Cataract v01.v7i.folder\train\immature\5_jpg.rf.d91ba1f80e387c23da5758314ff37eb6.jpg,546d5f0bb5b55cd223ae904f89855db8f362db5875d43356c8e04bcdd08d2127,c60e1a9a6f7d6066,VF_00139,5,train
cataract_v01,train,5_jpg.rf.e46360340b7f3cae846a4993e33651ba.jpg,immature,C:\Personal AI & ML PROJECTS\AI IN HEALTHCARE\MY PROJECT E PAARVAI\Cataract v01.v7i.folder\train\immature\5_jpg.rf.e46360340b7f3cae846a4993e33651ba.jpg,5713fbda0d0fd95baba283bbffe188ba7e0adbd5c62c4f50111a5e392cf373c0,c60e1a9a6f7d6066,VF_00139,5,train
cataract_v01,train,5_jpg.rf.f48bcce95b2e560399b8843d31feb844.jpg,immature,C:\Personal AI & ML PROJECTS\AI IN HEALTHCARE\MY PROJECT E PAARVAI\Cataract v01.v7i.folder\train\immature\5_jpg.rf.f48bcce95b2e560399b8843d31feb844.jpg,02ba77b38dae2012200b3757468c21afa6d004cd8a7fa427154f9424769e1cac,915f4fcf3a203531,VF_00140,4,train
cataract_v01,train,5_jpg.rf.ff829e89d8343619083f109eecf2e099.jpg,immature,C:\Personal AI & ML PROJECTS\AI IN HEALTHCARE\MY PROJECT E PAARVAI\Cataract v01.v7i.folder\train\immature\5_jpg.rf.ff829e89d8343619083f109eecf2e099.jpg,7d0f17e491d4c68c700c8396c19ddac44600ae7ac83d7696032af5f553e619d9,915f4fcf3a203531,VF_00140,4,train
cataract_v01,train,6_jpg.rf.14b632131efd58c82fa987e6437e5c63.jpg,immature,C:\Personal AI & ML PROJECTS\AI IN HEALTHCARE\MY PROJECT E PAARVAI\Cataract v01.v7i.folder\train\immature\6_jpg.rf.14b632131efd58c82fa987e6437e5c63.jpg,52514e68519489410e7cc29d34b060bc8d288cc5c158de223f1c491404ebf765,d449cbf4cee14c64,VF_00141,2,train
cataract_v01,train,6_jpg.rf.249a7bb92cf78b5401b92f06511a8280.jpg,immature,C:\Personal AI & ML PROJECTS\AI IN HEALTHCARE\MY PROJECT E PAARVAI\Cataract v01.v7i.folder\train\immature\6_jpg.rf.249a7bb92cf78b5401b92f06511a8280.jpg,a96da736b41950c605db73f4c49087f6f42c0a2641b1c54eb2247af0a4060f3b,d449cbf4cee14c64,VF_00141,2,train
cataract_v01,train,7_jpg.rf.669c2ad76dd6ecb862445845fc0bcc3b.jpg,immature,C:\Personal AI & ML PROJECTS\AI IN HEALTHCARE\MY PROJECT E PAARVAI\Cataract v01.v7i.folder\train\immature\7_jpg.rf.669c2ad76dd6ecb862445845fc0bcc3b.jpg,e715cb12be39e8c922c47333d4cf6166eeaa414af0f85cabd60d57a896385443,f2b2ede13492329a,VF_00143,4,train
cataract_v01,train,7_jpg.rf.8f8198ccc38491678218ab052b43202a.jpg,immature,C:\Personal AI & ML PROJECTS\AI IN HEALTHCARE\MY PROJECT E PAARVAI\Cataract v01.v7i.folder\train\immature\7_jpg.rf.8f8198ccc38491678218ab052b43202a.jpg,11bf4bf59eb858b2293db53b179d5893217034ce122dd740ffe5602d44efdfdf,f2b2ede13492329a,VF_00143,4,train
cataract_v01,train,7_jpg.rf.cfdfe97ddade938e62d5ab45236a94a1.jpg,immature,C:\Personal AI & ML PROJECTS\AI IN HEALTHCARE\MY PROJECT E PAARVAI\Cataract v01.v7i.folder\train\immature\7_jpg.rf.cfdfe97ddade938e62d5ab45236a94a1.jpg,e0ff6d3b011fa8ef54e2f9ce019ce5e8c4cf7e4691379c4755f45e0989ba3e2b,f2b2ede13492329a,VF_00143,4,train
cataract_v01,train,7_jpg.rf.f63c241e9de82c95ad8880837f3b0361.jpg,immature,C:\Personal AI & ML PROJECTS\AI IN HEALTHCARE\MY PROJECT E PAARVAI\Cataract v01.v7i.folder\train\immature\7_jpg.rf.f63c241e9de82c95ad8880837f3b0361.jpg,cca9d92243eb51352f723dea5423e26869b01020601d18504606358ea7c61837,f2b2ede13492329a,VF_00143,4,train
cataract_v01,train,8_jpg.rf.0b259c466827c6e731f9d4347dcae8ff.jpg,immature,C:\Personal AI & ML PROJECTS\AI IN HEALTHCARE\MY PROJECT E PAARVAI\Cataract v01.v7i.folder\train\immature\8_jpg.rf.0b259c466827c6e731f9d4347dcae8ff.jpg,ecd2b5e4bd2912750bf77f8f1412234c889c3316a36aec8f64a75af2eebd53b0,90320fb13cce3677,VF_00145,6,train
cataract_v01,train,8_jpg.rf.207be38e8ca7ae47eb11289637751c2a.jpg,immature,C:\Personal AI & ML PROJECTS\AI IN HEALTHCARE\MY PROJECT E PAARVAI\Cataract v01.v7i.folder\train\immature\8_jpg.rf.207be38e8ca7ae47eb11289637751c2a.jpg,4200fede142cfad88b38000dd2186ca492efc216ec0cc3751f869d6e5addcac3,90320fb13cce3677,VF_00145,6,train
cataract_v01,train,8_jpg.rf.613da10408595212b7e9b57b114120d0.jpg,immature,C:\Personal AI & ML PROJECTS\AI IN HEALTHCARE\MY PROJECT E PAARVAI\Cataract v01.v7i.folder\train\immature\8_jpg.rf.613da10408595212b7e9b57b114120d0.jpg,2cd2e3ead553d5917fcdc71e692148e6825ce6ea542784fd19ba921441ae16e0,90320fb13cce3677,VF_00145,6,train
cataract_v01,train,8_jpg.rf.6cdebca8854a94658af0cb2532310f80.jpg,immature,C:\Personal AI & ML PROJECTS\AI IN HEALTHCARE\MY PROJECT E PAARVAI\Cataract v01.v7i.folder\train\immature\8_jpg.rf.6cdebca8854a94658af0cb2532310f80.jpg,26abf592215dbc332afe47b5c08f104047b465a9fc117bd12116ad0c6ac770b8,90320fb13cce3677,VF_00145,6,train
cataract_v01,train,8_jpg.rf.c7e8d501cb9737793837bf82b0994b41.jpg,immature,C:\Personal AI & ML PROJECTS\AI IN HEALTHCARE\MY PROJECT E PAARVAI\Cataract v01.v7i.folder\train\immature\8_jpg.rf.c7e8d501cb9737793837bf82b0994b41.jpg,6588f1f4136bbdfdb8058cd86627e09ff1cb845c93fb7d20a77372b7324730d4,90320fb13cce3677,VF_00145,6,train
cataract_v01,train,8_jpg.rf.f34fd691222c1ae6f69d89890be68a19.jpg,immature,C:\Personal AI & ML PROJECTS\AI IN HEALTHCARE\MY PROJECT E PAARVAI\Cataract v01.v7i.folder\train\immature\8_jpg.rf.f34fd691222c1ae6f69d89890be68a19.jpg,812dcf38dee1605fde9913b0baaf24934a8c3bd06ef3a4146075ed9336912c10,90320fb13cce3677,VF_00145,6,train
cataract_v01,train,9_jpg.rf.05500cdd1cc51d0b675cda903f42a98a.jpg,immature,C:\Personal AI & ML PROJECTS\AI IN HEALTHCARE\MY PROJECT E PAARVAI\Cataract v01.v7i.folder\train\immature\9_jpg.rf.05500cdd1cc51d0b675cda903f42a98a.jpg,6363cb131797fed83a8ea10128f7f3df83cdf25085c21a96194e4fa8b2187836,b03deff0c463b1c0,VF_00146,3,train
cataract_v01,train,9_jpg.rf.065f2dcf04276a5b88d411034106e1b7.jpg,immature,C:\Personal AI & ML PROJECTS\AI IN HEALTHCARE\MY PROJECT E PAARVAI\Cataract v01.v7i.folder\train\immature\9_jpg.rf.065f2dcf04276a5b88d411034106e1b7.jpg,16ba7f4ea003ec6f48906087c919ca56c8ddff1079bc2431e4eea7e5739c3e82,b03dedf0c463b3c0,VF_00147,5,train
cataract_v01,train,9_jpg.rf.1ed32b86c5f0e67b1a276eae0db406dc.jpg,immature,C:\Personal AI & ML PROJECTS\AI IN HEALTHCARE\MY PROJECT E PAARVAI\Cataract v01.v7i.folder\train\immature\9_jpg.rf.1ed32b86c5f0e67b1a276eae0db406dc.jpg,ba3951c4cc4016ecde6b8d78e7381ed46758fad36ae5a2b515f8c1fe4fc4ccd3,b03dedf0c463b3c0,VF_00147,5,train
cataract_v01,train,9_jpg.rf.b6fbb2fc8c44b7ca270e0aacfe411721.jpg,immature,C:\Personal AI & ML PROJECTS\AI IN HEALTHCARE\MY PROJECT E PAARVAI\Cataract v01.v7i.folder\train\immature\9_jpg.rf.b6fbb2fc8c44b7ca270e0aacfe411721.jpg,67aff53c2097416d6cad28a038efa84b4e4824bfffc6207f1ff9700a0f419850,b03deff0c463b1c0,VF_00146,3,train
cataract_v01,train,9_jpg.rf.b8ac9f5293859ce728134d664a5bcb8c.jpg,immature,C:\Personal AI & ML PROJECTS\AI IN HEALTHCARE\MY PROJECT E PAARVAI\Cataract v01.v7i.folder\train\immature\9_jpg.rf.b8ac9f5293859ce728134d664a5bcb8c.jpg,7efd5449dcef4f2a74f2d9ac83edac9334cc53d1b8a43c81fa56b725d707e092,b03dedf0c463b3c0,VF_00147,5,train
cataract_v01,train,9_jpg.rf.babba7ef325513d9a53701272074df5e.jpg,immature,C:\Personal AI & ML PROJECTS\AI IN HEALTHCARE\MY PROJECT E PAARVAI\Cataract v01.v7i.folder\train\immature\9_jpg.rf.babba7ef325513d9a53701272074df5e.jpg,3216e066ce37f0fff78a6bc358820235f48a2c3b8a0993262b070988cb329f07,b03dedf0c463b3c0,VF_00147,5,train
cataract_v01,train,9_jpg.rf.ddd3f6ecfc11c1ae1be1ecf4984dc5b5.jpg,immature,C:\Personal AI & ML PROJECTS\AI IN HEALTHCARE\MY PROJECT E PAARVAI\Cataract v01.v7i.folder\train\immature\9_jpg.rf.ddd3f6ecfc11c1ae1be1ecf4984dc5b5.jpg,61464d3dd55cda43f7b6e3e568a3a09be322c0b4fc833be5613e447e9ec48f3f,b03dedf0c463b3c0,VF_00147,5,train
cataract_v01,train,9_jpg.rf.e6a56a10c6a4f8a6dd6851cae0f09082.jpg,immature,C:\Personal AI & ML PROJECTS\AI IN HEALTHCARE\MY PROJECT E PAARVAI\Cataract v01.v7i.folder\train\immature\9_jpg.rf.e6a56a10c6a4f8a6dd6851cae0f09082.jpg,8b00e7ff5f7ee5e6782091e58642eba17e9f51fbc7af85005d82887ab701bdcf,b03deff0c463b1c0,VF_00146,3,train
cataract_v01,train,10_JPG.rf.e1c59b7cb3c16f38aea8228b2b06b31c.jpg,mature,C:\Personal AI & ML PROJECTS\AI IN HEALTHCARE\MY PROJECT E PAARVAI\Cataract v01.v7i.folder\train\mature\10_JPG.rf.e1c59b7cb3c16f38aea8228b2b06b31c.jpg,d3ce857b80f9778b9c0eecf51aa0ce964d7fe2faab5e5dccc41997d55c1e1695,c1e93ef4d88103cf,VF_00149,3,train
cataract_v01,train,10_JPG_jpg.rf.0c2c72899dbde1d580f44456dac7eea0.jpg,mature,C:\Personal AI & ML PROJECTS\AI IN HEALTHCARE\MY PROJECT E PAARVAI\Cataract v01.v7i.folder\train\mature\10_JPG_jpg.rf.0c2c72899dbde1d580f44456dac7eea0.jpg,7ee3c2d24f68ef152a4ac90075d5cd75dfd63fb04a74e3cac36b61cc09a9eef6,94bc6ba38dd4329a,VF_00150,2,train
cataract_v01,train,10_JPG_jpg.rf.b22ef42fcb51b96d85bce55e84b402a8.jpg,mature,C:\Personal AI & ML PROJECTS\AI IN HEALTHCARE\MY PROJECT E PAARVAI\Cataract v01.v7i.folder\train\mature\10_JPG_jpg.rf.b22ef42fcb51b96d85bce55e84b402a8.jpg,e5e9943aa2500ab31aaa8ff0426a5ba7c4af205970adc14fbd2f4df58e9a737a,c1e93ef4d88103cf,VF_00149,3,train
cataract_v01,train,10_JPG_jpg.rf.d76c2d7bc8c8d05cedb67a5d3c22c23a.jpg,mature,C:\Personal AI & ML PROJECTS\AI IN HEALTHCARE\MY PROJECT E PAARVAI\Cataract v01.v7i.folder\train\mature\10_JPG_jpg.rf.d76c2d7bc8c8d05cedb67a5d3c22c23a.jpg,9ba9ceac16fb37232467748eab017db8442fa3182b29168b4a84c405f4f2f884,c1e93ef4d88103cf,VF_00149,3,train
cataract_v01,train,10_JPG_jpg.rf.f03bf3b591403239fbde3396a6a3279c.jpg,mature,C:\Personal AI & ML PROJECTS\AI IN HEALTHCARE\MY PROJECT E PAARVAI\Cataract v01.v7i.folder\train\mature\10_JPG_jpg.rf.f03bf3b591403239fbde3396a6a3279c.jpg,3d416f14f048f76426c9612bbed1ec1e1b773dc3c35eef85e8948cd271041ff3,94bc6ba38dd4329a,VF_00150,2,train
cataract_v01,train,11_JPG.rf.4a3eae6ea997c881e1a14b8914ec70cf.jpg,mature,C:\Personal AI & ML PROJECTS\AI IN HEALTHCARE\MY PROJECT E PAARVAI\Cataract v01.v7i.folder\train\mature\11_JPG.rf.4a3eae6ea997c881e1a14b8914ec70cf.jpg,6e191575d049c73f1df5d4e0f65de5d838a8c4c4a6625391805221fcde57bdcc,c31c3c3033e56fc6,VF_00151,5,train
cataract_v01,train,11_JPG.rf.a40b090e6a7a6d33112c23ffb8dd4e97.jpg,mature,C:\Personal AI & ML PROJECTS\AI IN HEALTHCARE\MY PROJECT E PAARVAI\Cataract v01.v7i.folder\train\mature\11_JPG.rf.a40b090e6a7a6d33112c23ffb8dd4e97.jpg,0b55d72043759c5d88696e70ca3152b9253c8e74337a7e010b39675f61281f75,c31c3c3033e56fc6,VF_00151,5,train
cataract_v01,train,11_JPG_jpg.rf.1ed837824287becd1c41c5c9828cc6b6.jpg,mature,C:\Personal AI & ML PROJECTS\AI IN HEALTHCARE\MY PROJECT E PAARVAI\Cataract v01.v7i.folder\train\mature\11_JPG_jpg.rf.1ed837824287becd1c41c5c9828cc6b6.jpg,c4f8e83c0b96ee88ff8d1f6d035af6042d2f95708ad2507c5aa363bd7693705f,9648696f66b23a93,VF_00152,1,train
cataract_v01,train,11_JPG_jpg.rf.4f346b3203b7da543b9d315790a1f720.jpg,mature,C:\Personal AI & ML PROJECTS\AI IN HEALTHCARE\MY PROJECT E PAARVAI\Cataract v01.v7i.folder\train\mature\11_JPG_jpg.rf.4f346b3203b7da543b9d315790a1f720.jpg,70a9f9a47d4f90240d9c3639550aa8977dcfee7e7938b9a0b828d81979c23a96,c31c3c3033e56fc6,VF_00151,5,train
cataract_v01,train,11_JPG_jpg.rf.5654b129341244ea8e6bf985feb37735.jpg,mature,C:\Personal AI & ML PROJECTS\AI IN HEALTHCARE\MY PROJECT E PAARVAI\Cataract v01.v7i.folder\train\mature\11_JPG_jpg.rf.5654b129341244ea8e6bf985feb37735.jpg,aa15e02b59996f423efa4a69d593d1d54722fb0be74eb4974abc2b3afc8403f2,c31c3c3033e56fc6,VF_00151,5,train
cataract_v01,train,11_JPG_jpg.rf.e17641e8c055837394cd1de997b11bbb.jpg,mature,C:\Personal AI & ML PROJECTS\AI IN HEALTHCARE\MY PROJECT E PAARVAI\Cataract v01.v7i.folder\train\mature\11_JPG_jpg.rf.e17641e8c055837394cd1de997b11bbb.jpg,3387232df062b5ae60cbb7595a8b7b5c6462c4dd8a1bd4b13d67c0e284b0d1a2,9649696f66b03a93,VF_00153,1,train
cataract_v01,train,13_JPG.rf.e5ee3407f8ba85c6be18a418b68d35c6.jpg,mature,C:\Personal AI & ML PROJECTS\AI IN HEALTHCARE\MY PROJECT E PAARVAI\Cataract v01.v7i.folder\train\mature\13_JPG.rf.e5ee3407f8ba85c6be18a418b68d35c6.jpg,8ba59023d9d44e58e30f07eafce8f1e117831b3ec8a117e18e6647bfe522fd1e,b413135edc794873,VF_00156,3,train
cataract_v01,train,13_JPG.rf.fea9fa79a5ee133fdfb3a090f7672ba3.jpg,mature,C:\Personal AI & ML PROJECTS\AI IN HEALTHCARE\MY PROJECT E PAARVAI\Cataract v01.v7i.folder\train\mature\13_JPG.rf.fea9fa79a5ee133fdfb3a090f7672ba3.jpg,46fc2cdeaf219c6fd4466ee68feaeb40cccd3412b0280c46763c8aa0483ded6f,b413135edc794873,VF_00156,3,train
cataract_v01,train,13_JPG_jpg.rf.4d49c4227312f531df8e3b7127581fde.jpg,mature,C:\Personal AI & ML PROJECTS\AI IN HEALTHCARE\MY PROJECT E PAARVAI\Cataract v01.v7i.folder\train\mature\13_JPG_jpg.rf.4d49c4227312f531df8e3b7127581fde.jpg,0dcf32dd09ab7f5f70a512095cad72c9f28ef47272c74b925239f2e94f9570fe,e146460b9f2d1d76,VF_00157,4,train
cataract_v01,train,13_JPG_jpg.rf.5e5330ade0213f0672f1c2cfc53e9cd4.jpg,mature,C:\Personal AI & ML PROJECTS\AI IN HEALTHCARE\MY PROJECT E PAARVAI\Cataract v01.v7i.folder\train\mature\13_JPG_jpg.rf.5e5330ade0213f0672f1c2cfc53e9cd4.jpg,98868d3058a5184cf7a95e430be0f3a8acdab4cb11c73e26a3dfd99ce0b3135f,e146460b9f2d1d76,VF_00157,4,train
cataract_v01,train,13_JPG_jpg.rf.6af10ebf2dd05afe1e685b44b8b4c6b8.jpg,mature,C:\Personal AI & ML PROJECTS\AI IN HEALTHCARE\MY PROJECT E PAARVAI\Cataract v01.v7i.folder\train\mature\13_JPG_jpg.rf.6af10ebf2dd05afe1e685b44b8b4c6b8.jpg,1b9a9eac7b61386ed13a01c9e3d248083d06d900a7c9908c7e68ffd8f9193cfb,e146460b9f2d1d76,VF_00157,4,train
cataract_v01,train,13_JPG_jpg.rf.ebf729c64d141439609807dad7ce8127.jpg,mature,C:\Personal AI & ML PROJECTS\AI IN HEALTHCARE\MY PROJECT E PAARVAI\Cataract v01.v7i.folder\train\mature\13_JPG_jpg.rf.ebf729c64d141439609807dad7ce8127.jpg,d604cc61307b3e0aec5be97baeef448e4e235fb400c2ca2af777177672375942,e146460b9f2d1d76,VF_00157,4,train
cataract_v01,train,14_JPG_jpg.rf.0d2f7e3e6f6b5666db4bba33328edddd.jpg,mature,C:\Personal AI & ML PROJECTS\AI IN HEALTHCARE\MY PROJECT E PAARVAI\Cataract v01.v7i.folder\train\mature\14_JPG_jpg.rf.0d2f7e3e6f6b5666db4bba33328edddd.jpg,dd9406724c4079ae33bd44676e59be90741ffb72fdb49257e0955b5204b0a79b,f53a9ef4c0826599,VF_00159,7,train
cataract_v01,train,14_JPG_jpg.rf.1bbceb97c253b8bcdbf6d170a9c0acee.jpg,mature,C:\Personal AI & ML PROJECTS\AI IN HEALTHCARE\MY PROJECT E PAARVAI\Cataract v01.v7i.folder\train\mature\14_JPG_jpg.rf.1bbceb97c253b8bcdbf6d170a9c0acee.jpg,2c1c8bf67200732f6df5e95b6dc601d13eb7289aa2fa9e947ff6406b2fd8d054,f53a9ef4c0826599,VF_00159,7,train
cataract_v01,train,14_JPG_jpg.rf.29e134f9d85d959736964c7d57341551.jpg,mature,C:\Personal AI & ML PROJECTS\AI IN HEALTHCARE\MY PROJECT E PAARVAI\Cataract v01.v7i.folder\train\mature\14_JPG_jpg.rf.29e134f9d85d959736964c7d57341551.jpg,1b5b96ee7bd1204e06f424f00fe3941dcb8e53c2ff0e4e2e07c96e4d19ffcaf9,f53a9ef4c0826599,VF_00159,7,train
cataract_v01,train,14_JPG_jpg.rf.4685c70dedf00bda32c80b16e6e5b875.jpg,mature,C:\Personal AI & ML PROJECTS\AI IN HEALTHCARE\MY PROJECT E PAARVAI\Cataract v01.v7i.folder\train\mature\14_JPG_jpg.rf.4685c70dedf00bda32c80b16e6e5b875.jpg,0fd560e6f0c94634c2ed2147f79da48019537d04c868a6dc25d0d660dc3da122,f53a9ef4c0826599,VF_00159,7,train
cataract_v01,train,14_JPG_jpg.rf.960a104cdc530b56d60fe63bcf409ef3.jpg,mature,C:\Personal AI & ML PROJECTS\AI IN HEALTHCARE\MY PROJECT E PAARVAI\Cataract v01.v7i.folder\train\mature\14_JPG_jpg.rf.960a104cdc530b56d60fe63bcf409ef3.jpg,f4643586063e14c2ab72c30dcf1c5ccefb1582df3b9b6efc31765a83f54792f6,f53a9ef4c0826599,VF_00159,7,train
cataract_v01,train,14_JPG_jpg.rf.dada72f6f1b359ba8b8e2f1cc9c24597.jpg,mature,C:\Personal AI & ML PROJECTS\AI IN HEALTHCARE\MY PROJECT E PAARVAI\Cataract v01.v7i.folder\train\mature\14_JPG_jpg.rf.dada72f6f1b359ba8b8e2f1cc9c24597.jpg,5d5d407de8d4b4155ec7dc38c913b73d059b42f2ea18ddf55a7273a05165f28a,f53a9ef4c0826599,VF_00159,7,train
cataract_v01,train,15_jpg.rf.158f21fa6a5a958428e35a4c7b4bef63.jpg,mature,C:\Personal AI & ML PROJECTS\AI IN HEALTHCARE\MY PROJECT E PAARVAI\Cataract v01.v7i.folder\train\mature\15_jpg.rf.158f21fa6a5a958428e35a4c7b4bef63.jpg,d175b6c029abe056d0ef5d3f93bd71ecf1b308d040aac8116bc47383f28eef2e,f9baa68199c6629a,VF_00160,4,train
cataract_v01,train,15_jpg.rf.897f1567ee2b69202d6dde20b05b50fd.jpg,mature,C:\Personal AI & ML PROJECTS\AI IN HEALTHCARE\MY PROJECT E PAARVAI\Cataract v01.v7i.folder\train\mature\15_jpg.rf.897f1567ee2b69202d6dde20b05b50fd.jpg,f88b1ef2154eccccd1e79ec041228212f9c1168009eb89b3515e2f617e718055,aceaf3c4cc8a328b,VF_00161,3,train
cataract_v01,train,15_jpg.rf.bc5404c7076d50bfa7daca85c14f4ef4.jpg,mature,C:\Personal AI & ML PROJECTS\AI IN HEALTHCARE\MY PROJECT E PAARVAI\Cataract v01.v7i.folder\train\mature\15_jpg.rf.bc5404c7076d50bfa7daca85c14f4ef4.jpg,94c6f9194f4832311d1e19acde9e63b3a276aae85f66b3ece3c88cb8ecbc7f6b,aceaf3c4cc8a328b,VF_00161,3,train
cataract_v01,train,15_jpg.rf.e8320595eba0d6fc3d6b5ab5819218d9.jpg,mature,C:\Personal AI & ML PROJECTS\AI IN HEALTHCARE\MY PROJECT E PAARVAI\Cataract v01.v7i.folder\train\mature\15_jpg.rf.e8320595eba0d6fc3d6b5ab5819218d9.jpg,b3634ebe2d76c89357967305104aa32f075eddc7049f518d2b1fe048549556a3,f9baa68199c6629a,VF_00160,4,train
cataract_v01,train,15_jpg.rf.e9c9bc71a91082b40ed4f9f7ab09a5ba.jpg,mature,C:\Personal AI & ML PROJECTS\AI IN HEALTHCARE\MY PROJECT E PAARVAI\Cataract v01.v7i.folder\train\mature\15_jpg.rf.e9c9bc71a91082b40ed4f9f7ab09a5ba.jpg,17725537130aaf2bc55b9e72839413334f800182d099cb61d8ac7be33800d279,f9baa68199c6629a,VF_00160,4,train
cataract_v01,train,15_jpg.rf.f24d12cf1e57bb6e9d12f939359e58a5.jpg,mature,C:\Personal AI & ML PROJECTS\AI IN HEALTHCARE\MY PROJECT E PAARVAI\Cataract v01.v7i.folder\train\mature\15_jpg.rf.f24d12cf1e57bb6e9d12f939359e58a5.jpg,376de2b4d6c46b301eefee77d9342298c1d125632879b67dbeb5f059351243f8,f9baa68199c6629a,VF_00160,4,train
cataract_v01,train,17_jpg.rf.11541a62a6a99d330824e25a7525a9f7.jpg,mature,C:\Personal AI & ML PROJECTS\AI IN HEALTHCARE\MY PROJECT E PAARVAI\Cataract v01.v7i.folder\train\mature\17_jpg.rf.11541a62a6a99d330824e25a7525a9f7.jpg,907a765b8b8665e38fca6105f094dfe20e38c1d75e5040bf59ae0cce3070e2bb,f9baa6819b96409e,VF_00163,4,train
cataract_v01,train,17_jpg.rf.2297f96b9901d122b3d4c717f57a8411.jpg,mature,C:\Personal AI & ML PROJECTS\AI IN HEALTHCARE\MY PROJECT E PAARVAI\Cataract v01.v7i.folder\train\mature\17_jpg.rf.2297f96b9901d122b3d4c717f57a8411.jpg,a5854129f254bb7330adcc6dbfc89abbea587297ed8e53910e548b860be894b8,f9baa6819b96409e,VF_00163,4,train
cataract_v01,train,17_jpg.rf.259436c7df1809a271d66a9bc176f9cd.jpg,mature,C:\Personal AI & ML PROJECTS\AI IN HEALTHCARE\MY PROJECT E PAARVAI\Cataract v01.v7i.folder\train\mature\17_jpg.rf.259436c7df1809a271d66a9bc176f9cd.jpg,c4938a5dac33fa6f74eda17cb1d7b9d6b07ba2e679278a8f480d0faf75973114,acebb3d48a8294cb,VF_00164,2,train
cataract_v01,train,17_jpg.rf.54ca738e0647573b2a9d4874d799a300.jpg,mature,C:\Personal AI & ML PROJECTS\AI IN HEALTHCARE\MY PROJECT E PAARVAI\Cataract v01.v7i.folder\train\mature\17_jpg.rf.54ca738e0647573b2a9d4874d799a300.jpg,4854e070ba615bd588cb72c4ba6cdec082a97f04b457c80ba243098c515c0eb0,f9baa6819b96409e,VF_00163,4,train
cataract_v01,train,17_jpg.rf.6a3f6e64b2917a6391cdd23f86fde3ed.jpg,mature,C:\Personal AI & ML PROJECTS\AI IN HEALTHCARE\MY PROJECT E PAARVAI\Cataract v01.v7i.folder\train\mature\17_jpg.rf.6a3f6e64b2917a6391cdd23f86fde3ed.jpg,9f7d15d2bc1e0177b1e8d0166073397f31776defe5242bfb0d937916f75d6f71,f9baa6819b96409e,VF_00163,4,train
cataract_v01,train,17_jpg.rf.bd6b5554470300b8f1b8ee43bac354d5.jpg,mature,C:\Personal AI & ML PROJECTS\AI IN HEALTHCARE\MY PROJECT E PAARVAI\Cataract v01.v7i.folder\train\mature\17_jpg.rf.bd6b5554470300b8f1b8ee43bac354d5.jpg,058d6336d863a8daea2797be966ba88a92e65620ea39cbde5a1bf2411a4162b9,acebb3d48a8294cb,VF_00164,2,train
cataract_v01,train,19_jpg.rf.51aaa42058af19b6b1bad6f2ced1d956.jpg,mature,C:\Personal AI & ML PROJECTS\AI IN HEALTHCARE\MY PROJECT E PAARVAI\Cataract v01.v7i.folder\train\mature\19_jpg.rf.51aaa42058af19b6b1bad6f2ced1d956.jpg,b341e6efad980cd2af9aea2a2bdbcadc6cd190325ddfb426873525a6ad864d1d,e039fff8d8c021c3,VF_00167,5,train
cataract_v01,train,19_jpg.rf.85ebf4daa99e144fd98426affbc53387.jpg,mature,C:\Personal AI & ML PROJECTS\AI IN HEALTHCARE\MY PROJECT E PAARVAI\Cataract v01.v7i.folder\train\mature\19_jpg.rf.85ebf4daa99e144fd98426affbc53387.jpg,5760fce1c7261ef445bc5b0d72cdc71e286355e89d5840852bd54be5f6306eb9,e039fff8d8c021c3,VF_00167,5,train
cataract_v01,train,19_jpg.rf.9825a9ccbf1beefb283d5499cfc17732.jpg,mature,C:\Personal AI & ML PROJECTS\AI IN HEALTHCARE\MY PROJECT E PAARVAI\Cataract v01.v7i.folder\train\mature\19_jpg.rf.9825a9ccbf1beefb283d5499cfc17732.jpg,57b064a12bc67a1561bc6ad6d4be0725077cce3d9538dc7f14de2f42090ea0ca,b56eaaac8d953492,VF_00168,2,train
cataract_v01,train,19_jpg.rf.b950ace95e5e93f0e709e676c76b388e.jpg,mature,C:\Personal AI & ML PROJECTS\AI IN HEALTHCARE\MY PROJECT E PAARVAI\Cataract v01.v7i.folder\train\mature\19_jpg.rf.b950ace95e5e93f0e709e676c76b388e.jpg,cb96199c61b58fe36849273fd9c860ba16d95df93e7fadabb7f2ccc195fcb0eb,e039fff8d8c021c3,VF_00167,5,train
cataract_v01,train,19_jpg.rf.e85cc0d1ec2c2f52d1c60d035cc95fe2.jpg,mature,C:\Personal AI & ML PROJECTS\AI IN HEALTHCARE\MY PROJECT E PAARVAI\Cataract v01.v7i.folder\train\mature\19_jpg.rf.e85cc0d1ec2c2f52d1c60d035cc95fe2.jpg,11b7d1f61c4410d1d99843ec96c3a1926d060cd0612dddcdd2fc7bcfea32e232,b56eaaac8d953492,VF_00168,2,train
cataract_v01,train,19_jpg.rf.eeb150b2638435945088b58831fc0326.jpg,mature,C:\Personal AI & ML PROJECTS\AI IN HEALTHCARE\MY PROJECT E PAARVAI\Cataract v01.v7i.folder\train\mature\19_jpg.rf.eeb150b2638435945088b58831fc0326.jpg,8948fa7f2b0d4c7b93b15b376af7a2c317dec61995b9c75e2698c5fde32d7915,e039fff8d8c021c3,VF_00167,5,train
cataract_v01,train,1_JPG.rf.d6d1448682db9508c9a9df1cc98e8f2d.jpg,mature,C:\Personal AI & ML PROJECTS\AI IN HEALTHCARE\MY PROJECT E PAARVAI\Cataract v01.v7i.folder\train\mature\1_JPG.rf.d6d1448682db9508c9a9df1cc98e8f2d.jpg,0e2e7ddc4202e37fff0739934fad2308c35de2686a3465145fc961757061de92,f85107279e3ed898,VF_00169,4,train
cataract_v01,train,1_JPG.rf.ec747561defa38fe499740233c6e9b42.jpg,mature,C:\Personal AI & ML PROJECTS\AI IN HEALTHCARE\MY PROJECT E PAARVAI\Cataract v01.v7i.folder\train\mature\1_JPG.rf.ec747561defa38fe499740233c6e9b42.jpg,e6c214e9a8133589bc47e3e2e96a331e749d387e303e2f9fe65d6519ff5c750a,f85107279e3ed898,VF_00169,4,train
cataract_v01,train,1_JPG_jpg.rf.7799d26769c076768c0bccc1ec3a90b7.jpg,mature,C:\Personal AI & ML PROJECTS\AI IN HEALTHCARE\MY PROJECT E PAARVAI\Cataract v01.v7i.folder\train\mature\1_JPG_jpg.rf.7799d26769c076768c0bccc1ec3a90b7.jpg,681e7ae81ecaa02242e3a427fd504db70b41cfda3b2bf46d435877c06e2b74d3,f85107279e3ed898,VF_00169,4,train
cataract_v01,train,1_JPG_jpg.rf.c12d07d8ad95d96f330c59985851bcf7.jpg,mature,C:\Personal AI & ML PROJECTS\AI IN HEALTHCARE\MY PROJECT E PAARVAI\Cataract v01.v7i.folder\train\mature\1_JPG_jpg.rf.c12d07d8ad95d96f330c59985851bcf7.jpg,b1a13fafdf245cb01a7fbc3fe8f28a0712f9001460b4fbc5226d771ffd9c0708,f85107279e3ed898,VF_00169,4,train
cataract_v01,train,20_jpg.rf.1f51a91e5a2748373c6c6b8b70219cad.jpg,mature,C:\Personal AI & ML PROJECTS\AI IN HEALTHCARE\MY PROJECT E PAARVAI\Cataract v01.v7i.folder\train\mature\20_jpg.rf.1f51a91e5a2748373c6c6b8b70219cad.jpg,609a0336deecc61a318f2878d1e80d9ab98bb146905be0ac7407a962e5f98203,873bb1a46e92989b,VF_00171,2,train
cataract_v01,train,20_jpg.rf.e5b3f8d6be7bfda744dd81e63282ac51.jpg,mature,C:\Personal AI & ML PROJECTS\AI IN HEALTHCARE\MY PROJECT E PAARVAI\Cataract v01.v7i.folder\train\mature\20_jpg.rf.e5b3f8d6be7bfda744dd81e63282ac51.jpg,866b8428c84a2c1cbe8952c8940634cd262acc6d87014750a16841dcdc2a0725,873bb1a46e92989b,VF_00171,2,train
cataract_v01,train,22_jpg.rf.0bc42471d0f8ae09c7900129665188ff.jpg,mature,C:\Personal AI & ML PROJECTS\AI IN HEALTHCARE\MY PROJECT E PAARVAI\Cataract v01.v7i.folder\train\mature\22_jpg.rf.0bc42471d0f8ae09c7900129665188ff.jpg,1186f02f2e95201d7bbcf381a69325b6d52e3c800f2e8493b230ee5ba49bfb14,a7a8b8d5d90a649b,VF_00173,2,train
cataract_v01,train,22_jpg.rf.4fe03b05bf931b3d3d54ad80f98a25d6.jpg,mature,C:\Personal AI & ML PROJECTS\AI IN HEALTHCARE\MY PROJECT E PAARVAI\Cataract v01.v7i.folder\train\mature\22_jpg.rf.4fe03b05bf931b3d3d54ad80f98a25d6.jpg,ecccf8ded25d23dd4f06290952a820053913b472efc15803e58293dfc2f79069,f2fced808c4f308e,VF_00174,6,train
cataract_v01,train,22_jpg.rf.667ea23f5432fe1ea37b66ab04de0014.jpg,mature,C:\Personal AI & ML PROJECTS\AI IN HEALTHCARE\MY PROJECT E PAARVAI\Cataract v01.v7i.folder\train\mature\22_jpg.rf.667ea23f5432fe1ea37b66ab04de0014.jpg,7a841f9dedbd7b3cd79df49a9ca1810914ae1193121f40fb7035db1b29f35632,f2fced808c4f308e,VF_00174,6,train
cataract_v01,train,22_jpg.rf.77337cde77fa22d52b65f895b9f0bdf1.jpg,mature,C:\Personal AI & ML PROJECTS\AI IN HEALTHCARE\MY PROJECT E PAARVAI\Cataract v01.v7i.folder\train\mature\22_jpg.rf.77337cde77fa22d52b65f895b9f0bdf1.jpg,580eeedcacb38228042235d6ba08252880d82e340751a84166439a25b85800ce,f2fced808c4f308e,VF_00174,6,train
cataract_v01,train,22_jpg.rf.887104200189312782e41231ae260525.jpg,mature,C:\Personal AI & ML PROJECTS\AI IN HEALTHCARE\MY PROJECT E PAARVAI\Cataract v01.v7i.folder\train\mature\22_jpg.rf.887104200189312782e41231ae260525.jpg,1d7c13d1ca927f3b10cd7d99586de80f270d2730f24fffe0ffa743c8205d1572,f2fced808c4f308e,VF_00174,6,train
cataract_v01,train,22_jpg.rf.c39de79cb2f3129bfbe5d81ffd02bba2.jpg,mature,C:\Personal AI & ML PROJECTS\AI IN HEALTHCARE\MY PROJECT E PAARVAI\Cataract v01.v7i.folder\train\mature\22_jpg.rf.c39de79cb2f3129bfbe5d81ffd02bba2.jpg,1942c2100513ebfc92798d03611ad87d69f76314f491b59c792d1c0e4e7f5c02,f2fced808c4f308e,VF_00174,6,train
cataract_v01,train,22_jpg.rf.e7d2bd9908ffd4cc85b7f872ecdcd721.jpg,mature,C:\Personal AI & ML PROJECTS\AI IN HEALTHCARE\MY PROJECT E PAARVAI\Cataract v01.v7i.folder\train\mature\22_jpg.rf.e7d2bd9908ffd4cc85b7f872ecdcd721.jpg,d88b83264f8345135d68ba0e1badb8c95bde9f840c499ce3157f458fc7eb9b73,a7a8b8d5d90a649b,VF_00173,2,train
cataract_v01,train,22_jpg.rf.fe835ad631810a42c4e5addfdfb413a8.jpg,mature,C:\Personal AI & ML PROJECTS\AI IN HEALTHCARE\MY PROJECT E PAARVAI\Cataract v01.v7i.folder\train\mature\22_jpg.rf.fe835ad631810a42c4e5addfdfb413a8.jpg,c2df346c8045c5421f5a8432fac75508d196d48082b4985f75abf96f5fb34b36,f2fced808c4f308e,VF_00174,6,train
cataract_v01,train,23_jpg.rf.04db537dda918177e7da5c6ad8b46d89.jpg,mature,C:\Personal AI & ML PROJECTS\AI IN HEALTHCARE\MY PROJECT E PAARVAI\Cataract v01.v7i.folder\train\mature\23_jpg.rf.04db537dda918177e7da5c6ad8b46d89.jpg,b8e41342383f2d8d76540a128c9857a5db004967d619f66b2f071459bbba48d4,b47ae3c08d9f9498,VF_00175,2,train
cataract_v01,train,23_jpg.rf.2d8b6bfa5672ffd2bd3c23cf5f5fa8c5.jpg,mature,C:\Personal AI & ML PROJECTS\AI IN HEALTHCARE\MY PROJECT E PAARVAI\Cataract v01.v7i.folder\train\mature\23_jpg.rf.2d8b6bfa5672ffd2bd3c23cf5f5fa8c5.jpg,06559cd7fac21af27b70908b2821826291e31743ff67758ea01244be682cd77f,b47ae3c08d9f9498,VF_00175,2,train
cataract_v01,train,24_jpg.rf.0fd4181cdcb671cb41b196617c8b0a14.jpg,mature,C:\Personal AI & ML PROJECTS\AI IN HEALTHCARE\MY PROJECT E PAARVAI\Cataract v01.v7i.folder\train\mature\24_jpg.rf.0fd4181cdcb671cb41b196617c8b0a14.jpg,dad3dbf8b20255e2f50c1affa5b115b0fc08e6f4f6f7cbae554693412f4207e9,8738bca770646796,VF_00177,7,train
cataract_v01,train,24_jpg.rf.5d6e1024fa8aeb347934ea0f318fc47d.jpg,mature,C:\Personal AI & ML PROJECTS\AI IN HEALTHCARE\MY PROJECT E PAARVAI\Cataract v01.v7i.folder\train\mature\24_jpg.rf.5d6e1024fa8aeb347934ea0f318fc47d.jpg,ec77c8e0dea4c82c52114086bd96d11da0d0c6376ea197741b1b9a189534cd2a,d26de9f2253132c3,VF_00178,2,train
cataract_v01,train,24_jpg.rf.82e79b9dee976eaa6d7ab18346ca089d.jpg,mature,C:\Personal AI & ML PROJECTS\AI IN HEALTHCARE\MY PROJECT E PAARVAI\Cataract v01.v7i.folder\train\mature\24_jpg.rf.82e79b9dee976eaa6d7ab18346ca089d.jpg,80cfe31f6e1a711b76f0ecae47291bb114a53fc035edc06faea6444e24d5b881,8738bca770646796,VF_00177,7,train
cataract_v01,train,24_jpg.rf.92135a959b3db87067d4917958e3d0da.jpg,mature,C:\Personal AI & ML PROJECTS\AI IN HEALTHCARE\MY PROJECT E PAARVAI\Cataract v01.v7i.folder\train\mature\24_jpg.rf.92135a959b3db87067d4917958e3d0da.jpg,080ccc7124645b4ddcae2fcb753203656d5ff4033bac195dbfae8be380af1c82,8738bca770646796,VF_00177,7,train
cataract_v01,train,24_jpg.rf.9840955e6c7a9474657c4f4d466fd067.jpg,mature,C:\Personal AI & ML PROJECTS\AI IN HEALTHCARE\MY PROJECT E PAARVAI\Cataract v01.v7i.folder\train\mature\24_jpg.rf.9840955e6c7a9474657c4f4d466fd067.jpg,740fd7ce7482e1037728458d114cbdd5792633ac89f35f668d8b2d752b983a17,8738bca770646796,VF_00177,7,train
cataract_v01,train,24_jpg.rf.af20ac7f97fff4a820f4119115222c38.jpg,mature,C:\Personal AI & ML PROJECTS\AI IN HEALTHCARE\MY PROJECT E PAARVAI\Cataract v01.v7i.folder\train\mature\24_jpg.rf.af20ac7f97fff4a820f4119115222c38.jpg,d3e12be84b617bd27e588ecd56b0d57129a4315ebd1a79d6c8b7e7829c1bd4a2,8738bca770646796,VF_00177,7,train
cataract_v01,train,24_jpg.rf.cc4ddc097f28a4a57f601b473c062ad5.jpg,mature,C:\Personal AI & ML PROJECTS\AI IN HEALTHCARE\MY PROJECT E PAARVAI\Cataract v01.v7i.folder\train\mature\24_jpg.rf.cc4ddc097f28a4a57f601b473c062ad5.jpg,9ba92f47231a5273edf33c7ce18dfa40948d604bc3c6e6a1039f8a44763e5088,8738bca770646796,VF_00177,7,train
cataract_v01,train,24_jpg.rf.d013318c20016f91acc9311e7c501379.jpg,mature,C:\Personal AI & ML PROJECTS\AI IN HEALTHCARE\MY PROJECT E PAARVAI\Cataract v01.v7i.folder\train\mature\24_jpg.rf.d013318c20016f91acc9311e7c501379.jpg,78de484667d84a01fb6ec1f92de9e89d664bc300e2f628f5375784397b81cfa3,d26de9f2253132c3,VF_00178,2,train
cataract_v01,train,25_jpg.rf.357f0c84b396e8bd84e946bd15b2510e.jpg,mature,C:\Personal AI & ML PROJECTS\AI IN HEALTHCARE\MY PROJECT E PAARVAI\Cataract v01.v7i.folder\train\mature\25_jpg.rf.357f0c84b396e8bd84e946bd15b2510e.jpg,fc4ad4de9b0181be65dad350504f4e43f6905c62aeed871c912d42ef1442054d,d55dde726388882d,VF_00180,2,train
cataract_v01,train,25_jpg.rf.7c456663206b077c239dd0d600ac8957.jpg,mature,C:\Personal AI & ML PROJECTS\AI IN HEALTHCARE\MY PROJECT E PAARVAI\Cataract v01.v7i.folder\train\mature\25_jpg.rf.7c456663206b077c239dd0d600ac8957.jpg,5ed2d6e3028530eb60e15eab4249902f3dcac25f00a2a88ecb3243b4842830e9,d55dde726388882d,VF_00180,2,train
cataract_v01,train,26_jpg.rf.0629e7de5c290669d68c8e5922a41e72.jpg,mature,C:\Personal AI & ML PROJECTS\AI IN HEALTHCARE\MY PROJECT E PAARVAI\Cataract v01.v7i.folder\train\mature\26_jpg.rf.0629e7de5c290669d68c8e5922a41e72.jpg,4289dcf48d4bcd08d5fedb8ec41ba3d01f9f5848dac6d3034e4e497df82d62e6,c1e93ef4d8c062c7,VF_00181,2,train
cataract_v01,train,26_jpg.rf.34604fe828785a1aae85f53376a67d7f.jpg,mature,C:\Personal AI & ML PROJECTS\AI IN HEALTHCARE\MY PROJECT E PAARVAI\Cataract v01.v7i.folder\train\mature\26_jpg.rf.34604fe828785a1aae85f53376a67d7f.jpg,5e00699fc3a05fc61a4730348805b92ca18dbd3beef1fda880cdf88b963d3142,c1e93ef4d8c062c7,VF_00181,2,train
cataract_v01,train,26_jpg.rf.79e64f47009bdc2fec97bed89a36e14f.jpg,mature,C:\Personal AI & ML PROJECTS\AI IN HEALTHCARE\MY PROJECT E PAARVAI\Cataract v01.v7i.folder\train\mature\26_jpg.rf.79e64f47009bdc2fec97bed89a36e14f.jpg,e8354cecceeef42b707331c4f789b06be8258590804d96ac91d316045f470032,c1e93ef4d8c142c7,VF_00182,4,train
cataract_v01,train,26_jpg.rf.bb7ba4969b450f86e24feb1083f5b42e.jpg,mature,C:\Personal AI & ML PROJECTS\AI IN HEALTHCARE\MY PROJECT E PAARVAI\Cataract v01.v7i.folder\train\mature\26_jpg.rf.bb7ba4969b450f86e24feb1083f5b42e.jpg,1241346c5b2f1c42832e3d7b5c33b685f94eb8de36231a8700c7615597c639d0,c1e93ef4d8c142c7,VF_00182,4,train
cataract_v01,train,26_jpg.rf.cd3a6edd57d6e3c3415e02372ad749bd.jpg,mature,C:\Personal AI & ML PROJECTS\AI IN HEALTHCARE\MY PROJECT E PAARVAI\Cataract v01.v7i.folder\train\mature\26_jpg.rf.cd3a6edd57d6e3c3415e02372ad749bd.jpg,64215044f4cb1f667b54264b5d269b5e07b8785c1b1041a3d721d135af3fe75c,c1e93ef4d8c142c7,VF_00182,4,train
cataract_v01,train,26_jpg.rf.f5540fcb76d72e71f9026e3d4a8d1ac5.jpg,mature,C:\Personal AI & ML PROJECTS\AI IN HEALTHCARE\MY PROJECT E PAARVAI\Cataract v01.v7i.folder\train\mature\26_jpg.rf.f5540fcb76d72e71f9026e3d4a8d1ac5.jpg,307e680c9506fabb9c3f3a7ce89f6a8f3389be25ad43f3b54b993eb0f8753335,c1e93ef4d8c142c7,VF_00182,4,train
cataract_v01,train,27_jpg.rf.236fed2999300813f76c24d61ec1c64a.jpg,mature,C:\Personal AI & ML PROJECTS\AI IN HEALTHCARE\MY PROJECT E PAARVAI\Cataract v01.v7i.folder\train\mature\27_jpg.rf.236fed2999300813f76c24d61ec1c64a.jpg,84981560804b0ef289254bdced9c132b3cff71a0284a9e50ac092b19f39b37f2,fcfff1c08c3124c4,VF_00183,7,train
cataract_v01,train,27_jpg.rf.2cdd068d3eb3d9e99045c3c89fb511a6.jpg,mature,C:\Personal AI & ML PROJECTS\AI IN HEALTHCARE\MY PROJECT E PAARVAI\Cataract v01.v7i.folder\train\mature\27_jpg.rf.2cdd068d3eb3d9e99045c3c89fb511a6.jpg,569f8cdb8730961e3b2edd14969441c02d1fc9f136f9a3e679ba6a2b20df9335,fcfff1c08c3124c4,VF_00183,7,train
cataract_v01,train,27_jpg.rf.391207ed639870eb3b87095472e82898.jpg,mature,C:\Personal AI & ML PROJECTS\AI IN HEALTHCARE\MY PROJECT E PAARVAI\Cataract v01.v7i.folder\train\mature\27_jpg.rf.391207ed639870eb3b87095472e82898.jpg,2f563a4a4f6302b55c795faecbccb87c88b91e5505375257a502f67648d6d0ae,fcfff1c08c3124c4,VF_00183,7,train
cataract_v01,train,27_jpg.rf.3b243a971a75e325914dc65baa868b3b.jpg,mature,C:\Personal AI & ML PROJECTS\AI IN HEALTHCARE\MY PROJECT E PAARVAI\Cataract v01.v7i.folder\train\mature\27_jpg.rf.3b243a971a75e325914dc65baa868b3b.jpg,2b3cd96427ab8d61ef70ed10f820e0eeaffd47ba1742fb19489dcbd697e001d0,fcfff1c08c3124c4,VF_00183,7,train
cataract_v01,train,27_jpg.rf.48a52a8d047b43ba309113d3146b0c60.jpg,mature,C:\Personal AI & ML PROJECTS\AI IN HEALTHCARE\MY PROJECT E PAARVAI\Cataract v01.v7i.folder\train\mature\27_jpg.rf.48a52a8d047b43ba309113d3146b0c60.jpg,e0636bf5a6c61d29f80d9449f41cca487c3873ae6fa80d75a78401a77dfe7478,fcfff1c08c3124c4,VF_00183,7,train
cataract_v01,train,27_jpg.rf.7a894936fc6ddf5e25fe5e6ca6af498b.jpg,mature,C:\Personal AI & ML PROJECTS\AI IN HEALTHCARE\MY PROJECT E PAARVAI\Cataract v01.v7i.folder\train\mature\27_jpg.rf.7a894936fc6ddf5e25fe5e6ca6af498b.jpg,d9087ca596a17a62245775bd6e145d33de8e83139814045b09183483b3a8a900,a9aaa6b599a47199,VF_00184,2,train
cataract_v01,train,27_jpg.rf.ae06d5f32ea9e1f18e7351e0d9fbd5fc.jpg,mature,C:\Personal AI & ML PROJECTS\AI IN HEALTHCARE\MY PROJECT E PAARVAI\Cataract v01.v7i.folder\train\mature\27_jpg.rf.ae06d5f32ea9e1f18e7351e0d9fbd5fc.jpg,73d54d370d1560ee66578937022bee49b31e2626ddcdcba6152054cf16e48d67,fcfff1c08c3124c4,VF_00183,7,train
cataract_v01,train,27_jpg.rf.b7651c526abb7f9eda1c8fc09f245078.jpg,mature,C:\Personal AI & ML PROJECTS\AI IN HEALTHCARE\MY PROJECT E PAARVAI\Cataract v01.v7i.folder\train\mature\27_jpg.rf.b7651c526abb7f9eda1c8fc09f245078.jpg,d610a3390d00f23e3ad9049aab68cbec0f61ee49121c908fdfbfd8581009792d,a9aaa6b599a47199,VF_00184,2,train
cataract_v01,train,28_jpg.rf.0de64d9d3348168714c82016c1bbb522.jpg,mature,C:\Personal AI & ML PROJECTS\AI IN HEALTHCARE\MY PROJECT E PAARVAI\Cataract v01.v7i.folder\train\mature\28_jpg.rf.0de64d9d3348168714c82016c1bbb522.jpg,096dea1969d5585df53bc66408719c045a0dede56d053ef12f6aa948395cdd18,ed6aaa84cf98a0b3,VF_00185,2,train
cataract_v01,train,28_jpg.rf.a6ca8435595dcc157a51e26eb640ae35.jpg,mature,C:\Personal AI & ML PROJECTS\AI IN HEALTHCARE\MY PROJECT E PAARVAI\Cataract v01.v7i.folder\train\mature\28_jpg.rf.a6ca8435595dcc157a51e26eb640ae35.jpg,55a1a2d9d8532f63735410a782edca89639a01543e5d2269c62c22b18a599cc6,ed6aaa84cf98a0b3,VF_00185,2,train
cataract_v01,train,28_jpg.rf.b94e4025bdc58ed325d76306239f7c7b.jpg,mature,C:\Personal AI & ML PROJECTS\AI IN HEALTHCARE\MY PROJECT E PAARVAI\Cataract v01.v7i.folder\train\mature\28_jpg.rf.b94e4025bdc58ed325d76306239f7c7b.jpg,f8869bc9905a4475f8a1a9823f3a9da507be585eb1cbd535e6b942d0a58ab242,b83fbdd018c9f504,VF_00187,1,train
cataract_v01,train,29_jpg.rf.4bf80fa8435f9f0af464d202996ca4c8.jpg,mature,C:\Personal AI & ML PROJECTS\AI IN HEALTHCARE\MY PROJECT E PAARVAI\Cataract v01.v7i.folder\train\mature\29_jpg.rf.4bf80fa8435f9f0af464d202996ca4c8.jpg,6dd0f9adc38746a718f71ebbddb04ebf8661309d5f687b7a73f9d1ca9178c0b2,d06ca5d36a8dcc9c,VF_00188,2,train
cataract_v01,train,29_jpg.rf.5b0d49e9e20616c914e96e714ac40f8a.jpg,mature,C:\Personal AI & ML PROJECTS\AI IN HEALTHCARE\MY PROJECT E PAARVAI\Cataract v01.v7i.folder\train\mature\29_jpg.rf.5b0d49e9e20616c914e96e714ac40f8a.jpg,3c0f3162fc943bfe4661bfc3ac7249572df0efd5ac5dc2781edd7aa35267675f,d06ca5d36a8dcc9c,VF_00188,2,train
cataract_v01,train,29_jpg.rf.78554745db64fa013995b55683e520e1.jpg,mature,C:\Personal AI & ML PROJECTS\AI IN HEALTHCARE\MY PROJECT E PAARVAI\Cataract v01.v7i.folder\train\mature\29_jpg.rf.78554745db64fa013995b55683e520e1.jpg,c734650ef7a4f7620378b8da2d31f6e18532e67dc692daead608867d76f39bae,8939f0a63f989ac9,VF_00189,3,train
cataract_v01,train,29_jpg.rf.a9023e9e1993759da538cf0a00099ec4.jpg,mature,C:\Personal AI & ML PROJECTS\AI IN HEALTHCARE\MY PROJECT E PAARVAI\Cataract v01.v7i.folder\train\mature\29_jpg.rf.a9023e9e1993759da538cf0a00099ec4.jpg,f499723c476abaffd0b6cb337bd9e287561b4f399ca9740e259a89cfed274f03,8939f0a63f989ac9,VF_00189,3,train
cataract_v01,train,29_jpg.rf.c12c16273d84dabc6c9d0abf33337362.jpg,mature,C:\Personal AI & ML PROJECTS\AI IN HEALTHCARE\MY PROJECT E PAARVAI\Cataract v01.v7i.folder\train\mature\29_jpg.rf.c12c16273d84dabc6c9d0abf33337362.jpg,f4cb4afbb96caa2bb2e4b6ca3e794dc32ede2be853daed8f7241050a1db405ee,8d39f0a63f989a89,VF_00190,1,train
cataract_v01,train,2_JPG.rf.492d9393ddd04c55b701a9e56f37a428.jpg,mature,C:\Personal AI & ML PROJECTS\AI IN HEALTHCARE\MY PROJECT E PAARVAI\Cataract v01.v7i.folder\train\mature\2_JPG.rf.492d9393ddd04c55b701a9e56f37a428.jpg,22f20ffb133270c7aefa6f0a2748909f1838e2587c160c02b32757a4d33ab302,fc6823359f328ccc,VF_00191,5,train
cataract_v01,train,2_JPG.rf.ced3b56622008a07a34ac1e8954ec5d6.jpg,mature,C:\Personal AI & ML PROJECTS\AI IN HEALTHCARE\MY PROJECT E PAARVAI\Cataract v01.v7i.folder\train\mature\2_JPG.rf.ced3b56622008a07a34ac1e8954ec5d6.jpg,a52c70d0aa8abafb242abf064fedfd31de526d0ce74b333adf05e6af27526aed,fc6823359f328ccc,VF_00191,5,train
cataract_v01,train,2_JPG_jpg.rf.0d58c3895ce7c5c74aa4de63d8e5e610.jpg,mature,C:\Personal AI & ML PROJECTS\AI IN HEALTHCARE\MY PROJECT E PAARVAI\Cataract v01.v7i.folder\train\mature\2_JPG_jpg.rf.0d58c3895ce7c5c74aa4de63d8e5e610.jpg,d1f8f5ca8b27d311500234dda6bbfa863b5bd9c6614e5e2adb8e2cb2b02ab699,fc6823359f328ccc,VF_00191,5,train
cataract_v01,train,2_JPG_jpg.rf.3caa984473169b50149a86618d731d86.jpg,mature,C:\Personal AI & ML PROJECTS\AI IN HEALTHCARE\MY PROJECT E PAARVAI\Cataract v01.v7i.folder\train\mature\2_JPG_jpg.rf.3caa984473169b50149a86618d731d86.jpg,8993c56dd20164c590683cc25d391e2f5018e482542f94ccfb5242ab9cdd8ede,a93d76628a279999,VF_00192,2,train
cataract_v01,train,2_JPG_jpg.rf.5da7ed2a0f811cdc6c5c33d0a01a4d29.jpg,mature,C:\Personal AI & ML PROJECTS\AI IN HEALTHCARE\MY PROJECT E PAARVAI\Cataract v01.v7i.folder\train\mature\2_JPG_jpg.rf.5da7ed2a0f811cdc6c5c33d0a01a4d29.jpg,55f371a9d36b870de8759e097102f0865c3a4d86e9585afa8fa88321968c125f,fc6823359f328ccc,VF_00191,5,train
cataract_v01,train,2_JPG_jpg.rf.755ba1824127e4808f7aa0123426c8d0.jpg,mature,C:\Personal AI & ML PROJECTS\AI IN HEALTHCARE\MY PROJECT E PAARVAI\Cataract v01.v7i.folder\train\mature\2_JPG_jpg.rf.755ba1824127e4808f7aa0123426c8d0.jpg,276416406e82fb2d4f0ed8f9688b1688aabe0497a82f741088d963ab265cdf4a,a93d76628a279999,VF_00192,2,train
cataract_v01,train,2_JPG_jpg.rf.eb7d394a1e63d98e029a9cbd460afe5b.jpg,mature,C:\Personal AI & ML PROJECTS\AI IN HEALTHCARE\MY PROJECT E PAARVAI\Cataract v01.v7i.folder\train\mature\2_JPG_jpg.rf.eb7d394a1e63d98e029a9cbd460afe5b.jpg,d399ff78e94e00fece2ec6a4626278f4bcae4aa5170f5ed6f5ac573aa47a5e7c,fc6823359f328ccc,VF_00191,5,train
cataract_v01,train,30_jpg.rf.0efe1c197333a51835069cfc1f85597a.jpg,mature,C:\Personal AI & ML PROJECTS\AI IN HEALTHCARE\MY PROJECT E PAARVAI\Cataract v01.v7i.folder\train\mature\30_jpg.rf.0efe1c197333a51835069cfc1f85597a.jpg,3a7af22f564c1b882e578aec5b3e45bbaf2acb87235c5694ec9f0bef0d363f17,aca9e194ca93dc8b,VF_00193,5,train
cataract_v01,train,30_jpg.rf.72ae5cfd5da4448f32f28a1b198bbe7d.jpg,mature,C:\Personal AI & ML PROJECTS\AI IN HEALTHCARE\MY PROJECT E PAARVAI\Cataract v01.v7i.folder\train\mature\30_jpg.rf.72ae5cfd5da4448f32f28a1b198bbe7d.jpg,c477567f5bf360fd94ed898c71812854d1157e3ae87adb115f7f6e51ad907883,f9f8a4c19bc2898e,VF_00195,2,train
cataract_v01,train,30_jpg.rf.96c61556229e5bb3d74ab85fb3bbb868.jpg,mature,C:\Personal AI & ML PROJECTS\AI IN HEALTHCARE\MY PROJECT E PAARVAI\Cataract v01.v7i.folder\train\mature\30_jpg.rf.96c61556229e5bb3d74ab85fb3bbb868.jpg,0843c5234ea49ff946ba70637e14a67a4a714ce114f7ef4d2f3f4a9197c1c748,aca9e194ca93dc8b,VF_00193,5,train
cataract_v01,train,30_jpg.rf.a6dd154061922fc834cf05fbb9d9c6c6.jpg,mature,C:\Personal AI & ML PROJECTS\AI IN HEALTHCARE\MY PROJECT E PAARVAI\Cataract v01.v7i.folder\train\mature\30_jpg.rf.a6dd154061922fc834cf05fbb9d9c6c6.jpg,af003d648c21f24f0d2ce9a75aafa96c924ccfa3339c5885092a27f0f8825e8e,aca9e194ca93dc8b,VF_00193,5,train
cataract_v01,train,30_jpg.rf.bb0425b89c466afced4372d171c38c32.jpg,mature,C:\Personal AI & ML PROJECTS\AI IN HEALTHCARE\MY PROJECT E PAARVAI\Cataract v01.v7i.folder\train\mature\30_jpg.rf.bb0425b89c466afced4372d171c38c32.jpg,6a31071521f471f306749ab9fe6e76bc74295becbfadd6f4f4d0c008e39f671a,aca9e194ca93dc8b,VF_00193,5,train
cataract_v01,train,30_jpg.rf.ec79436e3197571c9d6aa365280e3ab6.jpg,mature,C:\Personal AI & ML PROJECTS\AI IN HEALTHCARE\MY PROJECT E PAARVAI\Cataract v01.v7i.folder\train\mature\30_jpg.rf.ec79436e3197571c9d6aa365280e3ab6.jpg,11618b2630f6fe28b4268c6504cf3a31af717cf2ef98743cddf82f938c1fdfd7,f9f8a4c19bc2898e,VF_00195,2,train
cataract_v01,train,3_jpg.rf.25f7506825fc9dae2ec66d4d69d3b968.jpg,mature,C:\Personal AI & ML PROJECTS\AI IN HEALTHCARE\MY PROJECT E PAARVAI\Cataract v01.v7i.folder\train\mature\3_jpg.rf.25f7506825fc9dae2ec66d4d69d3b968.jpg,0d6ff4bb33fcb3c18cd84acc44919c3bc80386645c1e57a0198092d128466b98,a5057272cb6b8d8d,VF_00197,3,train
cataract_v01,train,3_jpg.rf.5fe9480cc2b1dc2b9ba25ce0933a404f.jpg,mature,C:\Personal AI & ML PROJECTS\AI IN HEALTHCARE\MY PROJECT E PAARVAI\Cataract v01.v7i.folder\train\mature\3_jpg.rf.5fe9480cc2b1dc2b9ba25ce0933a404f.jpg,33068d0ddb3ae0de12c7ff8d39f47b07e116454e5f33383dc177da4711a77765,a5057272cb6b8d8d,VF_00197,3,train
cataract_v01,train,3_jpg.rf.ca7644fc6982502db81697a02ac73604.jpg,mature,C:\Personal AI & ML PROJECTS\AI IN HEALTHCARE\MY PROJECT E PAARVAI\Cataract v01.v7i.folder\train\mature\3_jpg.rf.ca7644fc6982502db81697a02ac73604.jpg,ec9681ba5712c0612706a76a8c62a2c75036f47f1d8fe5eea7bece66019bc312,a5057272cb6b8d8d,VF_00197,3,train
cataract_v01,train,4_JPG.rf.089a6c87724416d971a8ee57b3a4d89d.jpg,mature,C:\Personal AI & ML PROJECTS\AI IN HEALTHCARE\MY PROJECT E PAARVAI\Cataract v01.v7i.folder\train\mature\4_JPG.rf.089a6c87724416d971a8ee57b3a4d89d.jpg,758b1d5302f73249bc185ff93a638962a881357616503d11df3036ef3f007bda,c34e3c30b36765a6,VF_00199,2,train
cataract_v01,train,4_JPG_jpg.rf.c473fe098e4d0bbff0f61d41cc2e9877.jpg,mature,C:\Personal AI & ML PROJECTS\AI IN HEALTHCARE\MY PROJECT E PAARVAI\Cataract v01.v7i.folder\train\mature\4_JPG_jpg.rf.c473fe098e4d0bbff0f61d41cc2e9877.jpg,b2e4537b05752210d2be59e508412f2af71a8ff81e0443fe1370478681a97e99,c34e3c30b36765a6,VF_00199,2,train
cataract_v01,train,5_jpg.rf.0c245ca0d3be50754f89228b229b9d97.jpg,mature,C:\Personal AI & ML PROJECTS\AI IN HEALTHCARE\MY PROJECT E PAARVAI\Cataract v01.v7i.folder\train\mature\5_jpg.rf.0c245ca0d3be50754f89228b229b9d97.jpg,c71dde29d806a75520497b9d92ee352a48abf27f73dbf5a054d2673fc19426ef,fc4a222d8f3d8c72,VF_00203,2,train
cataract_v01,train,5_jpg.rf.4fd88c544701d0c7782337e5f475ba62.jpg,mature,C:\Personal AI & ML PROJECTS\AI IN HEALTHCARE\MY PROJECT E PAARVAI\Cataract v01.v7i.folder\train\mature\5_jpg.rf.4fd88c544701d0c7782337e5f475ba62.jpg,0285a0ecfaef83a51b534b74f65f93bf8390068bb91c1df8ab952b56a0c83a6e,a91f3778ca289927,VF_00204,3,train
cataract_v01,train,5_jpg.rf.852e7b03196da1f1f50f8ba8f654485e.jpg,mature,C:\Personal AI & ML PROJECTS\AI IN HEALTHCARE\MY PROJECT E PAARVAI\Cataract v01.v7i.folder\train\mature\5_jpg.rf.852e7b03196da1f1f50f8ba8f654485e.jpg,57e1377a83609ef86b46b99a5d612ad77ddafdd3231114fb3caf90aa26cd8f1a,a91f3778ca289927,VF_00204,3,train
cataract_v01,train,5_jpg.rf.900d1ccf6f82e0a9684bc3d6e3045ccd.jpg,mature,C:\Personal AI & ML PROJECTS\AI IN HEALTHCARE\MY PROJECT E PAARVAI\Cataract v01.v7i.folder\train\mature\5_jpg.rf.900d1ccf6f82e0a9684bc3d6e3045ccd.jpg,865d186a96b7c6f7658cd3cff437365742a61e8ba0a4052946fe3b1d747c99eb,a91f7778ca288927,VF_00205,1,train
cataract_v01,train,5_jpg.rf.cd2e5f6ff1ac795add0b50729df4cf7f.jpg,mature,C:\Personal AI & ML PROJECTS\AI IN HEALTHCARE\MY PROJECT E PAARVAI\Cataract v01.v7i.folder\train\mature\5_jpg.rf.cd2e5f6ff1ac795add0b50729df4cf7f.jpg,22e337a22edf493607b027a5c0d66f5b6c645ca97b30a8c28e5bbd6519c0626c,fc4a222d8f3d8c72,VF_00203,2,train
cataract_v01,train,5_jpg.rf.ecd85b1d8df6c0722e480a44fa3688bf.jpg,mature,C:\Personal AI & ML PROJECTS\AI IN HEALTHCARE\MY PROJECT E PAARVAI\Cataract v01.v7i.folder\train\mature\5_jpg.rf.ecd85b1d8df6c0722e480a44fa3688bf.jpg,93ac3a34e8b4ee8a0137b9038e4d218058b07e7a4879e2c418abb7a376965620,a91f3778ca289927,VF_00204,3,train
cataract_v01,train,6_jpg.rf.166d949d12366919e1f19e521b79cf77.jpg,mature,C:\Personal AI & ML PROJECTS\AI IN HEALTHCARE\MY PROJECT E PAARVAI\Cataract v01.v7i.folder\train\mature\6_jpg.rf.166d949d12366919e1f19e521b79cf77.jpg,7af176d4a2613388d17921a174834a27f8c1914a008fcf3905672fe8d30a6102,e945961e9a3d3934,VF_00207,3,train
cataract_v01,train,6_jpg.rf.537bc9a3bcc1d8451f916acef20e9914.jpg,mature,C:\Personal AI & ML PROJECTS\AI IN HEALTHCARE\MY PROJECT E PAARVAI\Cataract v01.v7i.folder\train\mature\6_jpg.rf.537bc9a3bcc1d8451f916acef20e9914.jpg,083c0216587b5b471e3cebf544461df28acaeff258203d6c658b287acb5008b7,bc12c26bcfe86c61,VF_00208,2,train
cataract_v01,train,6_jpg.rf.738e6f4c2c98761ad70aeec23beb443f.jpg,mature,C:\Personal AI & ML PROJECTS\AI IN HEALTHCARE\MY PROJECT E PAARVAI\Cataract v01.v7i.folder\train\mature\6_jpg.rf.738e6f4c2c98761ad70aeec23beb443f.jpg,58f9ad02eba3469a2bee08e4f8dfd1555ddffe8affb4d7de738066ace403c6d1,e945961e9a3d3934,VF_00207,3,train
cataract_v01,train,6_jpg.rf.a1eb29d9ec05ef45649000bc098310c8.jpg,mature,C:\Personal AI & ML PROJECTS\AI IN HEALTHCARE\MY PROJECT E PAARVAI\Cataract v01.v7i.folder\train\mature\6_jpg.rf.a1eb29d9ec05ef45649000bc098310c8.jpg,0253702f8ea5e6aac6ba78c53fdfe43513de97d7f6722b254890df3e98a9f22d,e945961e9a3d3934,VF_00207,3,train
cataract_v01,train,6_jpg.rf.b8979fbda33bad546f57725d32fe8ff4.jpg,mature,C:\Personal AI & ML PROJECTS\AI IN HEALTHCARE\MY PROJECT E PAARVAI\Cataract v01.v7i.folder\train\mature\6_jpg.rf.b8979fbda33bad546f57725d32fe8ff4.jpg,7fdb7a80807a01a8b14c3fb0333009fe998f8fecffbe0996df36c0fa9664d4a3,bc12c26bcfe86c61,VF_00208,2,train
cataract_v01,train,7_jpg.rf.02e8b87c830257d93e3c006b05fb3c14.jpg,mature,C:\Personal AI & ML PROJECTS\AI IN HEALTHCARE\MY PROJECT E PAARVAI\Cataract v01.v7i.folder\train\mature\7_jpg.rf.02e8b87c830257d93e3c006b05fb3c14.jpg,93c89ea1ce896267e0949240da16287c973bd60c05b715cb340a9cb45e4a56ff,b032cbedccc426e6,VF_00209,2,train
cataract_v01,train,7_jpg.rf.62214f3802ff21a2d26777c69f36ad46.jpg,mature,C:\Personal AI & ML PROJECTS\AI IN HEALTHCARE\MY PROJECT E PAARVAI\Cataract v01.v7i.folder\train\mature\7_jpg.rf.62214f3802ff21a2d26777c69f36ad46.jpg,d29381aa108fdf5fc76f571b8aa52f90268dbc7954fa03b028a3a5f7473974cb,b03acbedccc426e2,VF_00211,1,train
cataract_v01,train,7_jpg.rf.aab64b2d881bce5030a14b22ab446e3f.jpg,mature,C:\Personal AI & ML PROJECTS\AI IN HEALTHCARE\MY PROJECT E PAARVAI\Cataract v01.v7i.folder\train\mature\7_jpg.rf.aab64b2d881bce5030a14b22ab446e3f.jpg,e50677753bcbfce78fc711215df5f2e647f7097883cdb5134f05015981d644a2,b032cbedccc426e6,VF_00209,2,train
cataract_v01,train,8_JPG.rf.532956152fcbe5baa0cca5ed006b0b7d.jpg,mature,C:\Personal AI & ML PROJECTS\AI IN HEALTHCARE\MY PROJECT E PAARVAI\Cataract v01.v7i.folder\train\mature\8_JPG.rf.532956152fcbe5baa0cca5ed006b0b7d.jpg,a120bd419e21d1e12f4cfa4f61751573e5c575e79d6b80efeee678185962fd22,a0383f2338cce7e9,VF_00212,5,train
cataract_v01,train,8_JPG.rf.8297230ab3f2f938b9542d0f0f970d65.jpg,mature,C:\Personal AI & ML PROJECTS\AI IN HEALTHCARE\MY PROJECT E PAARVAI\Cataract v01.v7i.folder\train\mature\8_JPG.rf.8297230ab3f2f938b9542d0f0f970d65.jpg,5c03241e50be5caf4b870745242f152a4d012f16d59ac52eb1f7c5db4a7b70f3,a0383f2338cce7e9,VF_00212,5,train
cataract_v01,train,8_JPG_jpg.rf.05dcb9f44b154b503d0528d59e286300.jpg,mature,C:\Personal AI & ML PROJECTS\AI IN HEALTHCARE\MY PROJECT E PAARVAI\Cataract v01.v7i.folder\train\mature\8_JPG_jpg.rf.05dcb9f44b154b503d0528d59e286300.jpg,f7b37974e3473088b67345cc25b4d9ddf82f278be0bc9f2e8bb90aadf56743af,f56c6a662d99b230,VF_00213,2,train
cataract_v01,train,8_JPG_jpg.rf.bcb877a0e05ae2b3ecb89155fa87e1d7.jpg,mature,C:\Personal AI & ML PROJECTS\AI IN HEALTHCARE\MY PROJECT E PAARVAI\Cataract v01.v7i.folder\train\mature\8_JPG_jpg.rf.bcb877a0e05ae2b3ecb89155fa87e1d7.jpg,c93bb9e7c3a7b7dffc9728f6bf275a2b973058df5d7478d0569aa42e23cc246d,a0383f2338cce7e9,VF_00212,5,train
cataract_v01,train,8_JPG_jpg.rf.d39bf5dd2c7af2d7cc389651fdd93766.jpg,mature,C:\Personal AI & ML PROJECTS\AI IN HEALTHCARE\MY PROJECT E PAARVAI\Cataract v01.v7i.folder\train\mature\8_JPG_jpg.rf.d39bf5dd2c7af2d7cc389651fdd93766.jpg,af6b6cd94b5bcd1c07404c29024d64515982130373e1562b16783511e096bd4e,f56c6a662d99b230,VF_00213,2,train
cataract_v01,train,8_JPG_jpg.rf.d5b465f99f5f4bce20199b74f441ed41.jpg,mature,C:\Personal AI & ML PROJECTS\AI IN HEALTHCARE\MY PROJECT E PAARVAI\Cataract v01.v7i.folder\train\mature\8_JPG_jpg.rf.d5b465f99f5f4bce20199b74f441ed41.jpg,407cf3a961713076bcc718031a9adc6febcb24e67058a0d763f5be20b9a895fd,a0383f2338cce7e9,VF_00212,5,train
cataract_v01,train,9_JPG.rf.8ba60f3097e900c8f837697d08501fc1.jpg,mature,C:\Personal AI & ML PROJECTS\AI IN HEALTHCARE\MY PROJECT E PAARVAI\Cataract v01.v7i.folder\train\mature\9_JPG.rf.8ba60f3097e900c8f837697d08501fc1.jpg,a49b60e9ef9307ac12becfd797b120c5eaf6ed3d2330376a6a1abf2836cf3554,e20edfe1809eae98,VF_00214,6,train
cataract_v01,train,9_JPG.rf.c1c4d0880d30937451ac83550944d362.jpg,mature,C:\Personal AI & ML PROJECTS\AI IN HEALTHCARE\MY PROJECT E PAARVAI\Cataract v01.v7i.folder\train\mature\9_JPG.rf.c1c4d0880d30937451ac83550944d362.jpg,9a6de22905eff27f3cd2b87d230cb7bfa5b0825c9873a38ae3be2b6b3214553f,e20edfe1809eae98,VF_00214,6,train
cataract_v01,train,9_JPG_jpg.rf.4605db5ddbc126b164d45b11cc919643.jpg,mature,C:\Personal AI & ML PROJECTS\AI IN HEALTHCARE\MY PROJECT E PAARVAI\Cataract v01.v7i.folder\train\mature\9_JPG_jpg.rf.4605db5ddbc126b164d45b11cc919643.jpg,d7f5445a8fef072f53899416c5571bf9c63cb146d1010028978defa14955b9df,e20edfe1809eae98,VF_00214,6,train
cataract_v01,train,9_JPG_jpg.rf.62123775e70adae83ea19c28b66265cc.jpg,mature,C:\Personal AI & ML PROJECTS\AI IN HEALTHCARE\MY PROJECT E PAARVAI\Cataract v01.v7i.folder\train\mature\9_JPG_jpg.rf.62123775e70adae83ea19c28b66265cc.jpg,371f7b16fa494083d8b8f9b8f6f98e6220f2c6d14012e0cf8cdf762c58813332,e20edfe1809eae98,VF_00214,6,train
cataract_v01,train,9_JPG_jpg.rf.d14f5cad4cdb2743686df5e0e85f226e.jpg,mature,C:\Personal AI & ML PROJECTS\AI IN HEALTHCARE\MY PROJECT E PAARVAI\Cataract v01.v7i.folder\train\mature\9_JPG_jpg.rf.d14f5cad4cdb2743686df5e0e85f226e.jpg,f4ad368fed5b02f74fec3f531d29cbd780f23cdcb1ed466ac0073fb02d162640,e20edfe1809eae98,VF_00214,6,train
cataract_v01,train,9_JPG_jpg.rf.f7ddfafe86a5ffc81163acc3345717d1.jpg,mature,C:\Personal AI & ML PROJECTS\AI IN HEALTHCARE\MY PROJECT E PAARVAI\Cataract v01.v7i.folder\train\mature\9_JPG_jpg.rf.f7ddfafe86a5ffc81163acc3345717d1.jpg,605dd87a595c81d64a915a8e828ab88b3e6c4eac0ac6e038eab6bc1f7e9c763d,e20edfe1809eae98,VF_00214,6,train
dataset_katarak,train,aug_0_1014_jpeg.rf.91aa0bcb864596ccec54c168a17e7305.jpg,normal,C:\Personal AI & ML PROJECTS\AI IN HEALTHCARE\MY PROJECT E PAARVAI\Dataset Katarak\train\normal\aug_0_1014_jpeg.rf.91aa0bcb864596ccec54c168a17e7305.jpg,c92d9d002555ab2b121244a278f587252fa1e6bcb085eb6d917fa720176e5478,e81b87f12a817d8e,VF_00215,1,train
dataset_katarak,train,aug_0_1026_jpeg.rf.a7346d6a350c3226a13146c1abd4519c.jpg,normal,C:\Personal AI & ML PROJECTS\AI IN HEALTHCARE\MY PROJECT E PAARVAI\Dataset Katarak\train\normal\aug_0_1026_jpeg.rf.a7346d6a350c3226a13146c1abd4519c.jpg,ed4679c98386dd233431536a28c615b37a799776e1018953db94e71aca6b49de,a08a9fe56807bd5c,VF_00216,1,train
dataset_katarak,train,aug_0_1033_jpeg.rf.f1a225f9f8794980ec4ec4c7f1b541e0.jpg,normal,C:\Personal AI & ML PROJECTS\AI IN HEALTHCARE\MY PROJECT E PAARVAI\Dataset Katarak\train\normal\aug_0_1033_jpeg.rf.f1a225f9f8794980ec4ec4c7f1b541e0.jpg,b3c0d9ac28a28632cbaca7c91327ff2590d154b1048f40a39d4fa1aa52095f35,a4b4ca8b2decb643,VF_00217,1,train
dataset_katarak,train,aug_0_1037_jpeg.rf.6240567e02d305f79389a26d163dc652.jpg,normal,C:\Personal AI & ML PROJECTS\AI IN HEALTHCARE\MY PROJECT E PAARVAI\Dataset Katarak\train\normal\aug_0_1037_jpeg.rf.6240567e02d305f79389a26d163dc652.jpg,c6a9106b923232b775fee1cd0c95d408cec6ff2ddbb6b8c9586791b8b559ae91,f0708b0b9ecd6d4c,VF_00218,1,train
dataset_katarak,train,aug_0_1081_jpeg.rf.e6d37f6b1eb5a809e8292537f2525210.jpg,normal,C:\Personal AI & ML PROJECTS\AI IN HEALTHCARE\MY PROJECT E PAARVAI\Dataset Katarak\train\normal\aug_0_1081_jpeg.rf.e6d37f6b1eb5a809e8292537f2525210.jpg,3b0be1fb8d26fe113ad89975510a6aafc8d3accef2380ea32c727f25904cf244,e5da96a116709ea5,VF_00221,1,train
dataset_katarak,train,aug_0_1087_jpeg.rf.b87d1f1c22bc451295ddf276f7a5608b.jpg,normal,C:\Personal AI & ML PROJECTS\AI IN HEALTHCARE\MY PROJECT E PAARVAI\Dataset Katarak\train\normal\aug_0_1087_jpeg.rf.b87d1f1c22bc451295ddf276f7a5608b.jpg,c46eda81f419622717c7049573bf001593718de43635d72475daa19fb5a0c7d9,a2728d8d2de0f4b5,VF_00222,1,train
dataset_katarak,train,aug_0_1095_jpeg.rf.1e3e56b77285b4cd5f2deb16e589f29a.jpg,normal,C:\Personal AI & ML PROJECTS\AI IN HEALTHCARE\MY PROJECT E PAARVAI\Dataset Katarak\train\normal\aug_0_1095_jpeg.rf.1e3e56b77285b4cd5f2deb16e589f29a.jpg,40ec2c1eaa00e3e678f91f330c83988616ccb135ebc11022c5de620587791bb8,f530e85e9785495a,VF_00223,1,train
dataset_katarak,train,aug_0_1100_jpeg.rf.3886caec39acf26c79c234398fd37b2c.jpg,normal,C:\Personal AI & ML PROJECTS\AI IN HEALTHCARE\MY PROJECT E PAARVAI\Dataset Katarak\train\normal\aug_0_1100_jpeg.rf.3886caec39acf26c79c234398fd37b2c.jpg,04d01b478809c3f560fc1e7afaba5d474bc7fbba8dcd837297ff0b75e9e1e65b,a060db8b6a34f4f6,VF_00224,1,train
dataset_katarak,train,aug_0_113_jpeg.rf.7aff81f2b48507e0c3b445fa1ef19a1b.jpg,normal,C:\Personal AI & ML PROJECTS\AI IN HEALTHCARE\MY PROJECT E PAARVAI\Dataset Katarak\train\normal\aug_0_113_jpeg.rf.7aff81f2b48507e0c3b445fa1ef19a1b.jpg,335d51647150d6410d0bb40fb5760f2814c0156016f265cae5fd806116bf1608,f4cbcb702993706a,VF_00226,1,train
dataset_katarak,train,aug_0_1182_jpeg.rf.dd68876558fa33f7f7f6d00d76b6f74a.jpg,normal,C:\Personal AI & ML PROJECTS\AI IN HEALTHCARE\MY PROJECT E PAARVAI\Dataset Katarak\train\normal\aug_0_1182_jpeg.rf.dd68876558fa33f7f7f6d00d76b6f74a.jpg,ad8d77b19163b21fb07ce4e62f52e21077d0f31f822f975688e33c6cde3f442a,a1cfd2291ed0bd43,VF_00227,1,train
dataset_katarak,train,aug_0_1192_jpeg.rf.d7185218a86e77e3d44163f0a9deb2f9.jpg,normal,C:\Personal AI & ML PROJECTS\AI IN HEALTHCARE\MY PROJECT E PAARVAI\Dataset Katarak\train\normal\aug_0_1192_jpeg.rf.d7185218a86e77e3d44163f0a9deb2f9.jpg,2c1dfc1b5fa6e012b8f27898016e266e6e3f1b85c560a1b08c333c2b7da9ba6d,fd35c2c00f8fe834,VF_00228,1,train
dataset_katarak,train,aug_0_1196_jpeg.rf.c5696f4d2bba7f07f95245010ae13948.jpg,normal,C:\Personal AI & ML PROJECTS\AI IN HEALTHCARE\MY PROJECT E PAARVAI\Dataset Katarak\train\normal\aug_0_1196_jpeg.rf.c5696f4d2bba7f07f95245010ae13948.jpg,23c89bb2c4c65f8a697879f58b8831d58fc3e10ef9cb9f9a7a079ab8e2924cef,cf27d838636374c4,VF_00229,1,train
dataset_katarak,train,aug_0_1197_jpeg.rf.a67cd8f092b9d8b14cbe3833b68bae85.jpg,normal,C:\Personal AI & ML PROJECTS\AI IN HEALTHCARE\MY PROJECT E PAARVAI\Dataset Katarak\train\normal\aug_0_1197_jpeg.rf.a67cd8f092b9d8b14cbe3833b68bae85.jpg,be8406ec064ec873b96358e96476d6ee2c95189b3822a58f5dc3291c998aa58e,f0688707d57e1fc0,VF_00230,1,train
dataset_katarak,train,aug_0_1203_jpeg.rf.e67901f471618f58802d02c857835feb.jpg,normal,C:\Personal AI & ML PROJECTS\AI IN HEALTHCARE\MY PROJECT E PAARVAI\Dataset Katarak\train\normal\aug_0_1203_jpeg.rf.e67901f471618f58802d02c857835feb.jpg,b65aaf00db2ab877a27c2f7193e74465412672abbc22e2f1d84338a3b6a6f3a8,e1def02d42bc0b71,VF_00231,1,train
dataset_katarak,train,aug_0_1209_jpeg.rf.d3ca0d0360922dc84b2390467395fc13.jpg,normal,C:\Personal AI & ML PROJECTS\AI IN HEALTHCARE\MY PROJECT E PAARVAI\Dataset Katarak\train\normal\aug_0_1209_jpeg.rf.d3ca0d0360922dc84b2390467395fc13.jpg,5e518d8b534e74ec9b9fc63e45813607c9ccbaf84d25731f710b4f011488847f,e06087d71ee8f863,VF_00232,1,train
dataset_katarak,train,aug_0_1232_jpeg.rf.ff1115bfabb19e905113ed4f88f51bbe.jpg,normal,C:\Personal AI & ML PROJECTS\AI IN HEALTHCARE\MY PROJECT E PAARVAI\Dataset Katarak\train\normal\aug_0_1232_jpeg.rf.ff1115bfabb19e905113ed4f88f51bbe.jpg,b6b068cee474f8042d99f03248e98610dcd88db90783cf8890604bf1da1eab0a,a525941e56c7d972,VF_00233,1,train
dataset_katarak,train,aug_0_1270_jpeg.rf.e9dfe9b421efc9e2b5d2012b98dcbe21.jpg,normal,C:\Personal AI & ML PROJECTS\AI IN HEALTHCARE\MY PROJECT E PAARVAI\Dataset Katarak\train\normal\aug_0_1270_jpeg.rf.e9dfe9b421efc9e2b5d2012b98dcbe21.jpg,27b0527f3b1a820170ce6833333c29a316834a96852ed48fa4f1f385dab5ff16,e1ce86711ea99762,VF_00234,1,train
dataset_katarak,train,aug_0_1273_jpeg.rf.b385536afa823b0aedc9275d0193920a.jpg,normal,C:\Personal AI & ML PROJECTS\AI IN HEALTHCARE\MY PROJECT E PAARVAI\Dataset Katarak\train\normal\aug_0_1273_jpeg.rf.b385536afa823b0aedc9275d0193920a.jpg,8bc224960e19284f04570564a9b9e90177f72c353f94d514977fc505fb458a9a,b4cbcb3488d3adc4,VF_00235,1,train
dataset_katarak,train,aug_0_1280_jpeg.rf.c541611c4c4d19a9baae24e20420bdc5.jpg,normal,C:\Personal AI & ML PROJECTS\AI IN HEALTHCARE\MY PROJECT E PAARVAI\Dataset Katarak\train\normal\aug_0_1280_jpeg.rf.c541611c4c4d19a9baae24e20420bdc5.jpg,bed1e7b8fc1f0aab6b96b3276c2dc7548de7a98af00cae73c50b6f5e7c3f4404,b674884a6f2d72b2,VF_00236,1,train
dataset_katarak,train,aug_0_1295_jpeg.rf.e2f8276f1884b346fff17cfaa5897cbf.jpg,normal,C:\Personal AI & ML PROJECTS\AI IN HEALTHCARE\MY PROJECT E PAARVAI\Dataset Katarak\train\normal\aug_0_1295_jpeg.rf.e2f8276f1884b346fff17cfaa5897cbf.jpg,d1aed4c981e2a94bc2e2a07b3609b885a75b016b57afac1a0a61929e959f31b6,b53cc2924f4f886d,VF_00238,1,train
dataset_katarak,train,aug_0_1316_jpeg.rf.1d32531b6d9a17e94cc374b0d2645d20.jpg,normal,C:\Personal AI & ML PROJECTS\AI IN HEALTHCARE\MY PROJECT E PAARVAI\Dataset Katarak\train\normal\aug_0_1316_jpeg.rf.1d32531b6d9a17e94cc374b0d2645d20.jpg,930c3a4af9a4e81693bcb4829c99dfa0a06912a6ea443286fdf5739c421ba658,e1de87601f87a81e,VF_00240,1,train
dataset_katarak,train,aug_0_1329_jpeg.rf.fe20724e5dc0ec0797c4e133ffb81dcb.jpg,normal,C:\Personal AI & ML PROJECTS\AI IN HEALTHCARE\MY PROJECT E PAARVAI\Dataset Katarak\train\normal\aug_0_1329_jpeg.rf.fe20724e5dc0ec0797c4e133ffb81dcb.jpg,2a41081a9ec742c2533d94e391790d470a584652cb97ab9be788ec58e8b08b2f,a268ca76253ab795,VF_00242,1,train
dataset_katarak,train,aug_0_1336_jpeg.rf.8d5c6a9e2c720fe49cfb469eaae3d2d5.jpg,normal,C:\Personal AI & ML PROJECTS\AI IN HEALTHCARE\MY PROJECT E PAARVAI\Dataset Katarak\train\normal\aug_0_1336_jpeg.rf.8d5c6a9e2c720fe49cfb469eaae3d2d5.jpg,4e8eba2921b8bea6692505077c163c23c0029c8df153f2dab177e3646a006ded,a0708f8b4aec9e37,VF_00244,1,train
dataset_katarak,train,aug_0_1402_jpeg.rf.5c7eb6ac2fd0f444eb94a4bd67ff8ea7.jpg,normal,C:\Personal AI & ML PROJECTS\AI IN HEALTHCARE\MY PROJECT E PAARVAI\Dataset Katarak\train\normal\aug_0_1402_jpeg.rf.5c7eb6ac2fd0f444eb94a4bd67ff8ea7.jpg,c64665e22fbf0b5a727961f2d8da2f484dca9b64ccc5b77da717fa508a5029e8,ff88c03f0392ed43,VF_00245,1,train
dataset_katarak,train,aug_0_1420_jpeg.rf.d4418bcbc59e5ca18fbf81b4cd25aee5.jpg,normal,C:\Personal AI & ML PROJECTS\AI IN HEALTHCARE\MY PROJECT E PAARVAI\Dataset Katarak\train\normal\aug_0_1420_jpeg.rf.d4418bcbc59e5ca18fbf81b4cd25aee5.jpg,f17bfd174e391cc5dc4378d597da55bbc0f226431988dc157bce13dd70ed8807,f062d78f4d6960e4,VF_00246,1,train
dataset_katarak,train,aug_0_1440_jpeg.rf.731e7845d28471d9e51a33187eec7470.jpg,normal,C:\Personal AI & ML PROJECTS\AI IN HEALTHCARE\MY PROJECT E PAARVAI\Dataset Katarak\train\normal\aug_0_1440_jpeg.rf.731e7845d28471d9e51a33187eec7470.jpg,497c836a2f408820ff2e81648dbebc47221b438b577f79a63ccfe30eb6200ec4,e06087cf1ae879e5,VF_00247,1,train
dataset_katarak,train,aug_0_1442_jpeg.rf.1ee2f6a2b3ddb063b700a81d542678c3.jpg,normal,C:\Personal AI & ML PROJECTS\AI IN HEALTHCARE\MY PROJECT E PAARVAI\Dataset Katarak\train\normal\aug_0_1442_jpeg.rf.1ee2f6a2b3ddb063b700a81d542678c3.jpg,aca3c9d6e87a689d2ee2c2cd60e954930ac21c8d15a9c99f49edc81dc5d1c379,c707dc1c9a3b3869,VF_00248,1,train
dataset_katarak,train,aug_0_1454_jpeg.rf.2d2d6db32e0cbec75618c1a5b13c33ef.jpg,normal,C:\Personal AI & ML PROJECTS\AI IN HEALTHCARE\MY PROJECT E PAARVAI\Dataset Katarak\train\normal\aug_0_1454_jpeg.rf.2d2d6db32e0cbec75618c1a5b13c33ef.jpg,b9b10f11b368c188c8c4032aeefb6be12819dda6c1b6325f2f8d23e377a26798,f0649e5af8e9e121,VF_00250,1,train
dataset_katarak,train,aug_0_1492_jpeg.rf.b7c8cbbaf70918fd00d87aa42e491667.jpg,normal,C:\Personal AI & ML PROJECTS\AI IN HEALTHCARE\MY PROJECT E PAARVAI\Dataset Katarak\train\normal\aug_0_1492_jpeg.rf.b7c8cbbaf70918fd00d87aa42e491667.jpg,422da523ef9771f57f459aaa1b557198947166b796515fb4c9a2c1bb6d7998dc,e19e97311e617863,VF_00254,1,train
dataset_katarak,train,aug_0_1494_jpeg.rf.eb26f7785bfca45e27d6eef366578d43.jpg,normal,C:\Personal AI & ML PROJECTS\AI IN HEALTHCARE\MY PROJECT E PAARVAI\Dataset Katarak\train\normal\aug_0_1494_jpeg.rf.eb26f7785bfca45e27d6eef366578d43.jpg,d36c56412ade4a443233d121d7c809cec8739f24217351650e06f4d252385a2e,a53796da4a5a4999,VF_00255,1,train
dataset_katarak,train,aug_0_1495_jpeg.rf.2af32db134c4cabecbadb8b95b27b971.jpg,normal,C:\Personal AI & ML PROJECTS\AI IN HEALTHCARE\MY PROJECT E PAARVAI\Dataset Katarak\train\normal\aug_0_1495_jpeg.rf.2af32db134c4cabecbadb8b95b27b971.jpg,f14efa1ef1276b1654c2f861bcf42479f4b69e163cd89f22ae966e6bb9652e12,a12596de7a29a9e1,VF_00256,1,train
dataset_katarak,train,aug_0_1501_jpeg.rf.82ed1fdffb79ba89d4ecc764639cb8aa.jpg,normal,C:\Personal AI & ML PROJECTS\AI IN HEALTHCARE\MY PROJECT E PAARVAI\Dataset Katarak\train\normal\aug_0_1501_jpeg.rf.82ed1fdffb79ba89d4ecc764639cb8aa.jpg,5da4f5a53e2a2b9b2830a3c166986e60e6492fd1c603ddbd1ae778b6dfe1fd85,ef27d11ccc1298d6,VF_00257,1,train
dataset_katarak,train,aug_0_1509_jpeg.rf.53ff1fc8a56722612c5423140d7c9343.jpg,normal,C:\Personal AI & ML PROJECTS\AI IN HEALTHCARE\MY PROJECT E PAARVAI\Dataset Katarak\train\normal\aug_0_1509_jpeg.rf.53ff1fc8a56722612c5423140d7c9343.jpg,f0499e93ad6c76bb1cd0782e6e1c83d380d469ad21c0bd1d686158d59aed7525,97c8b3a6c99459d4,VF_00258,1,train
dataset_katarak,train,aug_0_1546_jpeg.rf.30f968e05da71844e1eeed4a30589c60.jpg,normal,C:\Personal AI & ML PROJECTS\AI IN HEALTHCARE\MY PROJECT E PAARVAI\Dataset Katarak\train\normal\aug_0_1546_jpeg.rf.30f968e05da71844e1eeed4a30589c60.jpg,b59cad228fb1c2d8fbd50bc21dd0505eb716f03e9c61b1cbf39b7984ee50a78d,b48ddf60294fb44a,VF_00260,1,train
dataset_katarak,train,aug_0_154_jpeg.rf.852e6926afda560521b9e7d41f4c492b.jpg,normal,C:\Personal AI & ML PROJECTS\AI IN HEALTHCARE\MY PROJECT E PAARVAI\Dataset Katarak\train\normal\aug_0_154_jpeg.rf.852e6926afda560521b9e7d41f4c492b.jpg,853fb0297d1296964d7197f4177df6a1f028db874b32b29ca1cf90e13e3b2194,b5cad46952494b6e,VF_00261,1,train
dataset_katarak,train,aug_0_1559_jpeg.rf.12f4886e2b33ad433610da6ccda15209.jpg,normal,C:\Personal AI & ML PROJECTS\AI IN HEALTHCARE\MY PROJECT E PAARVAI\Dataset Katarak\train\normal\aug_0_1559_jpeg.rf.12f4886e2b33ad433610da6ccda15209.jpg,a1deb4afcf8c95db1344edb30cc1ec3235bab8a526af9a07554a32da637a91e2,b430cb0bec3f32f0,VF_00262,1,train
dataset_katarak,train,aug_0_1560_jpeg.rf.26189da61a9adbaf2b5cfa8d509cb8ad.jpg,normal,C:\Personal AI & ML PROJECTS\AI IN HEALTHCARE\MY PROJECT E PAARVAI\Dataset Katarak\train\normal\aug_0_1560_jpeg.rf.26189da61a9adbaf2b5cfa8d509cb8ad.jpg,481301aab4ca2683d6395ebf8e36634b42fac23231349e0d6e2a09496f42bf81,f1999f84f05a16a5,VF_00263,1,train
dataset_katarak,train,aug_0_1562_jpeg.rf.d9a3ac9459649be79c6bdcb308355f52.jpg,normal,C:\Personal AI & ML PROJECTS\AI IN HEALTHCARE\MY PROJECT E PAARVAI\Dataset Katarak\train\normal\aug_0_1562_jpeg.rf.d9a3ac9459649be79c6bdcb308355f52.jpg,68a6ed8a020ae23c70daefe1fa4d03710f547eb04e0d1120502e0bd6afb49b0e,e09f87705ee2f842,VF_00264,1,train
dataset_katarak,train,aug_0_1576_jpeg.rf.745e9a3ddd83147ee049acd560cae7b0.jpg,normal,C:\Personal AI & ML PROJECTS\AI IN HEALTHCARE\MY PROJECT E PAARVAI\Dataset Katarak\train\normal\aug_0_1576_jpeg.rf.745e9a3ddd83147ee049acd560cae7b0.jpg,741ef5d833875f63ee2b9d88cdcb902ba736792c40b3bd8329459e7367db3505,ad31d24aafbcf440,VF_00266,1,train
dataset_katarak,train,aug_0_1580_jpeg.rf.2670007ceda22d9144581ae2c10b7f06.jpg,normal,C:\Personal AI & ML PROJECTS\AI IN HEALTHCARE\MY PROJECT E PAARVAI\Dataset Katarak\train\normal\aug_0_1580_jpeg.rf.2670007ceda22d9144581ae2c10b7f06.jpg,4a0068c8eb7c106f0a2c64ed89b9e819e1425856c07c06f8842ca61c67da521f,b213cf2db0b0d30f,VF_00267,1,train
dataset_katarak,train,aug_0_1624_jpeg.rf.7221a052d93fec751a25683b55865b60.jpg,normal,C:\Personal AI & ML PROJECTS\AI IN HEALTHCARE\MY PROJECT E PAARVAI\Dataset Katarak\train\normal\aug_0_1624_jpeg.rf.7221a052d93fec751a25683b55865b60.jpg,b591dd7e6c93b84fcb08b387f9010cf7586946aae64b490df8e0fe1958069624,cf62f49d19916ac2,VF_00269,1,train
dataset_katarak,train,aug_0_1629_jpeg.rf.045784ee67c2c4eeb0686467ecb08d45.jpg,normal,C:\Personal AI & ML PROJECTS\AI IN HEALTHCARE\MY PROJECT E PAARVAI\Dataset Katarak\train\normal\aug_0_1629_jpeg.rf.045784ee67c2c4eeb0686467ecb08d45.jpg,4ce424ca6f84ea2113b7f629f63c62973c4795b0c5bfbcd5a15a44810ec37ae8,f838d7c185ca5a17,VF_00270,1,train
dataset_katarak,train,aug_0_1648_jpeg.rf.831af1c5e6e1978e00bcf408e57cf7d2.jpg,normal,C:\Personal AI & ML PROJECTS\AI IN HEALTHCARE\MY PROJECT E PAARVAI\Dataset Katarak\train\normal\aug_0_1648_jpeg.rf.831af1c5e6e1978e00bcf408e57cf7d2.jpg,3aeda879641ff5843630dfdfdf97d635aa223d031008bad70a57bde661e010c6,a5c896256aa75976,VF_00271,1,train
dataset_katarak,train,aug_0_1649_jpeg.rf.bde76b072ad31941fda8791de2f77a59.jpg,normal,C:\Personal AI & ML PROJECTS\AI IN HEALTHCARE\MY PROJECT E PAARVAI\Dataset Katarak\train\normal\aug_0_1649_jpeg.rf.bde76b072ad31941fda8791de2f77a59.jpg,b1140cbfb58db29ed1c172e728970ac9d70d1a416ace925e87360196ff92f56a,a1dade612917b89a,VF_00272,1,train
dataset_katarak,train,aug_0_1651_jpeg.rf.a91f714133f31348c939491a09688fea.jpg,normal,C:\Personal AI & ML PROJECTS\AI IN HEALTHCARE\MY PROJECT E PAARVAI\Dataset Katarak\train\normal\aug_0_1651_jpeg.rf.a91f714133f31348c939491a09688fea.jpg,787ef3d71f96cb6cff4ec66ec3c3f16ba39a78368021412b7955af94ffa05eff,f08d8f707e01e4ce,VF_00273,1,train
dataset_katarak,train,aug_0_1652_jpeg.rf.f60a90dd7bd2a2ada28c7e698462d896.jpg,normal,C:\Personal AI & ML PROJECTS\AI IN HEALTHCARE\MY PROJECT E PAARVAI\Dataset Katarak\train\normal\aug_0_1652_jpeg.rf.f60a90dd7bd2a2ada28c7e698462d896.jpg,f687314b9d42c40039d2aeaf4082c33d448e1c0faf4b2a1c0aaed1401a3f803a,b434c38342df8f0f,VF_00274,1,train
dataset_katarak,train,aug_0_1656_jpeg.rf.d0747be199823e5d01b1a3dad4aa304e.jpg,normal,C:\Personal AI & ML PROJECTS\AI IN HEALTHCARE\MY PROJECT E PAARVAI\Dataset Katarak\train\normal\aug_0_1656_jpeg.rf.d0747be199823e5d01b1a3dad4aa304e.jpg,932e8d522ae8b258e75f948c6b470de05661824a4bf42638da7a6f28d1bdc955,b68dcbb4364b41b4,VF_00275,1,train
dataset_katarak,train,aug_0_1695_jpeg.rf.802effc47186753eb5dab0f5e02d5ef5.jpg,normal,C:\Personal AI & ML PROJECTS\AI IN HEALTHCARE\MY PROJECT E PAARVAI\Dataset Katarak\train\normal\aug_0_1695_jpeg.rf.802effc47186753eb5dab0f5e02d5ef5.jpg,b15bce1d45912eaa2009c8c53ab04e12232362007189e6af81dc12203c6c38f1,e19e97311e713863,VF_00277,1,train
dataset_katarak,train,aug_0_1740_jpeg.rf.3413d617c070593cae68a1506a0f19b7.jpg,normal,C:\Personal AI & ML PROJECTS\AI IN HEALTHCARE\MY PROJECT E PAARVAI\Dataset Katarak\train\normal\aug_0_1740_jpeg.rf.3413d617c070593cae68a1506a0f19b7.jpg,dcaff6ab1ebeb0faee7505d756d04fa4dae7f03c8f12b9143c1661ef716857b6,a0659703d2d78f4b,VF_00280,1,train
dataset_katarak,train,aug_0_1762_jpeg.rf.dcdde9e4acdb7bc04c0572d5d7b2f8b6.jpg,normal,C:\Personal AI & ML PROJECTS\AI IN HEALTHCARE\MY PROJECT E PAARVAI\Dataset Katarak\train\normal\aug_0_1762_jpeg.rf.dcdde9e4acdb7bc04c0572d5d7b2f8b6.jpg,491b446a031fdae95d8ed7a9907cabe0d1a23c241727266b02db9254c762d1f2,a09e97e8da615e64,VF_00282,1,train
dataset_katarak,train,aug_0_1777_jpeg.rf.2f4a9bb3d3bef537d2997ff3ee161f2b.jpg,normal,C:\Personal AI & ML PROJECTS\AI IN HEALTHCARE\MY PROJECT E PAARVAI\Dataset Katarak\train\normal\aug_0_1777_jpeg.rf.2f4a9bb3d3bef537d2997ff3ee161f2b.jpg,2216a98e1fce6449cd3c5f67087ebaff55cd5ae4e7d05d8420b9b85181bbef85,b012cf2fa4f433c3,VF_00283,1,train
dataset_katarak,train,aug_0_1787_jpeg.rf.48c1a7b44808b0ae8bd6c97229bff294.jpg,normal,C:\Personal AI & ML PROJECTS\AI IN HEALTHCARE\MY PROJECT E PAARVAI\Dataset Katarak\train\normal\aug_0_1787_jpeg.rf.48c1a7b44808b0ae8bd6c97229bff294.jpg,23c83db5184bfe9da31277b82c765e8420de8e5abaeda0e17e46d74b707d922b,f81787687a45e0da,VF_00285,1,train
dataset_katarak,train,aug_0_178_jpeg.rf.2a547eec960484538f82236118a69b38.jpg,normal,C:\Personal AI & ML PROJECTS\AI IN HEALTHCARE\MY PROJECT E PAARVAI\Dataset Katarak\train\normal\aug_0_178_jpeg.rf.2a547eec960484538f82236118a69b38.jpg,e3f360d6e8a2b18c853779fe1d30b60f3aea63030ed76c6f03a118a5222e39d2,e1e19e0a29f83747,VF_00286,1,train
dataset_katarak,train,aug_0_1836_jpeg.rf.fabc6ac450bac234b98587d1e811f634.jpg,normal,C:\Personal AI & ML PROJECTS\AI IN HEALTHCARE\MY PROJECT E PAARVAI\Dataset Katarak\train\normal\aug_0_1836_jpeg.rf.fabc6ac450bac234b98587d1e811f634.jpg,4b129bbf168b6f662a8a4d7dddeecb04aeb6d94e245cda4a804ad8108354a719,f230c9cf6e4ec464,VF_00288,1,train
dataset_katarak,train,aug_0_1847_jpeg.rf.c9839db1e3374a6666d7f7e9b1fb78a1.jpg,normal,C:\Personal AI & ML PROJECTS\AI IN HEALTHCARE\MY PROJECT E PAARVAI\Dataset Katarak\train\normal\aug_0_1847_jpeg.rf.c9839db1e3374a6666d7f7e9b1fb78a1.jpg,447ccf2783a2b5c42080db319364f238f39847fa38155ce1769d27e24a6f98fe,e09e9ff8d0057a1c,VF_00290,1,train
dataset_katarak,train,aug_0_1895_jpeg.rf.bb18a052ce558d3dae175f6797c76a26.jpg,normal,C:\Personal AI & ML PROJECTS\AI IN HEALTHCARE\MY PROJECT E PAARVAI\Dataset Katarak\train\normal\aug_0_1895_jpeg.rf.bb18a052ce558d3dae175f6797c76a26.jpg,a4850dff94fd40691d95e3c848bea7dd11ac1bd4c0e403bbc13583d1e24040c8,b4cecbb0b44bd22c,VF_00292,1,train
dataset_katarak,train,aug_0_1898_jpeg.rf.f25b9a74e58842c0eabe79814f29676d.jpg,normal,C:\Personal AI & ML PROJECTS\AI IN HEALTHCARE\MY PROJECT E PAARVAI\Dataset Katarak\train\normal\aug_0_1898_jpeg.rf.f25b9a74e58842c0eabe79814f29676d.jpg,a4d2509fa6a98963c67d975c334daf74a0e18048a306736861004b9891cbaa7c,a1679ad86b35c1f0,VF_00293,1,train
dataset_katarak,train,aug_0_1921_jpeg.rf.93196d3c1f5baeaa55922fac3f1f9f33.jpg,normal,C:\Personal AI & ML PROJECTS\AI IN HEALTHCARE\MY PROJECT E PAARVAI\Dataset Katarak\train\normal\aug_0_1921_jpeg.rf.93196d3c1f5baeaa55922fac3f1f9f33.jpg,dc724eaa408876e5ebcc61eaeb6bb7a413468deff5f61e532a80ab81f6050246,f48b8bb41c02adcf,VF_00297,1,train
dataset_katarak,train,aug_0_193_jpeg.rf.8fb01f9d5c0c96e9f21cbbfa5040143d.jpg,normal,C:\Personal AI & ML PROJECTS\AI IN HEALTHCARE\MY PROJECT E PAARVAI\Dataset Katarak\train\normal\aug_0_193_jpeg.rf.8fb01f9d5c0c96e9f21cbbfa5040143d.jpg,d81209b875095379da454b50065b8e40ae98ce4674c99bb146fdf4c2c364fb73,a4cdca83b55fc2b0,VF_00298,1,train
dataset_katarak,train,aug_0_1966_jpeg.rf.4c2fce566c6f335601161aded93574a9.jpg,normal,C:\Personal AI & ML PROJECTS\AI IN HEALTHCARE\MY PROJECT E PAARVAI\Dataset Katarak\train\normal\aug_0_1966_jpeg.rf.4c2fce566c6f335601161aded93574a9.jpg,20c7299d34a7e2b8ee0cadd4562c346c02f7f0b3ac7b37c5ad619f1cd2d5b55f,e561965e1e0bda58,VF_00299,1,train
dataset_katarak,train,aug_0_1985_jpeg.rf.57d12099fea62202ab26e4b391b893c2.jpg,normal,C:\Personal AI & ML PROJECTS\AI IN HEALTHCARE\MY PROJECT E PAARVAI\Dataset Katarak\train\normal\aug_0_1985_jpeg.rf.57d12099fea62202ab26e4b391b893c2.jpg,8fdd3280abd8d469722daad38f9a63c005116ca0ef55b1413606f0722c94579f,e06197971f1a5a5a,VF_00300,1,train
dataset_katarak,train,aug_0_1987_jpeg.rf.c71c06a4cdb942534342a4d1c34aef4c.jpg,normal,C:\Personal AI & ML PROJECTS\AI IN HEALTHCARE\MY PROJECT E PAARVAI\Dataset Katarak\train\normal\aug_0_1987_jpeg.rf.c71c06a4cdb942534342a4d1c34aef4c.jpg,9999fb07c6ad7ec2d7f40aee5218c8855f7e202f94db7318d68d35aff935623f,b430cb4fb4b4f303,VF_00301,1,train
dataset_katarak,train,aug_0_2004_jpeg.rf.39291d0743a7796015fc118296ce50bd.jpg,normal,C:\Personal AI & ML PROJECTS\AI IN HEALTHCARE\MY PROJECT E PAARVAI\Dataset Katarak\train\normal\aug_0_2004_jpeg.rf.39291d0743a7796015fc118296ce50bd.jpg,14c209c27477dbd91dfd7c3cabe3cb3e1f6b0ca69fe3a6f1e9c3cc397e29b7b6,e19e9ee1da87b810,VF_00303,1,train
dataset_katarak,train,aug_0_2009_jpeg.rf.8d13e48e84a572de3e6ddf88c7f905fe.jpg,normal,C:\Personal AI & ML PROJECTS\AI IN HEALTHCARE\MY PROJECT E PAARVAI\Dataset Katarak\train\normal\aug_0_2009_jpeg.rf.8d13e48e84a572de3e6ddf88c7f905fe.jpg,19b581f1a28004876ef42717ea6ba2c1e0e8a01bf490c16d7dd445fa8d788dc2,c262ec1d9c3c1d7c,VF_00304,1,train
dataset_katarak,train,aug_0_2019_jpeg.rf.919a1206f4934ec6fe4e541f352ead8b.jpg,normal,C:\Personal AI & ML PROJECTS\AI IN HEALTHCARE\MY PROJECT E PAARVAI\Dataset Katarak\train\normal\aug_0_2019_jpeg.rf.919a1206f4934ec6fe4e541f352ead8b.jpg,3e8eabf160cb93b62ab664c0782a23026d6d574dff38574777e6db7de520eb16,f0704f8f2e70f0b2,VF_00305,1,train
dataset_katarak,train,aug_0_201_jpeg.rf.daace17aa55a202801317b1f8a43bca7.jpg,normal,C:\Personal AI & ML PROJECTS\AI IN HEALTHCARE\MY PROJECT E PAARVAI\Dataset Katarak\train\normal\aug_0_201_jpeg.rf.daace17aa55a202801317b1f8a43bca7.jpg,e069e7b0149c7dc10f447053abc219ef5dfa770ac1cc7147a099aeb6aba15e8b,b434cbcb43c8cc6b,VF_00306,1,train
dataset_katarak,train,aug_0_2036_jpeg.rf.e9562ffefa93e247fabf887ad3c360e1.jpg,normal,C:\Personal AI & ML PROJECTS\AI IN HEALTHCARE\MY PROJECT E PAARVAI\Dataset Katarak\train\normal\aug_0_2036_jpeg.rf.e9562ffefa93e247fabf887ad3c360e1.jpg,e4add94d4990e23b6a49abd57805e4a96204a76206c50aa45491be23f7c8ada0,e19e9ee05807fa98,VF_00308,1,train
dataset_katarak,train,aug_0_2044_jpeg.rf.26646a041ca532b924efd65b5a0ce837.jpg,normal,C:\Personal AI & ML PROJECTS\AI IN HEALTHCARE\MY PROJECT E PAARVAI\Dataset Katarak\train\normal\aug_0_2044_jpeg.rf.26646a041ca532b924efd65b5a0ce837.jpg,40c16f817ed84e5c1a19796698c8e2623887f8639b0c94b6db93d283d33f7ece,b53dda52946aca16,VF_00309,1,train
dataset_katarak,train,aug_0_2049_jpeg.rf.b8242f25ec81e685c4f8e7bc3afdb310.jpg,normal,C:\Personal AI & ML PROJECTS\AI IN HEALTHCARE\MY PROJECT E PAARVAI\Dataset Katarak\train\normal\aug_0_2049_jpeg.rf.b8242f25ec81e685c4f8e7bc3afdb310.jpg,edfb38517f7ffe9d29ed654d6401c0078d0988760c116c6d94ce5b1f922dadef,a1da8e211ef2a91f,VF_00310,1,train
dataset_katarak,train,aug_0_204_jpeg.rf.55087dae6a67292c1d8a847f36b54100.jpg,normal,C:\Personal AI & ML PROJECTS\AI IN HEALTHCARE\MY PROJECT E PAARVAI\Dataset Katarak\train\normal\aug_0_204_jpeg.rf.55087dae6a67292c1d8a847f36b54100.jpg,293aa74b6d0177d5edbe99e9666612747dad7dfa0b167f730393071a8ba1d474,f08d8df49e313433,VF_00311,1,train
dataset_katarak,train,aug_0_2053_jpeg.rf.8291748470729c30e9ab1c09c20cf1b8.jpg,normal,C:\Personal AI & ML PROJECTS\AI IN HEALTHCARE\MY PROJECT E PAARVAI\Dataset Katarak\train\normal\aug_0_2053_jpeg.rf.8291748470729c30e9ab1c09c20cf1b8.jpg,d5357fde6fe0c44c4927b062c55cf2c4dc4ff3f1b9e84387020ae6c1e13688b9,b013cb4fb4f4b303,VF_00312,1,train
dataset_katarak,train,aug_0_2057_jpeg.rf.40bfb54c080edd027b04dc3ccc48559f.jpg,normal,C:\Personal AI & ML PROJECTS\AI IN HEALTHCARE\MY PROJECT E PAARVAI\Dataset Katarak\train\normal\aug_0_2057_jpeg.rf.40bfb54c080edd027b04dc3ccc48559f.jpg,ab962a5b3bae39a38e843a30b327241ef0aed671c00ec755a12bb011f46438a3,a5cac2756f1224bd,VF_00313,1,train
dataset_katarak,train,aug_0_2075_jpeg.rf.a357c1afe4be009164e51f9b65c32ba4.jpg,normal,C:\Personal AI & ML PROJECTS\AI IN HEALTHCARE\MY PROJECT E PAARVAI\Dataset Katarak\train\normal\aug_0_2075_jpeg.rf.a357c1afe4be009164e51f9b65c32ba4.jpg,33a1c2443e4539a460a204a80ba41289a91b3218f6cbad679db5a59bda03615c,b285cf52364b69b4,VF_00314,1,train
dataset_katarak,train,aug_0_2081_jpeg.rf.444ca496392812828793a4b7a1da35cd.jpg,normal,C:\Personal AI & ML PROJECTS\AI IN HEALTHCARE\MY PROJECT E PAARVAI\Dataset Katarak\train\normal\aug_0_2081_jpeg.rf.444ca496392812828793a4b7a1da35cd.jpg,6bc8a0782bcc6a4883f8def2d7cad8737e9eda0ca5382625aae04340ca01d343,a1d19e1a61f5f606,VF_00316,1,train
dataset_katarak,train,aug_0_2083_jpeg.rf.ab4ea4155e150dd239c1cfa63b3504dd.jpg,normal,C:\Personal AI & ML PROJECTS\AI IN HEALTHCARE\MY PROJECT E PAARVAI\Dataset Katarak\train\normal\aug_0_2083_jpeg.rf.ab4ea4155e150dd239c1cfa63b3504dd.jpg,ba5264845c41ee5c7d6bd5f482a3e968cad6ba2db69ee509396e2a13bb27f5d2,f89e97203a4571ea,VF_00317,1,train
dataset_katarak,train,aug_0_2089_jpeg.rf.dd9d7ee373d954bae01804b72dce2224.jpg,normal,C:\Personal AI & ML PROJECTS\AI IN HEALTHCARE\MY PROJECT E PAARVAI\Dataset Katarak\train\normal\aug_0_2089_jpeg.rf.dd9d7ee373d954bae01804b72dce2224.jpg,a80643bd028821833543fc264cea6e5eb3e9b9b610900eaa0f4895a1717bdecb,f4dbd2700b93744a,VF_00318,1,train
dataset_katarak,train,aug_0_2094_jpeg.rf.ccb730f9c50d64206aaca34b29c07aa6.jpg,normal,C:\Personal AI & ML PROJECTS\AI IN HEALTHCARE\MY PROJECT E PAARVAI\Dataset Katarak\train\normal\aug_0_2094_jpeg.rf.ccb730f9c50d64206aaca34b29c07aa6.jpg,752b72f0f2a2227c6098af59c8dbe5c7dcc7f50de286a468d12f3792960de72d,a5da98653b58c52b,VF_00319,1,train
dataset_katarak,train,aug_0_2109_jpeg.rf.242f6a3f9f63fded1a852d74b9dde516.jpg,normal,C:\Personal AI & ML PROJECTS\AI IN HEALTHCARE\MY PROJECT E PAARVAI\Dataset Katarak\train\normal\aug_0_2109_jpeg.rf.242f6a3f9f63fded1a852d74b9dde516.jpg,2900de2698379a06dc2c4d3d756c285f2887d5813e2be74d10ed3ca56e9b75a5,a3678ada7a3d8981,VF_00320,1,train
dataset_katarak,train,aug_0_2126_jpeg.rf.11c61c8a271cbb69db80c4ab3d6fe453.jpg,normal,C:\Personal AI & ML PROJECTS\AI IN HEALTHCARE\MY PROJECT E PAARVAI\Dataset Katarak\train\normal\aug_0_2126_jpeg.rf.11c61c8a271cbb69db80c4ab3d6fe453.jpg,7d8c8eff4e21146320f884031061927b0044483a4274e1425476c0e2317b1049,cf07d01c9a1adacb,VF_00321,1,train
dataset_katarak,train,aug_0_2143_jpeg.rf.a0c1cb5c52fc7eab95618b0c7751c913.jpg,normal,C:\Personal AI & ML PROJECTS\AI IN HEALTHCARE\MY PROJECT E PAARVAI\Dataset Katarak\train\normal\aug_0_2143_jpeg.rf.a0c1cb5c52fc7eab95618b0c7751c913.jpg,2629c3d84d9a880506f885c8e5d816d59e3672267c0bde9cae20c7ec863ebb97,b4b0cb4f6dfc30c0,VF_00322,1,train
dataset_katarak,train,aug_0_216_jpeg.rf.e3007983e5b5a965265974193959be4a.jpg,normal,C:\Personal AI & ML PROJECTS\AI IN HEALTHCARE\MY PROJECT E PAARVAI\Dataset Katarak\train\normal\aug_0_216_jpeg.rf.e3007983e5b5a965265974193959be4a.jpg,2f1e9e0b135ac60806ca28035b1d1d134d0c8037698ee12c912c8bb608fd34fa,e39cbce3978cb011,VF_00323,1,train
dataset_katarak,train,aug_0_2176_jpeg.rf.4437523fc651aa60c404510d37d147cd.jpg,normal,C:\Personal AI & ML PROJECTS\AI IN HEALTHCARE\MY PROJECT E PAARVAI\Dataset Katarak\train\normal\aug_0_2176_jpeg.rf.4437523fc651aa60c404510d37d147cd.jpg,7ef33d2d30067f855ffe1f41c48319700425e798e965fc9f4e7a5d59cd310040,ad2fd29243488e6f,VF_00324,1,train
dataset_katarak,train,aug_0_2177_jpeg.rf.d30d42c8a7cc8f395c60db7039bb7866.jpg,normal,C:\Personal AI & ML PROJECTS\AI IN HEALTHCARE\MY PROJECT E PAARVAI\Dataset Katarak\train\normal\aug_0_2177_jpeg.rf.d30d42c8a7cc8f395c60db7039bb7866.jpg,8c81435de423d50c2300fedd73833a9456a7e97781276ad8e4b5c389136109d3,e5259a5a1e1dd958,VF_00325,1,train
dataset_katarak,train,aug_0_217_jpeg.rf.ae4cea2112d74863132be6177305d744.jpg,normal,C:\Personal AI & ML PROJECTS\AI IN HEALTHCARE\MY PROJECT E PAARVAI\Dataset Katarak\train\normal\aug_0_217_jpeg.rf.ae4cea2112d74863132be6177305d744.jpg,9f1901025b83c1f8a88d6a273afe91cd9c1d53ff132b7b57003fc70efbdffcff,bd82b02d52bccb74,VF_00326,1,train
dataset_katarak,train,aug_0_2198_jpeg.rf.17683ba10e719a6f21a386aac8414a26.jpg,normal,C:\Personal AI & ML PROJECTS\AI IN HEALTHCARE\MY PROJECT E PAARVAI\Dataset Katarak\train\normal\aug_0_2198_jpeg.rf.17683ba10e719a6f21a386aac8414a26.jpg,f788d01a66d9246747f03a0050de5bc452ed312c3a47ca9c5049b47ea0b3834d,f1669f2ae0a59712,VF_00327,1,train
dataset_katarak,train,aug_0_219_jpeg.rf.6a354d6127916f05036cfdc40b57dfad.jpg,normal,C:\Personal AI & ML PROJECTS\AI IN HEALTHCARE\MY PROJECT E PAARVAI\Dataset Katarak\train\normal\aug_0_219_jpeg.rf.6a354d6127916f05036cfdc40b57dfad.jpg,47f198254096cebfc263ae77311a5ee6ceb169f161612ee52481f9e4935bff3c,ad3dd0906aeb2c74,VF_00328,1,train
dataset_katarak,train,aug_0_2202_jpeg.rf.6fa50ebb21f9daec37f641ce2e83fc24.jpg,normal,C:\Personal AI & ML PROJECTS\AI IN HEALTHCARE\MY PROJECT E PAARVAI\Dataset Katarak\train\normal\aug_0_2202_jpeg.rf.6fa50ebb21f9daec37f641ce2e83fc24.jpg,edffdfa4af5b2e8e6c5463c0f3f31dc73e63de449fae900e380bf6ebac8b80e5,a1ded6a8ca657864,VF_00329,1,train
dataset_katarak,train,aug_0_2205_jpeg.rf.9a5250f7171a71e596f68b56d9731f52.jpg,normal,C:\Personal AI & ML PROJECTS\AI IN HEALTHCARE\MY PROJECT E PAARVAI\Dataset Katarak\train\normal\aug_0_2205_jpeg.rf.9a5250f7171a71e596f68b56d9731f52.jpg,a5d92421dc56197c28d47f4108c5922c93a948c6851f2a3c21963f031e3a2aa7,f2608fcf0b8e8c8d,VF_00330,1,train
dataset_katarak,train,aug_0_220_jpeg.rf.4c209a484088d02c0c3a1021e0d81ad5.jpg,normal,C:\Personal AI & ML PROJECTS\AI IN HEALTHCARE\MY PROJECT E PAARVAI\Dataset Katarak\train\normal\aug_0_220_jpeg.rf.4c209a484088d02c0c3a1021e0d81ad5.jpg,4b506e31fd6410cebdce2f1c5f7624f92104cceb12ce705073e8ac819dedbb04,f7768adaa5684226,VF_00331,1,train
dataset_katarak,train,aug_0_2214_jpeg.rf.8d6412ea0bcf16bff3690c0b05150e82.jpg,normal,C:\Personal AI & ML PROJECTS\AI IN HEALTHCARE\MY PROJECT E PAARVAI\Dataset Katarak\train\normal\aug_0_2214_jpeg.rf.8d6412ea0bcf16bff3690c0b05150e82.jpg,510911c0c5bd4eac635fc0d445fe072b12dc793a6ae43d72437ca3151fc2879d,f062838f2f6c78f0,VF_00332,1,train
dataset_katarak,train,aug_0_2220_jpeg.rf.3c4ce3a8a511bb93fe1dc0bba818d674.jpg,normal,C:\Personal AI & ML PROJECTS\AI IN HEALTHCARE\MY PROJECT E PAARVAI\Dataset Katarak\train\normal\aug_0_2220_jpeg.rf.3c4ce3a8a511bb93fe1dc0bba818d674.jpg,36ed7506265b3e73a9e8e1b95c3331832277bea9bd2dbc1213e91055fb8684a3,aad5856a56e55a07,VF_00333,1,train
dataset_katarak,train,aug_0_2239_jpeg.rf.59a13c74630781214b35f3debff68ad3.jpg,normal,C:\Personal AI & ML PROJECTS\AI IN HEALTHCARE\MY PROJECT E PAARVAI\Dataset Katarak\train\normal\aug_0_2239_jpeg.rf.59a13c74630781214b35f3debff68ad3.jpg,e96f4519b456fe490c36062605c82adbb7c8b0f4aaa33f741c30bab4f31ba7c4,a436ca1a4a9d6db5,VF_00334,1,train
dataset_katarak,train,aug_0_2246_jpeg.rf.d34efc4587e02bc5cab119464fed6741.jpg,normal,C:\Personal AI & ML PROJECTS\AI IN HEALTHCARE\MY PROJECT E PAARVAI\Dataset Katarak\train\normal\aug_0_2246_jpeg.rf.d34efc4587e02bc5cab119464fed6741.jpg,cd294b0a5afdb44db579fa7b2fb65d9ff03ddd55ba7c3ec510e7a73aad99197f,f09d0f703f93700b,VF_00335,1,train
dataset_katarak,train,aug_0_224_jpeg.rf.b325691b2a066b5620c14b742882fd16.jpg,normal,C:\Personal AI & ML PROJECTS\AI IN HEALTHCARE\MY PROJECT E PAARVAI\Dataset Katarak\train\normal\aug_0_224_jpeg.rf.b325691b2a066b5620c14b742882fd16.jpg,61753802278c3006ca55baea261aca2f13cc5d3a844bf5d58e62b1da0f8a4ec0,e74fb11858e323e1,VF_00336,1,train
dataset_katarak,train,aug_0_2261_jpeg.rf.c1ef0218539f803671cd20aaacee2114.jpg,normal,C:\Personal AI & ML PROJECTS\AI IN HEALTHCARE\MY PROJECT E PAARVAI\Dataset Katarak\train\normal\aug_0_2261_jpeg.rf.c1ef0218539f803671cd20aaacee2114.jpg,13e3f4b7e1bd9cb997e434b0eb6f44930eb13592ab259612dfdbdc8d027408bc,f1669e6860e41f5a,VF_00338,1,train
dataset_katarak,train,aug_0_2263_jpeg.rf.aca1acbaae30d25557639ca104834c74.jpg,normal,C:\Personal AI & ML PROJECTS\AI IN HEALTHCARE\MY PROJECT E PAARVAI\Dataset Katarak\train\normal\aug_0_2263_jpeg.rf.aca1acbaae30d25557639ca104834c74.jpg,6e9fb240fedb7ae25d9bfe69bdb692917c7a051f2b212c61d9caa34252181a38,b535cbcacc6c8d22,VF_00339,1,train
dataset_katarak,train,aug_0_2275_jpeg.rf.792c44c4bd2d2fb1e7d20b6e1f32e1ca.jpg,normal,C:\Personal AI & ML PROJECTS\AI IN HEALTHCARE\MY PROJECT E PAARVAI\Dataset Katarak\train\normal\aug_0_2275_jpeg.rf.792c44c4bd2d2fb1e7d20b6e1f32e1ca.jpg,ddb3f55f6d2197602036f4d203d63e7a8dcf31a0fc256c31c06e2ac7b0ec9ce3,e12086d71ec8f87b,VF_00340,1,train
dataset_katarak,train,aug_0_2293_jpeg.rf.23470080924f33635bde932e4a215878.jpg,normal,C:\Personal AI & ML PROJECTS\AI IN HEALTHCARE\MY PROJECT E PAARVAI\Dataset Katarak\train\normal\aug_0_2293_jpeg.rf.23470080924f33635bde932e4a215878.jpg,53c00e8da4ffc28810245d9cfa433e6fd488cb6e104ca6e98f6f7a7452230e13,e86083c7168e7e9e,VF_00341,1,train
dataset_katarak,train,aug_0_2296_jpeg.rf.17107e15a7ca4e00344fbd0ddfc67a9b.jpg,normal,C:\Personal AI & ML PROJECTS\AI IN HEALTHCARE\MY PROJECT E PAARVAI\Dataset Katarak\train\normal\aug_0_2296_jpeg.rf.17107e15a7ca4e00344fbd0ddfc67a9b.jpg,826962d4e624359b875301ccf496ca6973f4e55433a9006d2f317582e45d45e6,e7b99a86a15aa6a1,VF_00342,1,train
dataset_katarak,train,aug_0_2324_jpeg.rf.3c7a07c2884ca605e8f06ff4aa223a68.jpg,normal,C:\Personal AI & ML PROJECTS\AI IN HEALTHCARE\MY PROJECT E PAARVAI\Dataset Katarak\train\normal\aug_0_2324_jpeg.rf.3c7a07c2884ca605e8f06ff4aa223a68.jpg,05f8d91f48ba999961cff7d3430156f7728c518fa5bbe483a261687bd4e0391a,a1dc94697ad5a91a,VF_00345,1,train
dataset_katarak,train,aug_0_2326_jpeg.rf.6a8484055c33e9679dbadd36c09df83f.jpg,normal,C:\Personal AI & ML PROJECTS\AI IN HEALTHCARE\MY PROJECT E PAARVAI\Dataset Katarak\train\normal\aug_0_2326_jpeg.rf.6a8484055c33e9679dbadd36c09df83f.jpg,f2dd59b1315c1cce3d5dc4c23190624b1e9825ab1741302e279bc292f3b5e962,ba52c18d2ef6b231,VF_00346,1,train
dataset_katarak,train,aug_0_2327_jpeg.rf.6b1965d88021dc8361e388392e928999.jpg,normal,C:\Personal AI & ML PROJECTS\AI IN HEALTHCARE\MY PROJECT E PAARVAI\Dataset Katarak\train\normal\aug_0_2327_jpeg.rf.6b1965d88021dc8361e388392e928999.jpg,469f1f18f62d747f49547e606e6489aa710b8c2cdbbb5b0e47a5e9434ac8dcef,a0748f5a68f83da3,VF_00347,1,train
dataset_katarak,train,aug_0_2332_jpeg.rf.701bc653d948c8b495b6fd4e5a4fbc53.jpg,normal,C:\Personal AI & ML PROJECTS\AI IN HEALTHCARE\MY PROJECT E PAARVAI\Dataset Katarak\train\normal\aug_0_2332_jpeg.rf.701bc653d948c8b495b6fd4e5a4fbc53.jpg,6d79be19bfc8dae60144a7ede80237b6f885e76b9b501eb5612a3292afbb689a,f5308fca3de081b3,VF_00348,1,train
dataset_katarak,train,aug_0_2344_jpeg.rf.0346365635a712c80f3a8f6156fdb5bb.jpg,normal,C:\Personal AI & ML PROJECTS\AI IN HEALTHCARE\MY PROJECT E PAARVAI\Dataset Katarak\train\normal\aug_0_2344_jpeg.rf.0346365635a712c80f3a8f6156fdb5bb.jpg,ef6817906562d6387a446bdf38fa06637f27e8921b9957c505cb03a325c66944,f737c8c84945e568,VF_00349,1,train
dataset_katarak,train,aug_0_2355_jpeg.rf.f8306f14a49d059912f73a2fe96e5558.jpg,normal,C:\Personal AI & ML PROJECTS\AI IN HEALTHCARE\MY PROJECT E PAARVAI\Dataset Katarak\train\normal\aug_0_2355_jpeg.rf.f8306f14a49d059912f73a2fe96e5558.jpg,31d65296a3480ea8b83723a70896472defb72451e492e501582aa513c3dd7873,e0624f8f3e70f0b2,VF_00350,1,train
dataset_katarak,train,aug_0_2360_jpeg.rf.0b87b7574c818d85aae6fd369ac80b9b.jpg,normal,C:\Personal AI & ML PROJECTS\AI IN HEALTHCARE\MY PROJECT E PAARVAI\Dataset Katarak\train\normal\aug_0_2360_jpeg.rf.0b87b7574c818d85aae6fd369ac80b9b.jpg,d2fcdea4b5289810d1a4260024bf84100a6fe129b60292530d67ed63b7251907,b470930b4ac8df2f,VF_00351,1,train
dataset_katarak,train,aug_0_2362_jpeg.rf.9d1d4cce7a2be28fa020acbb9c4cf0ea.jpg,normal,C:\Personal AI & ML PROJECTS\AI IN HEALTHCARE\MY PROJECT E PAARVAI\Dataset Katarak\train\normal\aug_0_2362_jpeg.rf.9d1d4cce7a2be28fa020acbb9c4cf0ea.jpg,605175ecee5165183643702500b2c4f708544fbf902d6e4417a7df75a60eb589,f09a8ea4f816a3da,VF_00352,1,train
dataset_katarak,train,aug_0_2404_jpeg.rf.7ced6d9dd301ce821281297d5d2b2459.jpg,normal,C:\Personal AI & ML PROJECTS\AI IN HEALTHCARE\MY PROJECT E PAARVAI\Dataset Katarak\train\normal\aug_0_2404_jpeg.rf.7ced6d9dd301ce821281297d5d2b2459.jpg,512d38f25c61643aa7380e0252367d36fed6d1e76b9e27d798b908a988173dd5,b08f8b345be08d73,VF_00354,1,train
dataset_katarak,train,aug_0_2429_jpeg.rf.71f9781299407605c93066eca80af324.jpg,normal,C:\Personal AI & ML PROJECTS\AI IN HEALTHCARE\MY PROJECT E PAARVAI\Dataset Katarak\train\normal\aug_0_2429_jpeg.rf.71f9781299407605c93066eca80af324.jpg,6d4d95e21b70ab0c3f4f0f1f33c13c15a8c20162d99f42f25df7e82c55f16eb4,e897d76850a6f854,VF_00357,1,train
dataset_katarak,train,aug_0_242_jpeg.rf.3d78197d04300e66058ae85159d8b195.jpg,normal,C:\Personal AI & ML PROJECTS\AI IN HEALTHCARE\MY PROJECT E PAARVAI\Dataset Katarak\train\normal\aug_0_242_jpeg.rf.3d78197d04300e66058ae85159d8b195.jpg,ed5bbc051bd48760161baf15203593c52040bb0a90826239a0b3dad8dbdf8ce0,e1619ec67918db31,VF_00358,1,train
dataset_katarak,train,aug_0_2444_jpeg.rf.3264333f3102893292ad0286d4bbf18c.jpg,normal,C:\Personal AI & ML PROJECTS\AI IN HEALTHCARE\MY PROJECT E PAARVAI\Dataset Katarak\train\normal\aug_0_2444_jpeg.rf.3264333f3102893292ad0286d4bbf18c.jpg,218a208e8b55f043f1f6a171808ee5a7f18a1670e8490afdc29f0f4dc1deeb2c,a121de9e6ae8b865,VF_00359,1,train
dataset_katarak,train,aug_0_2462_jpeg.rf.6c1423b96d9ee590eba0616f9b213e22.jpg,normal,C:\Personal AI & ML PROJECTS\AI IN HEALTHCARE\MY PROJECT E PAARVAI\Dataset Katarak\train\normal\aug_0_2462_jpeg.rf.6c1423b96d9ee590eba0616f9b213e22.jpg,0205d2d43712eb92639c55a21d6c078f8e1270c95cdbed5c8bfc4fd0e4e478f8,f47483428fcd29ce,VF_00360,1,train
dataset_katarak,train,aug_0_248_jpeg.rf.5a6f006f2efede4ef34c41998395e056.jpg,normal,C:\Personal AI & ML PROJECTS\AI IN HEALTHCARE\MY PROJECT E PAARVAI\Dataset Katarak\train\normal\aug_0_248_jpeg.rf.5a6f006f2efede4ef34c41998395e056.jpg,cc1d76d63f7e0aced038a5ae3211f55a1905d5972224530b403b4463d8b8e734,a89695eaca613cb6,VF_00362,1,train
dataset_katarak,train,aug_0_2500_jpeg.rf.b9d65024deda37ea465d5221f76396f6.jpg,normal,C:\Personal AI & ML PROJECTS\AI IN HEALTHCARE\MY PROJECT E PAARVAI\Dataset Katarak\train\normal\aug_0_2500_jpeg.rf.b9d65024deda37ea465d5221f76396f6.jpg,41e25200c32346888ea876bf10d271a477c1b56d361070a8bbeadeb55e3ed8b0,bd658783425ac8eb,VF_00363,1,train
dataset_katarak,train,aug_0_2519_jpeg.rf.545229ef6b846ae4cfe3c0e237aa338a.jpg,normal,C:\Personal AI & ML PROJECTS\AI IN HEALTHCARE\MY PROJECT E PAARVAI\Dataset Katarak\train\normal\aug_0_2519_jpeg.rf.545229ef6b846ae4cfe3c0e237aa338a.jpg,874088e06095928ffde60241c038a81ee1dfc618981c64c126d84cf948655ee3,f602c94b36b7835a,VF_00364,1,train
dataset_katarak,train,aug_0_2531_jpeg.rf.03ba28a3b3885bb7bcf322d30df5b5b5.jpg,normal,C:\Personal AI & ML PROJECTS\AI IN HEALTHCARE\MY PROJECT E PAARVAI\Dataset Katarak\train\normal\aug_0_2531_jpeg.rf.03ba28a3b3885bb7bcf322d30df5b5b5.jpg,e9d68a4820b5bb1a9ca41b649834d3ef4d4631f7bbc3272ef7b35fbdbd081bd3,a38b983d63cac68d,VF_00366,1,train
dataset_katarak,train,aug_0_2532_jpeg.rf.a360b86ffca8f6ce3aabd58a8d0b9787.jpg,normal,C:\Personal AI & ML PROJECTS\AI IN HEALTHCARE\MY PROJECT E PAARVAI\Dataset Katarak\train\normal\aug_0_2532_jpeg.rf.a360b86ffca8f6ce3aabd58a8d0b9787.jpg,7d4c42308dd7bdf003b18b148ece11d9a16d0bfe58a144cc0a5a29506c72bb6c,f525cada4c21a9e6,VF_00367,1,train
dataset_katarak,train,aug_0_2540_jpeg.rf.e8f082f79692cb4aca8d3eac83f21e14.jpg,normal,C:\Personal AI & ML PROJECTS\AI IN HEALTHCARE\MY PROJECT E PAARVAI\Dataset Katarak\train\normal\aug_0_2540_jpeg.rf.e8f082f79692cb4aca8d3eac83f21e14.jpg,b749fb89306753246f27eca5960c3a50197df9319b8200f84a5a79e03f90fae4,aa2a95957a2aaae3,VF_00368,1,train
dataset_katarak,train,aug_0_2548_jpeg.rf.5abe925cde2c1f206a05dc5de383af70.jpg,normal,C:\Personal AI & ML PROJECTS\AI IN HEALTHCARE\MY PROJECT E PAARVAI\Dataset Katarak\train\normal\aug_0_2548_jpeg.rf.5abe925cde2c1f206a05dc5de383af70.jpg,451a5c57217fe6c66341684c9fb8ea4effbd6f82d0d5f45267115cdee838982a,a35298bd63e2c83d,VF_00369,1,train
dataset_katarak,train,aug_0_2575_jpeg.rf.2a53925c3e35ac277c1b4f6cffb2b531.jpg,normal,C:\Personal AI & ML PROJECTS\AI IN HEALTHCARE\MY PROJECT E PAARVAI\Dataset Katarak\train\normal\aug_0_2575_jpeg.rf.2a53925c3e35ac277c1b4f6cffb2b531.jpg,75871d0ce81f0445ab58e443637ca9ce285cd9ee4b304abbab81cbb095d7fcd5,b4b4cb5f7ca42232,VF_00370,1,train
dataset_katarak,train,aug_0_2583_jpeg.rf.c8ace83fae591ed248b1437abcb7d622.jpg,normal,C:\Personal AI & ML PROJECTS\AI IN HEALTHCARE\MY PROJECT E PAARVAI\Dataset Katarak\train\normal\aug_0_2583_jpeg.rf.c8ace83fae591ed248b1437abcb7d622.jpg,d212958a6299da114eab49a1fca5babaa8fab3c2cba7b0eb18996f0f67717c73,e29d0f703e93e00f,VF_00371,1,train
dataset_katarak,train,aug_0_2594_jpeg.rf.f80938c8b6639bc7a75ad90a2232d033.jpg,normal,C:\Personal AI & ML PROJECTS\AI IN HEALTHCARE\MY PROJECT E PAARVAI\Dataset Katarak\train\normal\aug_0_2594_jpeg.rf.f80938c8b6639bc7a75ad90a2232d033.jpg,3ee8aca72007463b3a12213bc6a247c2bfa221284d9100fa1b138457e46db3b2,f530ca5e9789581e,VF_00373,1,train
dataset_katarak,train,aug_0_2597_jpeg.rf.606e481c4dddad3242b6175959006121.jpg,normal,C:\Personal AI & ML PROJECTS\AI IN HEALTHCARE\MY PROJECT E PAARVAI\Dataset Katarak\train\normal\aug_0_2597_jpeg.rf.606e481c4dddad3242b6175959006121.jpg,66b157abf3e0c7cfbae68adaf9661f3029567438918d5e0c372b770cf0d971db,a5da16257ac6a95a,VF_00374,1,train
dataset_katarak,train,aug_0_2638_jpeg.rf.256140ab3b9cec1070017f8d98183ec0.jpg,normal,C:\Personal AI & ML PROJECTS\AI IN HEALTHCARE\MY PROJECT E PAARVAI\Dataset Katarak\train\normal\aug_0_2638_jpeg.rf.256140ab3b9cec1070017f8d98183ec0.jpg,6814f9cac03b30f0784080e7a4278a152ef00f6ece7dac8a185443a077b4ece8,b58a802d90becb7d,VF_00375,1,train
dataset_katarak,train,aug_0_2653_jpeg.rf.4ca692ef1a096fe49d9003f37c195c2a.jpg,normal,C:\Personal AI & ML PROJECTS\AI IN HEALTHCARE\MY PROJECT E PAARVAI\Dataset Katarak\train\normal\aug_0_2653_jpeg.rf.4ca692ef1a096fe49d9003f37c195c2a.jpg,0a95710aa6d5ab58b09d89e7aeb1ead9c66d2916673d08e426bac8bbe44201bd,b4cbcbb48f522d05,VF_00378,1,train
dataset_katarak,train,aug_0_2654_jpeg.rf.967fda033261bf02c5f6135c707a5fbc.jpg,normal,C:\Personal AI & ML PROJECTS\AI IN HEALTHCARE\MY PROJECT E PAARVAI\Dataset Katarak\train\normal\aug_0_2654_jpeg.rf.967fda033261bf02c5f6135c707a5fbc.jpg,0ebe52033482b3ddd38e19b3546399d87bef138c633a866c72473a06608e0866,f470f18303039bdf,VF_00379,1,train
dataset_katarak,train,aug_0_2657_jpeg.rf.ef8c35174e158eebeb33861e0f3b587d.jpg,normal,C:\Personal AI & ML PROJECTS\AI IN HEALTHCARE\MY PROJECT E PAARVAI\Dataset Katarak\train\normal\aug_0_2657_jpeg.rf.ef8c35174e158eebeb33861e0f3b587d.jpg,cf8a845d7eedf67c7a8fad2a7e84833e52a0178e842f43ea05c3c84dfa96c45c,a1609707da9a7e8b,VF_00380,1,train
dataset_katarak,train,aug_0_2666_jpeg.rf.4514dab2c4a5606ac0883c459ce280f0.jpg,normal,C:\Personal AI & ML PROJECTS\AI IN HEALTHCARE\MY PROJECT E PAARVAI\Dataset Katarak\train\normal\aug_0_2666_jpeg.rf.4514dab2c4a5606ac0883c459ce280f0.jpg,f72c5aeb4ac67f2fad0461505a9deb01fd01e11d3035dff7629fdcb65755b469,b434cb932ccc8f6c,VF_00381,1,train
dataset_katarak,train,aug_0_2707_jpeg.rf.989385960789255286c3074a88451477.jpg,normal,C:\Personal AI & ML PROJECTS\AI IN HEALTHCARE\MY PROJECT E PAARVAI\Dataset Katarak\train\normal\aug_0_2707_jpeg.rf.989385960789255286c3074a88451477.jpg,fa49a9bbf4052b8a7f7425733d23d8559a926019caca32e71f7cedb1bd343420,f09dcd706ec3b482,VF_00382,1,train
dataset_katarak,train,aug_0_273_jpeg.rf.2233fd93dda5c8ea1e9bf456ec76f32e.jpg,normal,C:\Personal AI & ML PROJECTS\AI IN HEALTHCARE\MY PROJECT E PAARVAI\Dataset Katarak\train\normal\aug_0_273_jpeg.rf.2233fd93dda5c8ea1e9bf456ec76f32e.jpg,fada332ceb79dce9b3178a2416a41b5d331db88fc008f01b798d3aa544b2fbfc,f060cb8f4f3cec28,VF_00384,1,train
dataset_katarak,train,aug_0_2740_jpeg.rf.eb99669e0cbd816f1aa15d99132b149c.jpg,normal,C:\Personal AI & ML PROJECTS\AI IN HEALTHCARE\MY PROJECT E PAARVAI\Dataset Katarak\train\normal\aug_0_2740_jpeg.rf.eb99669e0cbd816f1aa15d99132b149c.jpg,3e7d1ca6ebe683a1b00f1a3ac8a30ec80ebec2076be1bc6b63c75759d61bfc16,ff80c03f09d0fd49,VF_00385,1,train
dataset_katarak,train,aug_0_2745_jpeg.rf.a25557a2bfd019c4facfcaef34697d1f.jpg,normal,C:\Personal AI & ML PROJECTS\AI IN HEALTHCARE\MY PROJECT E PAARVAI\Dataset Katarak\train\normal\aug_0_2745_jpeg.rf.a25557a2bfd019c4facfcaef34697d1f.jpg,5e0378373c01372318ba9225b7111d8027b58946b4b442ad8b1c5a0bc838a6eb,bc3d82c2070dacfe,VF_00386,1,train
dataset_katarak,train,aug_0_2759_jpeg.rf.ae5b47df1775398022e8fade21914e2a.jpg,normal,C:\Personal AI & ML PROJECTS\AI IN HEALTHCARE\MY PROJECT E PAARVAI\Dataset Katarak\train\normal\aug_0_2759_jpeg.rf.ae5b47df1775398022e8fade21914e2a.jpg,2a63baa11f0799cf344a0e01259bffeb53e157e85b66fcc253244d0e3a0b6d0c,b432cb6f3cf212c4,VF_00387,1,train
dataset_katarak,train,aug_0_2760_jpeg.rf.4d37d1dc8f0939404e6b729f131e390c.jpg,normal,C:\Personal AI & ML PROJECTS\AI IN HEALTHCARE\MY PROJECT E PAARVAI\Dataset Katarak\train\normal\aug_0_2760_jpeg.rf.4d37d1dc8f0939404e6b729f131e390c.jpg,976595e17ee48a833df279cbf8bf85bae27387de7b11a5144bd6a0405923809c,bdc2d26d4fb48a90,VF_00388,1,train
dataset_katarak,train,aug_0_2788_jpeg.rf.75ed7d0185a306856c38208307d42ce6.jpg,normal,C:\Personal AI & ML PROJECTS\AI IN HEALTHCARE\MY PROJECT E PAARVAI\Dataset Katarak\train\normal\aug_0_2788_jpeg.rf.75ed7d0185a306856c38208307d42ce6.jpg,8a238619a98e9633de555e96fb46a1ae6a0373fc7933d62e458660a09cac4c2b,e19a9e3979e6c8c0,VF_00390,1,train
dataset_katarak,train,aug_0_2818_jpeg.rf.895522378c02b6bc23b59fb83a6dc03a.jpg,normal,C:\Personal AI & ML PROJECTS\AI IN HEALTHCARE\MY PROJECT E PAARVAI\Dataset Katarak\train\normal\aug_0_2818_jpeg.rf.895522378c02b6bc23b59fb83a6dc03a.jpg,5318f266ef218880e42e6345526e6f09eff3ff501a4058c26c396386b7c15043,b5cbc23d42308ff4,VF_00391,1,train
dataset_katarak,train,aug_0_2839_jpeg.rf.c8a628428a09a6aa2913bb7df88509d6.jpg,normal,C:\Personal AI & ML PROJECTS\AI IN HEALTHCARE\MY PROJECT E PAARVAI\Dataset Katarak\train\normal\aug_0_2839_jpeg.rf.c8a628428a09a6aa2913bb7df88509d6.jpg,2bb635f4740876357d5c8c6cc6cd8502afa6f2c85c3397acfa99b2d206827802,f531ca569781c95a,VF_00392,1,train
dataset_katarak,train,aug_0_2845_jpeg.rf.464df73647ed3b1d167adfc7c839ba8b.jpg,normal,C:\Personal AI & ML PROJECTS\AI IN HEALTHCARE\MY PROJECT E PAARVAI\Dataset Katarak\train\normal\aug_0_2845_jpeg.rf.464df73647ed3b1d167adfc7c839ba8b.jpg,d15757564fcf27d6d5618af47644ccbe1e4f6226214d6f78cf9bbe87d305ad0d,f2cdc9764b21d48a,VF_00393,1,train
dataset_katarak,train,aug_0_2852_jpeg.rf.e39d9ac7f5c80db1c6009b118cc339be.jpg,normal,C:\Personal AI & ML PROJECTS\AI IN HEALTHCARE\MY PROJECT E PAARVAI\Dataset Katarak\train\normal\aug_0_2852_jpeg.rf.e39d9ac7f5c80db1c6009b118cc339be.jpg,f9c21857f335d6f3951d9a082eab8323bb96807f126d67005d125ade522a9458,b574c34a35b552d2,VF_00395,1,train
dataset_katarak,train,aug_0_2854_jpeg.rf.26c0aaa1acad4c91ec10bbb0e6474d85.jpg,normal,C:\Personal AI & ML PROJECTS\AI IN HEALTHCARE\MY PROJECT E PAARVAI\Dataset Katarak\train\normal\aug_0_2854_jpeg.rf.26c0aaa1acad4c91ec10bbb0e6474d85.jpg,54a076a3a5c82ce4ff6844cba66b34bd2c780373538c20aa06cee4e94fae07a8,f1669e4ae8e9a126,VF_00396,1,train
dataset_katarak,train,aug_0_2858_jpeg.rf.84758f6aa272676f29aa9df03d1602c3.jpg,normal,C:\Personal AI & ML PROJECTS\AI IN HEALTHCARE\MY PROJECT E PAARVAI\Dataset Katarak\train\normal\aug_0_2858_jpeg.rf.84758f6aa272676f29aa9df03d1602c3.jpg,f3215e5a07a4551c262df647ded91f45b6901be7981cf1a586434e5091d48f36,b4348bcb0afcbda0,VF_00397,1,train
dataset_katarak,train,aug_0_286_jpeg.rf.246e52c7a9066b85ec9e5756ba7cd677.jpg,normal,C:\Personal AI & ML PROJECTS\AI IN HEALTHCARE\MY PROJECT E PAARVAI\Dataset Katarak\train\normal\aug_0_286_jpeg.rf.246e52c7a9066b85ec9e5756ba7cd677.jpg,0dadeac8b3a0a6789b4df45af55e2dd6467df86cd52f20f6f1c9f7a2351637fb,a3d89c631adce31a,VF_00400,1,train
dataset_katarak,train,aug_0_2871_jpeg.rf.da0ea28fdea519c6ab89cb40be576703.jpg,normal,C:\Personal AI & ML PROJECTS\AI IN HEALTHCARE\MY PROJECT E PAARVAI\Dataset Katarak\train\normal\aug_0_2871_jpeg.rf.da0ea28fdea519c6ab89cb40be576703.jpg,03556e29478db4dd3227d41e9bc1e6582c5720815ce5ffc2f9e0e85247493045,b672cb4b36b4314a,VF_00401,1,train
dataset_katarak,train,aug_0_2901_jpeg.rf.49d727640d51559e36c400ea11281cd9.jpg,normal,C:\Personal AI & ML PROJECTS\AI IN HEALTHCARE\MY PROJECT E PAARVAI\Dataset Katarak\train\normal\aug_0_2901_jpeg.rf.49d727640d51559e36c400ea11281cd9.jpg,0b6ea7aa5e2f23b578b558ec563d8d69cb15bd7b63ec8c20fed5fa5a6141206f,e74fb01c58f323b0,VF_00403,1,train
dataset_katarak,train,aug_0_2904_jpeg.rf.a4e383d868d5a38493273fa61e479928.jpg,normal,C:\Personal AI & ML PROJECTS\AI IN HEALTHCARE\MY PROJECT E PAARVAI\Dataset Katarak\train\normal\aug_0_2904_jpeg.rf.a4e383d868d5a38493273fa61e479928.jpg,789e0a7b2eb8c5ab19a6fc3950070c6a1ec8ec55f21745b7f8c5a062273ae249,a3639d9d1f10b03b,VF_00404,1,train
dataset_katarak,train,aug_0_2917_jpeg.rf.7fa552bd16aabbbd7b6d59e0d301db27.jpg,normal,C:\Personal AI & ML PROJECTS\AI IN HEALTHCARE\MY PROJECT E PAARVAI\Dataset Katarak\train\normal\aug_0_2917_jpeg.rf.7fa552bd16aabbbd7b6d59e0d301db27.jpg,9e915a2872f32498dec4833e005c304bfcfe0fec29aad9f5502ee79afda22cd2,f0dedeb00d576848,VF_00405,1,train
dataset_katarak,train,aug_0_2929_jpeg.rf.b921bb0d986a95eccd880f321d35a4fe.jpg,normal,C:\Personal AI & ML PROJECTS\AI IN HEALTHCARE\MY PROJECT E PAARVAI\Dataset Katarak\train\normal\aug_0_2929_jpeg.rf.b921bb0d986a95eccd880f321d35a4fe.jpg,736db59f7ff4624def45eef2edbe8405ddfc114adf4c383146ca56845555d381,a4cecaf0ad43b68c,VF_00406,1,train
dataset_katarak,train,aug_0_2949_jpeg.rf.89c17d3ce6763bb6a9bcba2372899cff.jpg,normal,C:\Personal AI & ML PROJECTS\AI IN HEALTHCARE\MY PROJECT E PAARVAI\Dataset Katarak\train\normal\aug_0_2949_jpeg.rf.89c17d3ce6763bb6a9bcba2372899cff.jpg,8e0f0d7c6bc337775abc5fc74ae1c4d529ab4c1f62fbec9728a9e0bef72e6f6c,ef0c90d073e7856c,VF_00407,1,train
dataset_katarak,train,aug_0_2951_jpeg.rf.69690e10adaa92a27c1d299f9f77bf5e.jpg,normal,C:\Personal AI & ML PROJECTS\AI IN HEALTHCARE\MY PROJECT E PAARVAI\Dataset Katarak\train\normal\aug_0_2951_jpeg.rf.69690e10adaa92a27c1d299f9f77bf5e.jpg,ebcd3121d0581fd1b1a6923b7a05c007eaa571c8eafeec009441639a737b9f25,bc64a58712165edb,VF_00408,1,train
dataset_katarak,train,aug_0_2952_jpeg.rf.4ea6599248f23af824a845ea0449e6f3.jpg,normal,C:\Personal AI & ML PROJECTS\AI IN HEALTHCARE\MY PROJECT E PAARVAI\Dataset Katarak\train\normal\aug_0_2952_jpeg.rf.4ea6599248f23af824a845ea0449e6f3.jpg,23a09f5ab28f5e137e3e6268c79f4e12109dbac3153b6ff69728f0d7eca284f0,b2e6e4100d6df28f,VF_00409,1,train
dataset_katarak,train,aug_0_2956_jpeg.rf.e5a8252b53cb446dc285ba482084c304.jpg,normal,C:\Personal AI & ML PROJECTS\AI IN HEALTHCARE\MY PROJECT E PAARVAI\Dataset Katarak\train\normal\aug_0_2956_jpeg.rf.e5a8252b53cb446dc285ba482084c304.jpg,3e3822587259d841c648f7713737c0d7c9ebea03feaa2ac0fe3defd7d810f6e1,e8e5870e0a1e3d3d,VF_00410,1,train
dataset_katarak,train,aug_0_2961_jpeg.rf.566c55f1d48a7c9ec5a003c161531f87.jpg,normal,C:\Personal AI & ML PROJECTS\AI IN HEALTHCARE\MY PROJECT E PAARVAI\Dataset Katarak\train\normal\aug_0_2961_jpeg.rf.566c55f1d48a7c9ec5a003c161531f87.jpg,e364925a82bdbe313cb0728e40cf45cea142479cc5ffc3d39bef86f58ccfbf0e,e74fb01cd45331b8,VF_00411,1,train
dataset_katarak,train,aug_0_2994_jpeg.rf.fd40467953615e94f83a9ecd4a6b4d5e.jpg,normal,C:\Personal AI & ML PROJECTS\AI IN HEALTHCARE\MY PROJECT E PAARVAI\Dataset Katarak\train\normal\aug_0_2994_jpeg.rf.fd40467953615e94f83a9ecd4a6b4d5e.jpg,25145b627880690b97ee090378638ed29a082d73a229824259b5e040a38f4210,b431cb4b6cbd20f2,VF_00413,1,train
dataset_katarak,train,aug_0_2_jpeg.rf.c324eff5fdf1ad627556b973f28bd1b2.jpg,normal,C:\Personal AI & ML PROJECTS\AI IN HEALTHCARE\MY PROJECT E PAARVAI\Dataset Katarak\train\normal\aug_0_2_jpeg.rf.c324eff5fdf1ad627556b973f28bd1b2.jpg,299d2cb5f82bbe3662857bfeb20a4ea29c74feff6da940b1c2d4ffb2e4651c7e,968a89967ecaf04d,VF_00416,1,train
dataset_katarak,train,aug_0_3001_jpeg.rf.e291d98d15f650bcc475ffa9839af609.jpg,normal,C:\Personal AI & ML PROJECTS\AI IN HEALTHCARE\MY PROJECT E PAARVAI\Dataset Katarak\train\normal\aug_0_3001_jpeg.rf.e291d98d15f650bcc475ffa9839af609.jpg,7c5bf5a131d9e65f2df3bcb47f611f5384a678931c6861f805ae8deadc9d846e,b272d70f4bc8c83c,VF_00417,1,train
dataset_katarak,train,aug_0_3036_jpeg.rf.91c72ca7945af23cd15479d89bf82b91.jpg,normal,C:\Personal AI & ML PROJECTS\AI IN HEALTHCARE\MY PROJECT E PAARVAI\Dataset Katarak\train\normal\aug_0_3036_jpeg.rf.91c72ca7945af23cd15479d89bf82b91.jpg,d996a19362970bada2b08b55b62cb161b5a295e1fe7c8a8cf337b0c4106a6e6e,b535c2da0b49ad6c,VF_00418,1,train
dataset_katarak,train,aug_0_3068_jpeg.rf.a056aa18bb551c103f45a9e63fe4176e.jpg,normal,C:\Personal AI & ML PROJECTS\AI IN HEALTHCARE\MY PROJECT E PAARVAI\Dataset Katarak\train\normal\aug_0_3068_jpeg.rf.a056aa18bb551c103f45a9e63fe4176e.jpg,7a72b74d36522bb328815ce7b4d5e9ccdd16da24104eb33924aab502bb7839db,b5cac2250bb7ad13,VF_00419,1,train
dataset_katarak,train,aug_0_3100_jpeg.rf.d4d2d28b935af67df0cb424277fcb3b1.jpg,normal,C:\Personal AI & ML PROJECTS\AI IN HEALTHCARE\MY PROJECT E PAARVAI\Dataset Katarak\train\normal\aug_0_3100_jpeg.rf.d4d2d28b935af67df0cb424277fcb3b1.jpg,e9a454eec293f008e58f7bc8dbb2596a469db2cf0198a3d7fefd0675b30652d7,e5b89ea1a99662d8,VF_00420,1,train
dataset_katarak,train,aug_0_3110_jpeg.rf.55254ffc170ced7863ce5099d0944344.jpg,normal,C:\Personal AI & ML PROJECTS\AI IN HEALTHCARE\MY PROJECT E PAARVAI\Dataset Katarak\train\normal\aug_0_3110_jpeg.rf.55254ffc170ced7863ce5099d0944344.jpg,307b98dbbbee03ead3a9b95224b528be4a29291a970adf97f67a88a2d567f360,b012cb0f2cf4b7c3,VF_00424,1,train
dataset_katarak,train,aug_0_3115_jpeg.rf.252d8c09351ace7ec5862050c314ff42.jpg,normal,C:\Personal AI & ML PROJECTS\AI IN HEALTHCARE\MY PROJECT E PAARVAI\Dataset Katarak\train\normal\aug_0_3115_jpeg.rf.252d8c09351ace7ec5862050c314ff42.jpg,aafe41f9df2f19f4460261ec75c304cd27d86a179b82c17497a5c9b9f1a26b5f,b2e6e4b28d593619,VF_00425,1,train
dataset_katarak,train,aug_0_3118_jpeg.rf.d314b85d2e164a9cc21cfe16e1cc3cbe.jpg,normal,C:\Personal AI & ML PROJECTS\AI IN HEALTHCARE\MY PROJECT E PAARVAI\Dataset Katarak\train\normal\aug_0_3118_jpeg.rf.d314b85d2e164a9cc21cfe16e1cc3cbe.jpg,0fdc317ccccd8d0b5d6f917af58a8d3647c74bb1520f2e759248a4de37982a76,a7379ada3a61a125,VF_00427,1,train
dataset_katarak,train,aug_0_3127_jpeg.rf.b2334a7632bedb093d205b1171b93ecc.jpg,normal,C:\Personal AI & ML PROJECTS\AI IN HEALTHCARE\MY PROJECT E PAARVAI\Dataset Katarak\train\normal\aug_0_3127_jpeg.rf.b2334a7632bedb093d205b1171b93ecc.jpg,51d65a015654a5c98200b5388bceebdca8c1cd040861c304f060b86e76cf012f,a412ca5fbdb1b072,VF_00429,1,train
dataset_katarak,train,aug_0_3132_jpeg.rf.51241797e5062217dfe516abf90e0a7b.jpg,normal,C:\Personal AI & ML PROJECTS\AI IN HEALTHCARE\MY PROJECT E PAARVAI\Dataset Katarak\train\normal\aug_0_3132_jpeg.rf.51241797e5062217dfe516abf90e0a7b.jpg,95edad81e4fe9250d1996f67a61aa50ab70c610c5f8b8c6e76f602ce2bcff385,a531d20fadbcd243,VF_00430,1,train
dataset_katarak,train,aug_0_3147_jpeg.rf.df83c5a213f0c1671a6e9b5204331eaa.jpg,normal,C:\Personal AI & ML PROJECTS\AI IN HEALTHCARE\MY PROJECT E PAARVAI\Dataset Katarak\train\normal\aug_0_3147_jpeg.rf.df83c5a213f0c1671a6e9b5204331eaa.jpg,c7ea83533c461c942e3be599d9566b0456bdc04ed2b53c1407c131f2daae133f,b431cb0b6cb437b2,VF_00431,1,train
dataset_katarak,train,aug_0_3158_jpeg.rf.aa63af9def38423f31b12a98aac71228.jpg,normal,C:\Personal AI & ML PROJECTS\AI IN HEALTHCARE\MY PROJECT E PAARVAI\Dataset Katarak\train\normal\aug_0_3158_jpeg.rf.aa63af9def38423f31b12a98aac71228.jpg,c0b0b35ac4d04aa8bbc5666b5ebbe106486704eca1bce59bd99a96b9c469ddad,f08f97704bb4c836,VF_00432,1,train
dataset_katarak,train,aug_0_3180_jpeg.rf.1106087aeaed1a8e79779b6d157fd6e8.jpg,normal,C:\Personal AI & ML PROJECTS\AI IN HEALTHCARE\MY PROJECT E PAARVAI\Dataset Katarak\train\normal\aug_0_3180_jpeg.rf.1106087aeaed1a8e79779b6d157fd6e8.jpg,e93c7b5d326963f25edb82c28726d79c7917be328727bfd869156e2213e05e11,bacda5326d783644,VF_00434,1,train
dataset_katarak,train,aug_0_3223_jpeg.rf.7f113619dd259c2b6e6baa2a1d43e3eb.jpg,normal,C:\Personal AI & ML PROJECTS\AI IN HEALTHCARE\MY PROJECT E PAARVAI\Dataset Katarak\train\normal\aug_0_3223_jpeg.rf.7f113619dd259c2b6e6baa2a1d43e3eb.jpg,67055ef8ffbc8099331ab671cdcddfb9f96e54136ff5508b14bf3c9aa0b6fef2,9fc8a9374858376c,VF_00436,1,train
dataset_katarak,train,aug_0_3241_jpeg.rf.3c737bd7f5efa5e79ab1160e5942f28c.jpg,normal,C:\Personal AI & ML PROJECTS\AI IN HEALTHCARE\MY PROJECT E PAARVAI\Dataset Katarak\train\normal\aug_0_3241_jpeg.rf.3c737bd7f5efa5e79ab1160e5942f28c.jpg,f525713af705480a02ac5f9c3725f327dfaea2d91c500d6621a8f74a07161ab8,a3d89c63331ce72a,VF_00441,1,train
dataset_katarak,train,aug_0_3251_jpeg.rf.8e0c5d93c719a9fb3e21b4382169cf05.jpg,normal,C:\Personal AI & ML PROJECTS\AI IN HEALTHCARE\MY PROJECT E PAARVAI\Dataset Katarak\train\normal\aug_0_3251_jpeg.rf.8e0c5d93c719a9fb3e21b4382169cf05.jpg,e167ba288085445c8f6d3cdb838f5dda9a87517e5f7a8c9c39a8d5f0382ef53e,e16196c63a9ad61e,VF_00442,1,train
dataset_katarak,train,aug_0_3278_jpeg.rf.0130f79cb7b1c83bb41831e47cdb8d05.jpg,normal,C:\Personal AI & ML PROJECTS\AI IN HEALTHCARE\MY PROJECT E PAARVAI\Dataset Katarak\train\normal\aug_0_3278_jpeg.rf.0130f79cb7b1c83bb41831e47cdb8d05.jpg,f190aa4e289a46cce513c3e402a78b795654abf89b77113c83cbd85a8445ffdc,e7b0b0675a1ca31e,VF_00443,1,train
dataset_katarak,train,aug_0_3281_jpeg.rf.39eba7a96c3479407be5cb2e94ba6a4d.jpg,normal,C:\Personal AI & ML PROJECTS\AI IN HEALTHCARE\MY PROJECT E PAARVAI\Dataset Katarak\train\normal\aug_0_3281_jpeg.rf.39eba7a96c3479407be5cb2e94ba6a4d.jpg,a2f47e4a27df229eabce0b51176d07f36ec1e3bc222e40a1e9b186476f6bc6a7,b474838b4abcbcb4,VF_00444,1,train
dataset_katarak,train,aug_0_3282_jpeg.rf.51b6e41421078c0e77d803336969d39b.jpg,normal,C:\Personal AI & ML PROJECTS\AI IN HEALTHCARE\MY PROJECT E PAARVAI\Dataset Katarak\train\normal\aug_0_3282_jpeg.rf.51b6e41421078c0e77d803336969d39b.jpg,55763453794e7acb1df270b4cab441cad76e179f139b8fd2276e2e6ee27232e0,a6c8ab3739cb3548,VF_00445,1,train
dataset_katarak,train,aug_0_3325_jpeg.rf.7b1cb11b75799a3251570e98191b42c9.jpg,normal,C:\Personal AI & ML PROJECTS\AI IN HEALTHCARE\MY PROJECT E PAARVAI\Dataset Katarak\train\normal\aug_0_3325_jpeg.rf.7b1cb11b75799a3251570e98191b42c9.jpg,29bc61971f14ebb5c3c2194d3ce7e2348f3e4c3abbf2c21baad960b20bdeac47,f29c8d300f719c73,VF_00448,1,train
dataset_katarak,train,aug_0_332_jpeg.rf.2920be716f34aca088391071b1754067.jpg,normal,C:\Personal AI & ML PROJECTS\AI IN HEALTHCARE\MY PROJECT E PAARVAI\Dataset Katarak\train\normal\aug_0_332_jpeg.rf.2920be716f34aca088391071b1754067.jpg,7d2f509a8e1d3cc1133387ef129d37f3fc96ba7074f6e1c8396015cf45427aab,f89a87a4f81685ea,VF_00449,1,train
dataset_katarak,train,aug_0_3330_jpeg.rf.bf81fa5a7f7d6b5e6175cfe85302576d.jpg,normal,C:\Personal AI & ML PROJECTS\AI IN HEALTHCARE\MY PROJECT E PAARVAI\Dataset Katarak\train\normal\aug_0_3330_jpeg.rf.bf81fa5a7f7d6b5e6175cfe85302576d.jpg,e5cd7c9d80115e3274c622cdf12e6a7218ca2bf5c25b0f3e50358fa9058d1c7b,b534ca52802debd7,VF_00450,1,train
dataset_katarak,train,aug_0_3332_jpeg.rf.3afe377a76e8128577aca94c2b79f62b.jpg,normal,C:\Personal AI & ML PROJECTS\AI IN HEALTHCARE\MY PROJECT E PAARVAI\Dataset Katarak\train\normal\aug_0_3332_jpeg.rf.3afe377a76e8128577aca94c2b79f62b.jpg,5320b279c22c521a4028a072c7e8d59170464bc19a00c0b73629ada9e3d4a5bb,b858cfa72e92d039,VF_00451,1,train
dataset_katarak,train,aug_0_334_jpeg.rf.d69a3545cb3f47ca1be35c8ba083a899.jpg,normal,C:\Personal AI & ML PROJECTS\AI IN HEALTHCARE\MY PROJECT E PAARVAI\Dataset Katarak\train\normal\aug_0_334_jpeg.rf.d69a3545cb3f47ca1be35c8ba083a899.jpg,be9305c3b21f91679af4717c752eb63058feecadbd18c7d5c71f0420def0f027,b535c6da0b48a56e,VF_00452,1,train
dataset_katarak,train,aug_0_3355_jpeg.rf.01e63c96290c219c3f5e43d841026a61.jpg,normal,C:\Personal AI & ML PROJECTS\AI IN HEALTHCARE\MY PROJECT E PAARVAI\Dataset Katarak\train\normal\aug_0_3355_jpeg.rf.01e63c96290c219c3f5e43d841026a61.jpg,6513e2b37b36c108eba4cb78207b9b6009c743e570e67464e0bd4c3471b9d2e8,e86087c71af8f863,VF_00453,1,train
dataset_katarak,train,aug_0_3367_jpeg.rf.f4583fe7a63605f99f2e0821491e8ec6.jpg,normal,C:\Personal AI & ML PROJECTS\AI IN HEALTHCARE\MY PROJECT E PAARVAI\Dataset Katarak\train\normal\aug_0_3367_jpeg.rf.f4583fe7a63605f99f2e0821491e8ec6.jpg,0aa3da944d2141340af9f1d04fddcadc63d2ca8f3994ffbdfbc95c1af9e0014e,e59a9ea15e44c987,VF_00454,1,train
dataset_katarak,train,aug_0_3394_jpeg.rf.02d1f495fe94deabeb90ea970f859df7.jpg,normal,C:\Personal AI & ML PROJECTS\AI IN HEALTHCARE\MY PROJECT E PAARVAI\Dataset Katarak\train\normal\aug_0_3394_jpeg.rf.02d1f495fe94deabeb90ea970f859df7.jpg,b3430621b71cccc01676695d5f2d18713d35fd3e9b60c03641b24a47eb3eec24,b4ebcbb414527c0d,VF_00457,1,train
dataset_katarak,train,aug_0_3415_jpeg.rf.b023d8882d11165553fb48b02be4b94a.jpg,normal,C:\Personal AI & ML PROJECTS\AI IN HEALTHCARE\MY PROJECT E PAARVAI\Dataset Katarak\train\normal\aug_0_3415_jpeg.rf.b023d8882d11165553fb48b02be4b94a.jpg,7ea6cae873ed98a001399503817e02d5182716cadc906d7774c52f53aa51e31f,b21ae4cd0db6f234,VF_00458,1,train
dataset_katarak,train,aug_0_3436_jpeg.rf.a7f1a7455db6124a8d6e425c2ca78d47.jpg,normal,C:\Personal AI & ML PROJECTS\AI IN HEALTHCARE\MY PROJECT E PAARVAI\Dataset Katarak\train\normal\aug_0_3436_jpeg.rf.a7f1a7455db6124a8d6e425c2ca78d47.jpg,c37d5fae11d0858969702d9e59961b5477b01c66be6981022d93c7195cf4c747,f08fc3740fb27c03,VF_00460,1,train
dataset_katarak,train,aug_0_3457_jpeg.rf.a5014c63e96675b7aecf6b013efdeb16.jpg,normal,C:\Personal AI & ML PROJECTS\AI IN HEALTHCARE\MY PROJECT E PAARVAI\Dataset Katarak\train\normal\aug_0_3457_jpeg.rf.a5014c63e96675b7aecf6b013efdeb16.jpg,31a165d08fbac520f9c40ee7aa9d6c51fe941340674dbb154b0cce789d355b25,e87a97877a18e922,VF_00462,1,train
dataset_katarak,train,aug_0_3483_jpeg.rf.dcb270e35e60e7df166693c869001f22.jpg,normal,C:\Personal AI & ML PROJECTS\AI IN HEALTHCARE\MY PROJECT E PAARVAI\Dataset Katarak\train\normal\aug_0_3483_jpeg.rf.dcb270e35e60e7df166693c869001f22.jpg,c2e00d8b747cf0d2957dd506564eea3083a79d7ccebfbeda963e1a39fafba7c1,f060c78f4b7ac8e1,VF_00464,1,train
dataset_katarak,train,aug_0_3486_jpeg.rf.5e8dfada9c6585066d0f766531583816.jpg,normal,C:\Personal AI & ML PROJECTS\AI IN HEALTHCARE\MY PROJECT E PAARVAI\Dataset Katarak\train\normal\aug_0_3486_jpeg.rf.5e8dfada9c6585066d0f766531583816.jpg,6d5f0dcc1951cef4a850cc87e149e2b3a6b07edf910b0f9796ab22bb0b7e0359,f524d38f0b4c74a5,VF_00465,1,train
dataset_katarak,train,aug_0_3487_jpeg.rf.47008df374b7046c30666d60d31f1fb2.jpg,normal,C:\Personal AI & ML PROJECTS\AI IN HEALTHCARE\MY PROJECT E PAARVAI\Dataset Katarak\train\normal\aug_0_3487_jpeg.rf.47008df374b7046c30666d60d31f1fb2.jpg,94e52b2c3a44c8b6501cdfd067b204e5f1039cb32046f40db2c8167119b5277d,e3439c9c1ff0e268,VF_00466,1,train
dataset_katarak,train,aug_0_3488_jpeg.rf.b2e08d6ed8a39fd6576c68ae90cbaaad.jpg,normal,C:\Personal AI & ML PROJECTS\AI IN HEALTHCARE\MY PROJECT E PAARVAI\Dataset Katarak\train\normal\aug_0_3488_jpeg.rf.b2e08d6ed8a39fd6576c68ae90cbaaad.jpg,db9037f218b7c536f147188edece9fc03f19bc3601af7dd3ef2a11482a194009,cf98e5c194c71c87,VF_00467,1,train
dataset_katarak,train,aug_0_349_jpeg.rf.0b6b4c2fc3a2b9a0c64ddc40a03f4f54.jpg,normal,C:\Personal AI & ML PROJECTS\AI IN HEALTHCARE\MY PROJECT E PAARVAI\Dataset Katarak\train\normal\aug_0_349_jpeg.rf.0b6b4c2fc3a2b9a0c64ddc40a03f4f54.jpg,2b6779df06ff7cda86c70398f93b95d922c59d131f461068d7cafa5a4e94b666,a08e8f749ac3bd4c,VF_00468,1,train
dataset_katarak,train,aug_0_3537_jpeg.rf.cb70e4467442359adff5fca155a199e7.jpg,normal,C:\Personal AI & ML PROJECTS\AI IN HEALTHCARE\MY PROJECT E PAARVAI\Dataset Katarak\train\normal\aug_0_3537_jpeg.rf.cb70e4467442359adff5fca155a199e7.jpg,9ecf013760fde853ba7a78dca4314f1a287d9752695b40971c09bbab8cf697b4,a53796da4a596989,VF_00470,1,train
dataset_katarak,train,aug_0_3543_jpeg.rf.b4ba204100a5722b702e59506815048d.jpg,normal,C:\Personal AI & ML PROJECTS\AI IN HEALTHCARE\MY PROJECT E PAARVAI\Dataset Katarak\train\normal\aug_0_3543_jpeg.rf.b4ba204100a5722b702e59506815048d.jpg,b8031da08527db0f457ad632cdd052ecc8f6649a19e3a66a902ceefbdc7ace59,a527dada2ba9a164,VF_00472,1,train
dataset_katarak,train,aug_0_3550_jpeg.rf.2a733d3a03d49de13bf607082ed3e8d9.jpg,normal,C:\Personal AI & ML PROJECTS\AI IN HEALTHCARE\MY PROJECT E PAARVAI\Dataset Katarak\train\normal\aug_0_3550_jpeg.rf.2a733d3a03d49de13bf607082ed3e8d9.jpg,1cb340c8c44e327d8fb97b6ee730101182cd81b0f92ebac8999844fcae36bcbf,e1459e9e41f1a5c6,VF_00473,1,train
dataset_katarak,train,aug_0_3551_jpeg.rf.ef4cfe5b64f1a310bd245a345ea32214.jpg,normal,C:\Personal AI & ML PROJECTS\AI IN HEALTHCARE\MY PROJECT E PAARVAI\Dataset Katarak\train\normal\aug_0_3551_jpeg.rf.ef4cfe5b64f1a310bd245a345ea32214.jpg,f4bebd9801d2089efebf22217a0386c6aa2fb1d17a8f5c6bd88e5a4ce117d135,fa60851f7ae8a195,VF_00474,1,train
dataset_katarak,train,aug_0_3552_jpeg.rf.39ad43ac29c9871b52050afe7c12bcc8.jpg,normal,C:\Personal AI & ML PROJECTS\AI IN HEALTHCARE\MY PROJECT E PAARVAI\Dataset Katarak\train\normal\aug_0_3552_jpeg.rf.39ad43ac29c9871b52050afe7c12bcc8.jpg,509e325fad0566cfa518abf183e3aae63e9124fed6d96363cf753b6df066c624,b5cbc22d2fb0a88b,VF_00475,1,train
dataset_katarak,train,aug_0_3569_jpeg.rf.3b7f6702dbc1464921d8c28cb607abf6.jpg,normal,C:\Personal AI & ML PROJECTS\AI IN HEALTHCARE\MY PROJECT E PAARVAI\Dataset Katarak\train\normal\aug_0_3569_jpeg.rf.3b7f6702dbc1464921d8c28cb607abf6.jpg,96aeeb9bb8f6e9a0ce583387982ac0d27908ba6b8c85b0e9e0d16fa4d332e2d4,9a528d498f6e2e3c,VF_00479,1,train
dataset_katarak,train,aug_0_3579_jpeg.rf.69e94dd07c203a05bf7e7b47fbb1e12c.jpg,normal,C:\Personal AI & ML PROJECTS\AI IN HEALTHCARE\MY PROJECT E PAARVAI\Dataset Katarak\train\normal\aug_0_3579_jpeg.rf.69e94dd07c203a05bf7e7b47fbb1e12c.jpg,a1d50a754e30fdd52a1ba7fcc26f021a500c6f23e525a7e4df31e55695be02af,9a35a1c84c873f97,VF_00481,1,train
dataset_katarak,train,aug_0_3595_jpeg.rf.2c5be2bfde8753e209898edcaac5b4b9.jpg,normal,C:\Personal AI & ML PROJECTS\AI IN HEALTHCARE\MY PROJECT E PAARVAI\Dataset Katarak\train\normal\aug_0_3595_jpeg.rf.2c5be2bfde8753e209898edcaac5b4b9.jpg,9ceb8fc32cf9352cb29574f11c69acc66f6719822c78edffe5bcefd30ccea557,e929879f1a68e8e1,VF_00482,1,train
dataset_katarak,train,aug_0_3627_jpeg.rf.7f65c12c85e6955a453e5b49947d0d27.jpg,normal,C:\Personal AI & ML PROJECTS\AI IN HEALTHCARE\MY PROJECT E PAARVAI\Dataset Katarak\train\normal\aug_0_3627_jpeg.rf.7f65c12c85e6955a453e5b49947d0d27.jpg,147a07dd3a0f2b2eab33cd0e598901ba4d10ff5a53e5afc2f33a8489e3cb9430,9acdb2a4c1b279d2,VF_00484,1,train
dataset_katarak,train,aug_0_3656_jpeg.rf.6fa5bc776219b64bdd3f9b549cb71231.jpg,normal,C:\Personal AI & ML PROJECTS\AI IN HEALTHCARE\MY PROJECT E PAARVAI\Dataset Katarak\train\normal\aug_0_3656_jpeg.rf.6fa5bc776219b64bdd3f9b549cb71231.jpg,75ad74bd2b718ccf6af9c17f9639eb69279c07f8de351841347974e30da4edae,e3278ac87ce5e1e0,VF_00487,1,train
dataset_katarak,train,aug_0_3667_jpeg.rf.acb5e7555517213ccbbaf741a0aedd19.jpg,normal,C:\Personal AI & ML PROJECTS\AI IN HEALTHCARE\MY PROJECT E PAARVAI\Dataset Katarak\train\normal\aug_0_3667_jpeg.rf.acb5e7555517213ccbbaf741a0aedd19.jpg,121f20a486da31abedbb1c9df40147773ca1ce69688ccf8fb086654dfe4e553c,e09f87b90e653f02,VF_00490,1,train
dataset_katarak,train,aug_0_3669_jpeg.rf.ca98cce6f0a04510ac88f2ed5e02cd1e.jpg,normal,C:\Personal AI & ML PROJECTS\AI IN HEALTHCARE\MY PROJECT E PAARVAI\Dataset Katarak\train\normal\aug_0_3669_jpeg.rf.ca98cce6f0a04510ac88f2ed5e02cd1e.jpg,3c2fbf297fed701797029c5ec57d43894d091661f7610d42a95a7f48908271d4,f38d96613fe06834,VF_00491,1,train
dataset_katarak,train,aug_0_3675_jpeg.rf.c06c6eec9fd52814032be0a401d15760.jpg,normal,C:\Personal AI & ML PROJECTS\AI IN HEALTHCARE\MY PROJECT E PAARVAI\Dataset Katarak\train\normal\aug_0_3675_jpeg.rf.c06c6eec9fd52814032be0a401d15760.jpg,2099029def78a21b75e2c3fb1cb67c6ced648b91bf41e53bc09e9fd2956e4286,a7679c1c1b2bb330,VF_00492,1,train
dataset_katarak,train,aug_0_3691_jpeg.rf.2f23e9e2858d65736634e4b6b40f2651.jpg,normal,C:\Personal AI & ML PROJECTS\AI IN HEALTHCARE\MY PROJECT E PAARVAI\Dataset Katarak\train\normal\aug_0_3691_jpeg.rf.2f23e9e2858d65736634e4b6b40f2651.jpg,abb67297c074b34bfce3503b3b91af08b4e99460daa1272c30548185904d5413,e060971e38b8f5b5,VF_00493,1,train
dataset_katarak,train,aug_0_3697_jpeg.rf.805924e45c6015ece137dd2c78bc0088.jpg,normal,C:\Personal AI & ML PROJECTS\AI IN HEALTHCARE\MY PROJECT E PAARVAI\Dataset Katarak\train\normal\aug_0_3697_jpeg.rf.805924e45c6015ece137dd2c78bc0088.jpg,f64938db04eba52cab30cf80afa8847907e7c067ffcc87a47a14b226c3f33e9d,eff090a75b6cc218,VF_00494,1,train
dataset_katarak,train,aug_0_3721_jpeg.rf.0ab1d3cf29f9ee6aa80fdfa0db1602b8.jpg,normal,C:\Personal AI & ML PROJECTS\AI IN HEALTHCARE\MY PROJECT E PAARVAI\Dataset Katarak\train\normal\aug_0_3721_jpeg.rf.0ab1d3cf29f9ee6aa80fdfa0db1602b8.jpg,e21b258837fdd333655381428d35568d3d3e5aaf9ccf3679c1bf6dcf215ba48a,f130d65797085a1f,VF_00495,1,train
dataset_katarak,train,aug_0_3749_jpeg.rf.e517545b25f80063422031e87eb4d851.jpg,normal,C:\Personal AI & ML PROJECTS\AI IN HEALTHCARE\MY PROJECT E PAARVAI\Dataset Katarak\train\normal\aug_0_3749_jpeg.rf.e517545b25f80063422031e87eb4d851.jpg,b8c43348cb48f1976be1fe53fea9862afdeeb15df86563b50e8adf3918796a2d,baa5c5f22e29924e,VF_00498,1,train
dataset_katarak,train,aug_0_3782_jpeg.rf.266b2237518e8615b03bebda89b8e897.jpg,normal,C:\Personal AI & ML PROJECTS\AI IN HEALTHCARE\MY PROJECT E PAARVAI\Dataset Katarak\train\normal\aug_0_3782_jpeg.rf.266b2237518e8615b03bebda89b8e897.jpg,a30db86f25c5f622c432b0f253ff3aed6a97fb3a317e8830e7ca85d71447a577,e15edfe018873a94,VF_00500,1,train
dataset_katarak,train,aug_0_3789_jpeg.rf.4f550387eeef017baaea4f58f1c463b6.jpg,normal,C:\Personal AI & ML PROJECTS\AI IN HEALTHCARE\MY PROJECT E PAARVAI\Dataset Katarak\train\normal\aug_0_3789_jpeg.rf.4f550387eeef017baaea4f58f1c463b6.jpg,48bdf1b52bc90092f70a40a16814e7f8350b1810c025eb550d94b5c055b767ba,e897976855279b24,VF_00501,1,train
dataset_katarak,train,aug_0_3792_jpeg.rf.228bf56468dd0bf2aa0f79bdcb16bd5e.jpg,normal,C:\Personal AI & ML PROJECTS\AI IN HEALTHCARE\MY PROJECT E PAARVAI\Dataset Katarak\train\normal\aug_0_3792_jpeg.rf.228bf56468dd0bf2aa0f79bdcb16bd5e.jpg,e500be3f558cdbfc23ffac83f78bde02f5595e715f9140c4e0b128f6be6c1d87,e1419e1fc9f828c7,VF_00502,1,train
dataset_katarak,train,aug_0_3793_jpeg.rf.2481ee51be14f2822f239e99fe5cc3da.jpg,normal,C:\Personal AI & ML PROJECTS\AI IN HEALTHCARE\MY PROJECT E PAARVAI\Dataset Katarak\train\normal\aug_0_3793_jpeg.rf.2481ee51be14f2822f239e99fe5cc3da.jpg,08e619c447f62702436e81dd4f010b8ebe9ff5300c864c5957e0e24f213441b6,bd6587825a7878e8,VF_00503,1,train
dataset_katarak,train,aug_0_3794_jpeg.rf.c0a8643fc5df66b8d36bf5626cbf7cdc.jpg,normal,C:\Personal AI & ML PROJECTS\AI IN HEALTHCARE\MY PROJECT E PAARVAI\Dataset Katarak\train\normal\aug_0_3794_jpeg.rf.c0a8643fc5df66b8d36bf5626cbf7cdc.jpg,3a4d9cff9f6806bb707779d1e0b2e94d06669c419c89c1b6fabb925fa9ded573,b60b89bd86b24f61,VF_00504,1,train
dataset_katarak,train,aug_0_379_jpeg.rf.210d8d7e7ebea193bcba3a3a9a0c6d1e.jpg,normal,C:\Personal AI & ML PROJECTS\AI IN HEALTHCARE\MY PROJECT E PAARVAI\Dataset Katarak\train\normal\aug_0_379_jpeg.rf.210d8d7e7ebea193bcba3a3a9a0c6d1e.jpg,9b86a67ad39c3dddd47b70da464b70a793c985e617edd0f8187ea2591bd7a5c9,a56792da2b0dc9f0,VF_00505,1,train
dataset_katarak,train,aug_0_3806_jpeg.rf.b0b108ec6fbcce4889e685879e79b35c.jpg,normal,C:\Personal AI & ML PROJECTS\AI IN HEALTHCARE\MY PROJECT E PAARVAI\Dataset Katarak\train\normal\aug_0_3806_jpeg.rf.b0b108ec6fbcce4889e685879e79b35c.jpg,851ebb2f5367c80c9a16a3b2ec770c46774682ca86ff213b5cf93c3eea371f8a,b49bcb746c4bf408,VF_00506,1,train
dataset_katarak,train,aug_0_3811_jpeg.rf.bbcb060951169ff92dab6966cb58ddc2.jpg,normal,C:\Personal AI & ML PROJECTS\AI IN HEALTHCARE\MY PROJECT E PAARVAI\Dataset Katarak\train\normal\aug_0_3811_jpeg.rf.bbcb060951169ff92dab6966cb58ddc2.jpg,6b01e64d774f25f22136153dbb7fd95ffe1629f7e3a70078a23ec106f6fced9c,e3b09c631e1ca3d6,VF_00507,1,train
dataset_katarak,train,aug_0_3895_jpeg.rf.1c159c6dc7f27f803932c596e09df27a.jpg,normal,C:\Personal AI & ML PROJECTS\AI IN HEALTHCARE\MY PROJECT E PAARVAI\Dataset Katarak\train\normal\aug_0_3895_jpeg.rf.1c159c6dc7f27f803932c596e09df27a.jpg,110121210380b719314e4fcf9f7c612e9af47c4231d8adc5d40f7ac737423e40,a5ca9a251abea996,VF_00510,1,train
dataset_katarak,train,aug_0_3898_jpeg.rf.68dde599e51d1a4ffde5640a41f71657.jpg,normal,C:\Personal AI & ML PROJECTS\AI IN HEALTHCARE\MY PROJECT E PAARVAI\Dataset Katarak\train\normal\aug_0_3898_jpeg.rf.68dde599e51d1a4ffde5640a41f71657.jpg,b7370233fca4a4b5bad833b25a5346408267c694c2e70c2982ce01f8867908cf,f470c1830b6cfcf4,VF_00512,1,train
dataset_katarak,train,aug_0_3915_jpeg.rf.c7952fbeb03343c3336b1c89d315d722.jpg,normal,C:\Personal AI & ML PROJECTS\AI IN HEALTHCARE\MY PROJECT E PAARVAI\Dataset Katarak\train\normal\aug_0_3915_jpeg.rf.c7952fbeb03343c3336b1c89d315d722.jpg,7603047bcfc0fb12f1832cfd687e94e5754f531b804f39a9387af4585f11eb4b,cf67c49898907ad3,VF_00514,1,train
dataset_katarak,train,aug_0_3916_jpeg.rf.663f8063ad8254608feff69369a5c3f0.jpg,normal,C:\Personal AI & ML PROJECTS\AI IN HEALTHCARE\MY PROJECT E PAARVAI\Dataset Katarak\train\normal\aug_0_3916_jpeg.rf.663f8063ad8254608feff69369a5c3f0.jpg,48f0a1873bce6fa570f1400dbaf8086f773da9c7f38a253fcdc853a39129ce74,f5dedab11d526808,VF_00515,1,train
dataset_katarak,train,aug_0_3920_jpeg.rf.b44ce619927f50359aa16fd00ff03fd7.jpg,normal,C:\Personal AI & ML PROJECTS\AI IN HEALTHCARE\MY PROJECT E PAARVAI\Dataset Katarak\train\normal\aug_0_3920_jpeg.rf.b44ce619927f50359aa16fd00ff03fd7.jpg,041a9940ea67fcdfb2cae896572f88042610e7cf4f12b93d1a1e375321fa2462,f359cc25b3904d63,VF_00517,1,train
dataset_katarak,train,aug_0_394_jpeg.rf.995df72c73c7ed1d339dc64cc87d7106.jpg,normal,C:\Personal AI & ML PROJECTS\AI IN HEALTHCARE\MY PROJECT E PAARVAI\Dataset Katarak\train\normal\aug_0_394_jpeg.rf.995df72c73c7ed1d339dc64cc87d7106.jpg,3478fe5b15cb4ba87913f8505c4849e22b5fd4248648d23f56dfbed114c637d3,f7f8ca217c4a610d,VF_00518,1,train
dataset_katarak,train,aug_0_3965_jpeg.rf.4632b7494a5196b3e79d304c450e4395.jpg,normal,C:\Personal AI & ML PROJECTS\AI IN HEALTHCARE\MY PROJECT E PAARVAI\Dataset Katarak\train\normal\aug_0_3965_jpeg.rf.4632b7494a5196b3e79d304c450e4395.jpg,24463a5e741a1e25a7cd72fe5262e70974b2527edc81ec5230eb59958cacd704,e3219e9e61e01f1d,VF_00519,1,train
dataset_katarak,train,aug_0_3989_jpeg.rf.484bb47760ab41f1ad16e42891a6b706.jpg,normal,C:\Personal AI & ML PROJECTS\AI IN HEALTHCARE\MY PROJECT E PAARVAI\Dataset Katarak\train\normal\aug_0_3989_jpeg.rf.484bb47760ab41f1ad16e42891a6b706.jpg,86c08a4c3464a4ec9d0fa8dc43260b0199c398cf49ab0e639b4c49dcb6d00ce7,b6e9e9b4025b2556,VF_00521,1,train
dataset_katarak,train,aug_0_3991_jpeg.rf.26e51e1fb1848ae9a955795d174fa8a7.jpg,normal,C:\Personal AI & ML PROJECTS\AI IN HEALTHCARE\MY PROJECT E PAARVAI\Dataset Katarak\train\normal\aug_0_3991_jpeg.rf.26e51e1fb1848ae9a955795d174fa8a7.jpg,027325322f1c2aa428a42ef19a54a376bec489595d63b9e2f745bda4f6c3b7a4,e8b8c585d09f97d0,VF_00522,1,train
dataset_katarak,train,aug_0_3996_jpeg.rf.0c86a3d42e2d298dabfe3a1ca7629ea5.jpg,normal,C:\Personal AI & ML PROJECTS\AI IN HEALTHCARE\MY PROJECT E PAARVAI\Dataset Katarak\train\normal\aug_0_3996_jpeg.rf.0c86a3d42e2d298dabfe3a1ca7629ea5.jpg,bed5c21210f787f875508a42047b23a401b77ca89b6ceb00830da5258357bacd,f464c78b4a7878a5,VF_00523,1,train
dataset_katarak,train,aug_0_3997_jpeg.rf.204efe155688c12b49cb447cf9e087ff.jpg,normal,C:\Personal AI & ML PROJECTS\AI IN HEALTHCARE\MY PROJECT E PAARVAI\Dataset Katarak\train\normal\aug_0_3997_jpeg.rf.204efe155688c12b49cb447cf9e087ff.jpg,de9d55c9ef24f3cff05ddf57fa4e7f38f7eabad1ab3b03fef7f6c68c11cc6af4,f570ca8ab5a0da96,VF_00524,1,train
dataset_katarak,train,aug_0_4011_jpeg.rf.9c01c33fd94e8f060087fb94d5fcdd3d.jpg,normal,C:\Personal AI & ML PROJECTS\AI IN HEALTHCARE\MY PROJECT E PAARVAI\Dataset Katarak\train\normal\aug_0_4011_jpeg.rf.9c01c33fd94e8f060087fb94d5fcdd3d.jpg,ddd4d979802445ee8164d11680f59802226c114b228561a8eb4a1b6f4f7a5134,a533cb0fa5f45303,VF_00525,1,train
dataset_katarak,train,aug_0_4020_jpeg.rf.10330aa61cf32963883cef0bdae74e75.jpg,normal,C:\Personal AI & ML PROJECTS\AI IN HEALTHCARE\MY PROJECT E PAARVAI\Dataset Katarak\train\normal\aug_0_4020_jpeg.rf.10330aa61cf32963883cef0bdae74e75.jpg,c34de83f451c1a76f5c4d93776f3f2476c0594a4fb15677e825a8a2e70ba5e9e,e89787281e07fa9c,VF_00526,1,train
dataset_katarak,train,aug_0_402_jpeg.rf.c98538a5f7cc12dbfc9901512b898425.jpg,normal,C:\Personal AI & ML PROJECTS\AI IN HEALTHCARE\MY PROJECT E PAARVAI\Dataset Katarak\train\normal\aug_0_402_jpeg.rf.c98538a5f7cc12dbfc9901512b898425.jpg,307a948afdbab82f47f082f4ffd16ec41b584ddb7fe390eb0cfa1ff63e99b047,f064871ef8e9e125,VF_00527,1,train
dataset_katarak,train,aug_0_403_jpeg.rf.3d8da8250104261883d866cb2fcb9e9e.jpg,normal,C:\Personal AI & ML PROJECTS\AI IN HEALTHCARE\MY PROJECT E PAARVAI\Dataset Katarak\train\normal\aug_0_403_jpeg.rf.3d8da8250104261883d866cb2fcb9e9e.jpg,bcad89f1046f6031a8319fc1917c2323e35b1d159e112471c0aaafdfe39016bc,f11f97207846f1e8,VF_00528,1,train
dataset_katarak,train,aug_0_404_jpeg.rf.a045239957b4444d7ec08c84495518d1.jpg,normal,C:\Personal AI & ML PROJECTS\AI IN HEALTHCARE\MY PROJECT E PAARVAI\Dataset Katarak\train\normal\aug_0_404_jpeg.rf.a045239957b4444d7ec08c84495518d1.jpg,99f136c730c2ebdda4c45ea0a8da5807ff579db8cfa3a24ba59708c0749c41cb,b584cacb25b79253,VF_00529,1,train
dataset_katarak,train,aug_0_4062_jpeg.rf.67a3e96b8ac346a1cf5e06eff74880d7.jpg,normal,C:\Personal AI & ML PROJECTS\AI IN HEALTHCARE\MY PROJECT E PAARVAI\Dataset Katarak\train\normal\aug_0_4062_jpeg.rf.67a3e96b8ac346a1cf5e06eff74880d7.jpg,d466e73cf2a4c10433238bc30fcec4225a2a87dea0ebcc78067dd6976cba3d38,d39cde60ad92c01f,VF_00530,1,train
dataset_katarak,train,aug_0_4087_jpeg.rf.ff85d2bba5d987be88e24f305889c603.jpg,normal,C:\Personal AI & ML PROJECTS\AI IN HEALTHCARE\MY PROJECT E PAARVAI\Dataset Katarak\train\normal\aug_0_4087_jpeg.rf.ff85d2bba5d987be88e24f305889c603.jpg,24f911876f8444158cac21fb73ebd2ae7c96eace2ac60549f3a1a277dcc68799,f070d69f2b4bc0c9,VF_00531,1,train
dataset_katarak,train,aug_0_411_jpeg.rf.2ce7550abfcc213c0ea80ca205bf277d.jpg,normal,C:\Personal AI & ML PROJECTS\AI IN HEALTHCARE\MY PROJECT E PAARVAI\Dataset Katarak\train\normal\aug_0_411_jpeg.rf.2ce7550abfcc213c0ea80ca205bf277d.jpg,ab868cf7f3d601dadbdc6de0dfec296eb267bd284af500124408c3ed4c3ac2c1,f51e9e21784ee0c5,VF_00533,1,train
dataset_katarak,train,aug_0_4140_jpeg.rf.a59d4c234f8c4852f9a16a378a598b8f.jpg,normal,C:\Personal AI & ML PROJECTS\AI IN HEALTHCARE\MY PROJECT E PAARVAI\Dataset Katarak\train\normal\aug_0_4140_jpeg.rf.a59d4c234f8c4852f9a16a378a598b8f.jpg,759ee1ed6359f78241d084aacf624aeb74133a922f5a90e576e92565306ff3f6,b47bcbb4245f82a8,VF_00536,1,train
dataset_katarak,train,aug_0_4142_jpeg.rf.0c2bcceaabc775426616ca71217ace27.jpg,normal,C:\Personal AI & ML PROJECTS\AI IN HEALTHCARE\MY PROJECT E PAARVAI\Dataset Katarak\train\normal\aug_0_4142_jpeg.rf.0c2bcceaabc775426616ca71217ace27.jpg,0b98cbc27f05cf9de8d0857e831debc06049253306d15fb657c2563ccb8b5d7c,f7c8c8374c9ae581,VF_00537,1,train
dataset_katarak,train,aug_0_4146_jpeg.rf.342e1f15036124ab3138358c378dc978.jpg,normal,C:\Personal AI & ML PROJECTS\AI IN HEALTHCARE\MY PROJECT E PAARVAI\Dataset Katarak\train\normal\aug_0_4146_jpeg.rf.342e1f15036124ab3138358c378dc978.jpg,eb3e6087c4927bc80fcfdeb5f06da1204a7338aad2a18a8f42e0412ae05bdfab,f06097ce38f97115,VF_00538,1,train
dataset_katarak,train,aug_0_4151_jpeg.rf.8665277e0fc94b78cc5731472a1ff697.jpg,normal,C:\Personal AI & ML PROJECTS\AI IN HEALTHCARE\MY PROJECT E PAARVAI\Dataset Katarak\train\normal\aug_0_4151_jpeg.rf.8665277e0fc94b78cc5731472a1ff697.jpg,6617a5b3d739775dfa0a75116afc7cba19cd43d7e7413e9ba4e72d947aac33fa,f207c9483697a76a,VF_00539,1,train
dataset_katarak,train,aug_0_4155_jpeg.rf.0f40c99d9dbd4ddbfc56be2b636bffd8.jpg,normal,C:\Personal AI & ML PROJECTS\AI IN HEALTHCARE\MY PROJECT E PAARVAI\Dataset Katarak\train\normal\aug_0_4155_jpeg.rf.0f40c99d9dbd4ddbfc56be2b636bffd8.jpg,3d8f6b040e3008cbdad42bf23090cbc71dd515580f386b81c627e5a0fa297eb2,b21ae5490ba676ad,VF_00540,1,train
dataset_katarak,train,aug_0_416_jpeg.rf.5b55ad59db0b78f04af1bcdbdbf3e0ea.jpg,normal,C:\Personal AI & ML PROJECTS\AI IN HEALTHCARE\MY PROJECT E PAARVAI\Dataset Katarak\train\normal\aug_0_416_jpeg.rf.5b55ad59db0b78f04af1bcdbdbf3e0ea.jpg,6a34fc4e05e3334c5fd1654c64038c693db0ee7ee5cd65bed55ce9ac8938d182,f5ca86215ea38c5e,VF_00543,1,train
dataset_katarak,train,aug_0_4178_jpeg.rf.982507934ca4d8dd22a69278d30eef9b.jpg,normal,C:\Personal AI & ML PROJECTS\AI IN HEALTHCARE\MY PROJECT E PAARVAI\Dataset Katarak\train\normal\aug_0_4178_jpeg.rf.982507934ca4d8dd22a69278d30eef9b.jpg,427dcefbc459d10ce24f27e1652036438806b26d764376687b405463268c3186,e09f867887679ce0,VF_00544,1,train
dataset_katarak,train,aug_0_4179_jpeg.rf.82d202404265ceb7952e5bb1d315b272.jpg,normal,C:\Personal AI & ML PROJECTS\AI IN HEALTHCARE\MY PROJECT E PAARVAI\Dataset Katarak\train\normal\aug_0_4179_jpeg.rf.82d202404265ceb7952e5bb1d315b272.jpg,202c66328328bdc68f7ebe86443f4598b2e884c54f59e1c65462c8e9940dfd1d,a121d61fca9abc69,VF_00545,1,train
dataset_katarak,train,aug_0_41_jpeg.rf.4a08efb00c4de3053d70c38d2b6d86fb.jpg,normal,C:\Personal AI & ML PROJECTS\AI IN HEALTHCARE\MY PROJECT E PAARVAI\Dataset Katarak\train\normal\aug_0_41_jpeg.rf.4a08efb00c4de3053d70c38d2b6d86fb.jpg,7c34e2da6032a4da11a3983a06123ac4e5cef844dafc4a54ee532db0f5851f93,e5479a5a99686327,VF_00546,1,train
dataset_katarak,train,aug_0_4209_jpeg.rf.8334d7a66addfe7e7e29c66c74e6cd91.jpg,normal,C:\Personal AI & ML PROJECTS\AI IN HEALTHCARE\MY PROJECT E PAARVAI\Dataset Katarak\train\normal\aug_0_4209_jpeg.rf.8334d7a66addfe7e7e29c66c74e6cd91.jpg,5d5a334211200f7dfaf7727343ac82ed6129a39b9db5bf1d71c6b184e0b3332e,e7d8c0e3c4c8dc2b,VF_00547,1,train
dataset_katarak,train,aug_0_4212_jpeg.rf.c36f587dd5b87cb57b2e41e3974fed6a.jpg,normal,C:\Personal AI & ML PROJECTS\AI IN HEALTHCARE\MY PROJECT E PAARVAI\Dataset Katarak\train\normal\aug_0_4212_jpeg.rf.c36f587dd5b87cb57b2e41e3974fed6a.jpg,e7a00a69267944c25a50d3eb6220c0182838e703c1c4dcf3c20df6edcd68464b,a52585d65656549f,VF_00548,1,train
dataset_katarak,train,aug_0_421_jpeg.rf.c2d086027f4a3b65b8b970edbca754c9.jpg,normal,C:\Personal AI & ML PROJECTS\AI IN HEALTHCARE\MY PROJECT E PAARVAI\Dataset Katarak\train\normal\aug_0_421_jpeg.rf.c2d086027f4a3b65b8b970edbca754c9.jpg,458eec0aad5c3eb394dea51bfe893cb53c90b41db8d5da9ef67675f64535fff6,e19a9fe0e81e8738,VF_00549,1,train
dataset_katarak,train,aug_0_4229_jpeg.rf.940e51115a86f4375ee659258e631520.jpg,normal,C:\Personal AI & ML PROJECTS\AI IN HEALTHCARE\MY PROJECT E PAARVAI\Dataset Katarak\train\normal\aug_0_4229_jpeg.rf.940e51115a86f4375ee659258e631520.jpg,c61db75b2938f554f43426c35da2e76bbe7e25a7f687083a58afbaf4a389ec8e,b6e9e9b681592516,VF_00550,1,train
dataset_katarak,train,aug_0_4241_jpeg.rf.b4489eb0f8e7264156dd2315071465b7.jpg,normal,C:\Personal AI & ML PROJECTS\AI IN HEALTHCARE\MY PROJECT E PAARVAI\Dataset Katarak\train\normal\aug_0_4241_jpeg.rf.b4489eb0f8e7264156dd2315071465b7.jpg,c232aae9507d04a0ec79c5f68965e9b2ee501e0b44eb6b5f5f7f6b99f8c6ec4e,b2e5e4b28dd9a612,VF_00551,1,train
dataset_katarak,train,aug_0_4264_jpeg.rf.82e2257312708ad95b4f841ad318d596.jpg,normal,C:\Personal AI & ML PROJECTS\AI IN HEALTHCARE\MY PROJECT E PAARVAI\Dataset Katarak\train\normal\aug_0_4264_jpeg.rf.82e2257312708ad95b4f841ad318d596.jpg,f421506f23f4d3404ad94498ed16601be9676ed97c463307d521571d0d9d020a,e15e9a251b9e714a,VF_00553,1,train
dataset_katarak,train,aug_0_427_jpeg.rf.1dc04051d4d04e4f1d874406b349af88.jpg,normal,C:\Personal AI & ML PROJECTS\AI IN HEALTHCARE\MY PROJECT E PAARVAI\Dataset Katarak\train\normal\aug_0_427_jpeg.rf.1dc04051d4d04e4f1d874406b349af88.jpg,32de1ff0b7bc462924b345b9e0236484ea26b6d70dd20bd8e9de49a46035fba2,f08fcb740b726cd0,VF_00556,1,train
dataset_katarak,train,aug_0_4286_jpeg.rf.20c43a8f99bd9daf2f2191c221035613.jpg,normal,C:\Personal AI & ML PROJECTS\AI IN HEALTHCARE\MY PROJECT E PAARVAI\Dataset Katarak\train\normal\aug_0_4286_jpeg.rf.20c43a8f99bd9daf2f2191c221035613.jpg,806020f5fce242cd5eecb13be906036f2c43f2d5d90d40983d42669911628c43,e1618e9687999c1f,VF_00557,1,train
dataset_katarak,train,aug_0_4287_jpeg.rf.74d550fe6b75e249637249223701138c.jpg,normal,C:\Personal AI & ML PROJECTS\AI IN HEALTHCARE\MY PROJECT E PAARVAI\Dataset Katarak\train\normal\aug_0_4287_jpeg.rf.74d550fe6b75e249637249223701138c.jpg,823d564011d0d960660e8b736511a12f6b5c40e270950dfffd26c05258a5e581,f8c2de2aa117d8e8,VF_00558,1,train
dataset_katarak,train,aug_0_4295_jpeg.rf.7e83ec4d9b1f5cade20c710b77008355.jpg,normal,C:\Personal AI & ML PROJECTS\AI IN HEALTHCARE\MY PROJECT E PAARVAI\Dataset Katarak\train\normal\aug_0_4295_jpeg.rf.7e83ec4d9b1f5cade20c710b77008355.jpg,e641801122d11282ed4af5fcbe8453e86af11a6352a8ecbc4f60ab5525f909f5,a4cccaf1254f43f4,VF_00559,1,train
dataset_katarak,train,aug_0_431_jpeg.rf.7e3224c7dce3e8468c49fe57a07b9ac7.jpg,normal,C:\Personal AI & ML PROJECTS\AI IN HEALTHCARE\MY PROJECT E PAARVAI\Dataset Katarak\train\normal\aug_0_431_jpeg.rf.7e3224c7dce3e8468c49fe57a07b9ac7.jpg,d56a1ada3ce91b30d9492b4f6a84f67aff5a8f21508da5877d6d9eace3c14538,f46487834a7ae8e9,VF_00561,1,train
dataset_katarak,train,aug_0_4346_jpeg.rf.2bad19671a7de5d458a9396a5d8bdb17.jpg,normal,C:\Personal AI & ML PROJECTS\AI IN HEALTHCARE\MY PROJECT E PAARVAI\Dataset Katarak\train\normal\aug_0_4346_jpeg.rf.2bad19671a7de5d458a9396a5d8bdb17.jpg,d96e1a2be494188b4ebf6f812515e5d184f5b35db5e72d03aa985075db8df9f5,f217c9487495273b,VF_00564,1,train
dataset_katarak,train,aug_0_4356_jpeg.rf.c1640e87baaae58305f75b413c6b993e.jpg,normal,C:\Personal AI & ML PROJECTS\AI IN HEALTHCARE\MY PROJECT E PAARVAI\Dataset Katarak\train\normal\aug_0_4356_jpeg.rf.c1640e87baaae58305f75b413c6b993e.jpg,6df9b580ae25246898cc560afd2d6dd993d75be2dbbe7539fd31804f8264e320,adc2d26d4f602e4b,VF_00565,1,train
dataset_katarak,train,aug_0_4363_jpeg.rf.d03cbfc2e054571e666286b8b1d2553b.jpg,normal,C:\Personal AI & ML PROJECTS\AI IN HEALTHCARE\MY PROJECT E PAARVAI\Dataset Katarak\train\normal\aug_0_4363_jpeg.rf.d03cbfc2e054571e666286b8b1d2553b.jpg,0e7ea1bad72129a396474046091821e74c71a9148d09328a07f256a2d10e4254,f636c9c846b6b4b0,VF_00566,1,train
dataset_katarak,train,aug_0_4369_jpeg.rf.7b7423f0c62dfd6e68b0b95cf104f4d1.jpg,normal,C:\Personal AI & ML PROJECTS\AI IN HEALTHCARE\MY PROJECT E PAARVAI\Dataset Katarak\train\normal\aug_0_4369_jpeg.rf.7b7423f0c62dfd6e68b0b95cf104f4d1.jpg,35df3a051620c96717007f8b6e99237b4b44f82b470f18a887d2aa0e5e948f0f,f58bca24ad979348,VF_00568,1,train
dataset_katarak,train,aug_0_4379_jpeg.rf.1624be83401eb2adab9df16d1e21dd6e.jpg,normal,C:\Personal AI & ML PROJECTS\AI IN HEALTHCARE\MY PROJECT E PAARVAI\Dataset Katarak\train\normal\aug_0_4379_jpeg.rf.1624be83401eb2adab9df16d1e21dd6e.jpg,2ceb039e84986da4d6f7c4fbe0a16e2893d02698d9f7a3fa89ca026bb2b82361,f0708f0bdecce438,VF_00569,1,train
dataset_katarak,train,aug_0_437_jpeg.rf.c4a0a4733aa2941b3d78d6a92f157a11.jpg,normal,C:\Personal AI & ML PROJECTS\AI IN HEALTHCARE\MY PROJECT E PAARVAI\Dataset Katarak\train\normal\aug_0_437_jpeg.rf.c4a0a4733aa2941b3d78d6a92f157a11.jpg,aa0d11585aa28ad1a503fd8af266d3397ecbc8dc97b29392a487db6004286917,e0618747068e2fbf,VF_00570,1,train
dataset_katarak,train,aug_0_4381_jpeg.rf.bd045052e3ec8d129278ca70ff17f1fd.jpg,normal,C:\Personal AI & ML PROJECTS\AI IN HEALTHCARE\MY PROJECT E PAARVAI\Dataset Katarak\train\normal\aug_0_4381_jpeg.rf.bd045052e3ec8d129278ca70ff17f1fd.jpg,ca5a6bd8b418ff806b0086c8234d5e7a2c4bfd76977d1981aadad97f8ff75358,a6f29883e73c98c9,VF_00571,1,train
dataset_katarak,train,aug_0_4394_jpeg.rf.f3e7e4c6af0491ae248576bfdc253b41.jpg,normal,C:\Personal AI & ML PROJECTS\AI IN HEALTHCARE\MY PROJECT E PAARVAI\Dataset Katarak\train\normal\aug_0_4394_jpeg.rf.f3e7e4c6af0491ae248576bfdc253b41.jpg,de37bd37425a808614a8360e93a04a99b30673ca1052b46c966848dac2dc9ba0,cf67e43c94385c70,VF_00572,1,train
dataset_katarak,train,aug_0_4400_jpeg.rf.fecb7b5134f1cb3aed26f67d479ebf76.jpg,normal,C:\Personal AI & ML PROJECTS\AI IN HEALTHCARE\MY PROJECT E PAARVAI\Dataset Katarak\train\normal\aug_0_4400_jpeg.rf.fecb7b5134f1cb3aed26f67d479ebf76.jpg,6d397a02cd90380204523b5a159a895fd7a74b5fcc546d27fa0b62d8b56c3165,f4cacbb0354bc26c,VF_00573,1,train
dataset_katarak,train,aug_0_441_jpeg.rf.a204a39e25d76bfe157288d41ef6603f.jpg,normal,C:\Personal AI & ML PROJECTS\AI IN HEALTHCARE\MY PROJECT E PAARVAI\Dataset Katarak\train\normal\aug_0_441_jpeg.rf.a204a39e25d76bfe157288d41ef6603f.jpg,69763b9387e8e1c0dd9f7b237e899360c8e0451194c5b675ad010bb567d5a7bf,f0708d0f3efce430,VF_00575,1,train
dataset_katarak,train,aug_0_4464_jpeg.rf.7cd27e44d4cc019aee298f2d81acb501.jpg,normal,C:\Personal AI & ML PROJECTS\AI IN HEALTHCARE\MY PROJECT E PAARVAI\Dataset Katarak\train\normal\aug_0_4464_jpeg.rf.7cd27e44d4cc019aee298f2d81acb501.jpg,4115056be90aa3d45ce7a4a345127f19ce41bb315b7075b87e1eceb0bc9b472c,e8cef02947bc0b71,VF_00578,1,train
dataset_katarak,train,aug_0_4474_jpeg.rf.b76552a207cb2445a5f8c82c8e9e48d1.jpg,normal,C:\Personal AI & ML PROJECTS\AI IN HEALTHCARE\MY PROJECT E PAARVAI\Dataset Katarak\train\normal\aug_0_4474_jpeg.rf.b76552a207cb2445a5f8c82c8e9e48d1.jpg,71f2c1d5d174838f3d5f530e8ae5117039578545f82e19676966742b2a311c7e,a1da9e211a96e9d6,VF_00579,1,train
dataset_katarak,train,aug_0_4495_jpeg.rf.0eb03043ad58222340f6367bc1054d50.jpg,normal,C:\Personal AI & ML PROJECTS\AI IN HEALTHCARE\MY PROJECT E PAARVAI\Dataset Katarak\train\normal\aug_0_4495_jpeg.rf.0eb03043ad58222340f6367bc1054d50.jpg,23007c8dcf12f20eb6302d57fe975d77868fe223ce7d44f1d46620b31c4c1d4c,f537cbc84c25a1c6,VF_00582,1,train
dataset_katarak,train,aug_0_4508_jpeg.rf.084657a849f02544edc397065ec405a5.jpg,normal,C:\Personal AI & ML PROJECTS\AI IN HEALTHCARE\MY PROJECT E PAARVAI\Dataset Katarak\train\normal\aug_0_4508_jpeg.rf.084657a849f02544edc397065ec405a5.jpg,54339d85866bb008088cae6edc62177fec5d5a0b94194c87c167dde2c4b0292c,b2848d52326f6df2,VF_00583,1,train
dataset_katarak,train,aug_0_4533_jpeg.rf.fa8b76927f645f6288b1e6c85315cd20.jpg,normal,C:\Personal AI & ML PROJECTS\AI IN HEALTHCARE\MY PROJECT E PAARVAI\Dataset Katarak\train\normal\aug_0_4533_jpeg.rf.fa8b76927f645f6288b1e6c85315cd20.jpg,feee2c9e8985f8815bce1fe220d5b607411b67d24a39014f1c84259a16e585f8,e121865e1f99b87a,VF_00586,1,train
dataset_katarak,train,aug_0_4605_jpeg.rf.63efd6b31ada11392de56d898ebb629c.jpg,normal,C:\Personal AI & ML PROJECTS\AI IN HEALTHCARE\MY PROJECT E PAARVAI\Dataset Katarak\train\normal\aug_0_4605_jpeg.rf.63efd6b31ada11392de56d898ebb629c.jpg,5820e12dfe9b86835554099f69441e3b6a2bfe5c0a6c304529f343bb04f60c9f,b44bcba42d5662cb,VF_00592,1,train
dataset_katarak,train,aug_0_4623_jpeg.rf.0891685ffaae5dc7f59d1f345fe2478e.jpg,normal,C:\Personal AI & ML PROJECTS\AI IN HEALTHCARE\MY PROJECT E PAARVAI\Dataset Katarak\train\normal\aug_0_4623_jpeg.rf.0891685ffaae5dc7f59d1f345fe2478e.jpg,1d895a80675282e17f7896f44c0662db6a123cb59737ff4eedc561db0da332fa,f58bca24a5d79348,VF_00593,1,train
dataset_katarak,train,aug_0_4635_jpeg.rf.216dc6455ac9553e85249c92143e9d0d.jpg,normal,C:\Personal AI & ML PROJECTS\AI IN HEALTHCARE\MY PROJECT E PAARVAI\Dataset Katarak\train\normal\aug_0_4635_jpeg.rf.216dc6455ac9553e85249c92143e9d0d.jpg,3be9feef438fa250d1fd2cd5c1196f7de59e3f205e511a196fc9577779b9a825,b475d2424bcd8f0b,VF_00596,1,train
dataset_katarak,train,aug_0_4648_jpeg.rf.0cd7c3ab487bb48e92539f3c1937d79e.jpg,normal,C:\Personal AI & ML PROJECTS\AI IN HEALTHCARE\MY PROJECT E PAARVAI\Dataset Katarak\train\normal\aug_0_4648_jpeg.rf.0cd7c3ab487bb48e92539f3c1937d79e.jpg,a06b4bb9f1ba1bcc22891f4d7907705ab14f5de86e95834729b12d1b5a9235fa,b410cb4b8da4bdea,VF_00597,1,train
dataset_katarak,train,aug_0_4666_jpeg.rf.415766b5c5a02a1babfc1eacb947e789.jpg,normal,C:\Personal AI & ML PROJECTS\AI IN HEALTHCARE\MY PROJECT E PAARVAI\Dataset Katarak\train\normal\aug_0_4666_jpeg.rf.415766b5c5a02a1babfc1eacb947e789.jpg,2fcd08ee1ae281eae829f6b11bf476b16e6e8c39bce42c04b260a228fe6baf1c,9737a8c848e73693,VF_00598,1,train
dataset_katarak,train,aug_0_468_jpeg.rf.d1536a79afdb978440ebcb1654af2a0f.jpg,normal,C:\Personal AI & ML PROJECTS\AI IN HEALTHCARE\MY PROJECT E PAARVAI\Dataset Katarak\train\normal\aug_0_468_jpeg.rf.d1536a79afdb978440ebcb1654af2a0f.jpg,e54738212757a0d448c79931bbe1c97a220f0a89ba57f068eb10726c4c0025ed,f5c8ca255cd6c915,VF_00599,1,train
dataset_katarak,train,aug_0_4694_jpeg.rf.f4d8b39b2e19577c3ddd2c45394a1ca7.jpg,normal,C:\Personal AI & ML PROJECTS\AI IN HEALTHCARE\MY PROJECT E PAARVAI\Dataset Katarak\train\normal\aug_0_4694_jpeg.rf.f4d8b39b2e19577c3ddd2c45394a1ca7.jpg,4721aaf18970ed402161a017553984d448cd85502b1a4b156394b693129873c6,f232db8d2dc8d8c4,VF_00600,1,train
dataset_katarak,train,aug_0_4697_jpeg.rf.4c3f63455425d61395c7c8761d7ebfd1.jpg,normal,C:\Personal AI & ML PROJECTS\AI IN HEALTHCARE\MY PROJECT E PAARVAI\Dataset Katarak\train\normal\aug_0_4697_jpeg.rf.4c3f63455425d61395c7c8761d7ebfd1.jpg,cba49ea23124eddcffd3cc5d596030429574ec34487222e29c8234c7e8c13118,b4efcbb48c43ad01,VF_00601,1,train
dataset_katarak,train,aug_0_470_jpeg.rf.2fe13afe79f206da8f767071e123a01f.jpg,normal,C:\Personal AI & ML PROJECTS\AI IN HEALTHCARE\MY PROJECT E PAARVAI\Dataset Katarak\train\normal\aug_0_470_jpeg.rf.2fe13afe79f206da8f767071e123a01f.jpg,9d6e7ba0c269a4ced46091fa4d4592504c6845b2176020f0d447794f08b1aa08,e89597383ae5d8c4,VF_00602,1,train
dataset_katarak,train,aug_0_472_jpeg.rf.f734b2b35b578f92c703c0fda4910f2c.jpg,normal,C:\Personal AI & ML PROJECTS\AI IN HEALTHCARE\MY PROJECT E PAARVAI\Dataset Katarak\train\normal\aug_0_472_jpeg.rf.f734b2b35b578f92c703c0fda4910f2c.jpg,2babb11f2503d891f36715bad7634ad40d1870bd845d3938179837601792aaf1,a0caca746d3ab791,VF_00603,1,train
dataset_katarak,train,aug_0_4741_jpeg.rf.1512ab8a79ff8d1d545225bf54d1f369.jpg,normal,C:\Personal AI & ML PROJECTS\AI IN HEALTHCARE\MY PROJECT E PAARVAI\Dataset Katarak\train\normal\aug_0_4741_jpeg.rf.1512ab8a79ff8d1d545225bf54d1f369.jpg,8f0a3a03d89ac2a8d14326bf0ce2a9c9e20f5cd8c75acb277eac1e6e7f590aa7,bc64a7831252dadb,VF_00604,1,train
dataset_katarak,train,aug_0_4776_jpeg.rf.2e1cec950cc9635d5ab96d91179136fd.jpg,normal,C:\Personal AI & ML PROJECTS\AI IN HEALTHCARE\MY PROJECT E PAARVAI\Dataset Katarak\train\normal\aug_0_4776_jpeg.rf.2e1cec950cc9635d5ab96d91179136fd.jpg,366915388f9e00ad5f00a544cd33580762fe62495be5eebf16067482a199cc45,b2eccd92b00ff3c0,VF_00607,1,train
dataset_katarak,train,aug_0_4782_jpeg.rf.e2b837581968f5acde299cb469de3132.jpg,normal,C:\Personal AI & ML PROJECTS\AI IN HEALTHCARE\MY PROJECT E PAARVAI\Dataset Katarak\train\normal\aug_0_4782_jpeg.rf.e2b837581968f5acde299cb469de3132.jpg,7b4e0f5dc19158d649b29d398eb8d7f21ebffaa5a64ffbc68963c7d047b2a82f,e19f9e619b867888,VF_00609,1,train
dataset_katarak,train,aug_0_4787_jpeg.rf.8a2817b0f6cf3c1545da02d179314930.jpg,normal,C:\Personal AI & ML PROJECTS\AI IN HEALTHCARE\MY PROJECT E PAARVAI\Dataset Katarak\train\normal\aug_0_4787_jpeg.rf.8a2817b0f6cf3c1545da02d179314930.jpg,5f1a5f4a4b021e7248a681acfd3daea17f94e41a06a13ae88b5e3677bb89536f,e0cfd7f818812b96,VF_00610,1,train
dataset_katarak,train,aug_0_4795_jpeg.rf.f69a8ec970175ab008ad70ac502fe2f4.jpg,normal,C:\Personal AI & ML PROJECTS\AI IN HEALTHCARE\MY PROJECT E PAARVAI\Dataset Katarak\train\normal\aug_0_4795_jpeg.rf.f69a8ec970175ab008ad70ac502fe2f4.jpg,92c5b68e26404234ada1a99e6f774c3440a98b7f7274e6190d75de933c91eb0f,b6e9c9364a49b782,VF_00611,1,train
dataset_katarak,train,aug_0_4812_jpeg.rf.6d237b6d41146fae6b2906114b9cb8e6.jpg,normal,C:\Personal AI & ML PROJECTS\AI IN HEALTHCARE\MY PROJECT E PAARVAI\Dataset Katarak\train\normal\aug_0_4812_jpeg.rf.6d237b6d41146fae6b2906114b9cb8e6.jpg,cbf7ccdb2a05666611a1c947384f763cd5b80817128a460e7767a13778a1f3ff,e1ba9a654b1ea519,VF_00613,1,train
dataset_katarak,train,aug_0_4846_jpeg.rf.04f4bc1e5df3b4beb10e1d56f94162c5.jpg,normal,C:\Personal AI & ML PROJECTS\AI IN HEALTHCARE\MY PROJECT E PAARVAI\Dataset Katarak\train\normal\aug_0_4846_jpeg.rf.04f4bc1e5df3b4beb10e1d56f94162c5.jpg,95a703a710c3c7bbd5e75636598d6f870360fe21fde38c2841ec8bead98b4c92,a52782cafa1c9d9c,VF_00614,1,train
dataset_katarak,train,aug_0_4849_jpeg.rf.2670975847ad2f23ed88878b39cc936a.jpg,normal,C:\Personal AI & ML PROJECTS\AI IN HEALTHCARE\MY PROJECT E PAARVAI\Dataset Katarak\train\normal\aug_0_4849_jpeg.rf.2670975847ad2f23ed88878b39cc936a.jpg,8a563f1b705f5b1a82ecc93b76e52d5ed5711c29dd7cfcd7cf2f4cd4a193388e,e3b0b8e35e1c2317,VF_00615,1,train
dataset_katarak,train,aug_0_4863_jpeg.rf.1983b89cd60308e922e55f3420dbb209.jpg,normal,C:\Personal AI & ML PROJECTS\AI IN HEALTHCARE\MY PROJECT E PAARVAI\Dataset Katarak\train\normal\aug_0_4863_jpeg.rf.1983b89cd60308e922e55f3420dbb209.jpg,5d4c092c8857a4de08fa64ec382eb38bd857e65ae45dd9da26e76425364ca954,e0df87681e659a85,VF_00617,1,train
dataset_katarak,train,aug_0_4872_jpeg.rf.76afef8d120a1cf192677366138fe8c5.jpg,normal,C:\Personal AI & ML PROJECTS\AI IN HEALTHCARE\MY PROJECT E PAARVAI\Dataset Katarak\train\normal\aug_0_4872_jpeg.rf.76afef8d120a1cf192677366138fe8c5.jpg,e2316d968590912f5a54d5c8618c444821cc742630c0c43f956cc9c1dd61c830,f48bc37c03f40f32,VF_00619,1,train
dataset_katarak,train,aug_0_4873_jpeg.rf.19230a783e2f676bb344ed75441ef926.jpg,normal,C:\Personal AI & ML PROJECTS\AI IN HEALTHCARE\MY PROJECT E PAARVAI\Dataset Katarak\train\normal\aug_0_4873_jpeg.rf.19230a783e2f676bb344ed75441ef926.jpg,ba8cb0750d0e902eb4677c5bea6f02dc28896d059988d2583d7f0f4641eeb626,e35cd468c7ef9820,VF_00620,1,train
dataset_katarak,train,aug_0_4875_jpeg.rf.406015cf002a476b26ca0b5c71bafb4d.jpg,normal,C:\Personal AI & ML PROJECTS\AI IN HEALTHCARE\MY PROJECT E PAARVAI\Dataset Katarak\train\normal\aug_0_4875_jpeg.rf.406015cf002a476b26ca0b5c71bafb4d.jpg,ce68941673edcec7a711cc55911dcdf4bbef9941be8c980c7856f5d7ff969c15,b470df8f28a8b4b4,VF_00621,1,train
dataset_katarak,train,aug_0_4879_jpeg.rf.dfd5561d52a746ca7ecd456604370eea.jpg,normal,C:\Personal AI & ML PROJECTS\AI IN HEALTHCARE\MY PROJECT E PAARVAI\Dataset Katarak\train\normal\aug_0_4879_jpeg.rf.dfd5561d52a746ca7ecd456604370eea.jpg,0b4bcf1a8b0a0ef67fa569215381b6935e0b134c18651e488dacd6455e80c124,e121c656179e8e5e,VF_00622,1,train
dataset_katarak,train,aug_0_4898_jpeg.rf.83296f0eae3e1e221ab37e3cbc7a6760.jpg,normal,C:\Personal AI & ML PROJECTS\AI IN HEALTHCARE\MY PROJECT E PAARVAI\Dataset Katarak\train\normal\aug_0_4898_jpeg.rf.83296f0eae3e1e221ab37e3cbc7a6760.jpg,336e730a3099385dda470e358497084d05ec3ef8d5dc2538a7774d2af8eeb4d9,b28d94b6918d89ee,VF_00623,1,train
dataset_katarak,train,aug_0_4904_jpeg.rf.8b4da3bfbb1d3fb5b60bb8303e1b64fb.jpg,normal,C:\Personal AI & ML PROJECTS\AI IN HEALTHCARE\MY PROJECT E PAARVAI\Dataset Katarak\train\normal\aug_0_4904_jpeg.rf.8b4da3bfbb1d3fb5b60bb8303e1b64fb.jpg,4e32c2549c2726b39d6323bdc8ff1a108f68c50ecc930e98925c03b134816010,e5869e1c397861f1,VF_00625,1,train
dataset_katarak,train,aug_0_4905_jpeg.rf.47fc99c07c9c8f87c5782e7a602c751f.jpg,normal,C:\Personal AI & ML PROJECTS\AI IN HEALTHCARE\MY PROJECT E PAARVAI\Dataset Katarak\train\normal\aug_0_4905_jpeg.rf.47fc99c07c9c8f87c5782e7a602c751f.jpg,95cb0f1d9e63e716e8cee822956ab26f1e3977d42184a8bfcec21f706e5b07ef,e1cec6611ea19d47,VF_00626,1,train
dataset_katarak,train,aug_0_4918_jpeg.rf.6b4bb799b141fa2ff5d5c9a2c925cca2.jpg,normal,C:\Personal AI & ML PROJECTS\AI IN HEALTHCARE\MY PROJECT E PAARVAI\Dataset Katarak\train\normal\aug_0_4918_jpeg.rf.6b4bb799b141fa2ff5d5c9a2c925cca2.jpg,89020903860f209ebcc74e264ef568f2378054d1831f71a2984eaa574c06f8df,e864971e78ab6585,VF_00627,1,train
dataset_katarak,train,aug_0_4944_jpeg.rf.f578a8b2f10462d875096c51336d65d3.jpg,normal,C:\Personal AI & ML PROJECTS\AI IN HEALTHCARE\MY PROJECT E PAARVAI\Dataset Katarak\train\normal\aug_0_4944_jpeg.rf.f578a8b2f10462d875096c51336d65d3.jpg,03e67aa923c08e58799b53188ad07da3a3dc65f02777f40ec46be01113eb029f,e7d89c61f88ee181,VF_00628,1,train
dataset_katarak,train,aug_0_4962_jpeg.rf.d02d4491b0e7ef56a34128d9af89e588.jpg,normal,C:\Personal AI & ML PROJECTS\AI IN HEALTHCARE\MY PROJECT E PAARVAI\Dataset Katarak\train\normal\aug_0_4962_jpeg.rf.d02d4491b0e7ef56a34128d9af89e588.jpg,766ece346a38e86b61dc347f405284da2e50907c0a98b7d7e81552cd49d487e5,a0658f17c2dd0f4b,VF_00630,1,train
dataset_katarak,train,aug_0_4964_jpeg.rf.7eea277fef860889072d878d4a382260.jpg,normal,C:\Personal AI & ML PROJECTS\AI IN HEALTHCARE\MY PROJECT E PAARVAI\Dataset Katarak\train\normal\aug_0_4964_jpeg.rf.7eea277fef860889072d878d4a382260.jpg,b8bb4f4a76146de89d874d5c782c4c7814eba397cc48aaf9239fd7a322e4025b,b5cad2254b26a937,VF_00631,1,train
dataset_katarak,train,aug_0_4981_jpeg.rf.63aa3faeeefcfeb07adadefb575ca6ca.jpg,normal,C:\Personal AI & ML PROJECTS\AI IN HEALTHCARE\MY PROJECT E PAARVAI\Dataset Katarak\train\normal\aug_0_4981_jpeg.rf.63aa3faeeefcfeb07adadefb575ca6ca.jpg,8c97b6987f0228536fd255a48442df2d8bbf80c5e880eed787b425c6ee7ba46a,e19e9ef8d0879e10,VF_00634,1,train
dataset_katarak,train,aug_0_4991_jpeg.rf.c1e4151080ac83cbc42e18bc85cab351.jpg,normal,C:\Personal AI & ML PROJECTS\AI IN HEALTHCARE\MY PROJECT E PAARVAI\Dataset Katarak\train\normal\aug_0_4991_jpeg.rf.c1e4151080ac83cbc42e18bc85cab351.jpg,72c4159070461eff30b3c52fd1ea0cf6574e95c5fe6d769b54c887b1fc8477b8,e12087171f9a9e5e,VF_00636,1,train
dataset_katarak,train,aug_0_5000_jpeg.rf.0f9bdf5317f332374780626c39e45c79.jpg,normal,C:\Personal AI & ML PROJECTS\AI IN HEALTHCARE\MY PROJECT E PAARVAI\Dataset Katarak\train\normal\aug_0_5000_jpeg.rf.0f9bdf5317f332374780626c39e45c79.jpg,075b3e2b9f3eaa3552d9542628459555c89e46eb71b6aa57d5fa58a3bac9ea52,e09f9fe8d8072a58,VF_00637,1,train
dataset_katarak,train,aug_0_5006_jpeg.rf.21dc14a7ffb5281644080f75d8a9910e.jpg,normal,C:\Personal AI & ML PROJECTS\AI IN HEALTHCARE\MY PROJECT E PAARVAI\Dataset Katarak\train\normal\aug_0_5006_jpeg.rf.21dc14a7ffb5281644080f75d8a9910e.jpg,3d788057d92bca0b242b4c2b43a6dcacd8cdebd00135fb6629f95cb663492d4c,b434cb932e4d8f68,VF_00638,1,train
dataset_katarak,train,aug_0_5047_jpeg.rf.0ff57a26ddd35cd9b14a603287aacf11.jpg,normal,C:\Personal AI & ML PROJECTS\AI IN HEALTHCARE\MY PROJECT E PAARVAI\Dataset Katarak\train\normal\aug_0_5047_jpeg.rf.0ff57a26ddd35cd9b14a603287aacf11.jpg,de0fb511a6ffb31d08eef409b2d6a3a615b44f63a62b076f06133372805fe3e7,b4cbc3340b82bd57,VF_00639,1,train
dataset_katarak,train,aug_0_5053_jpeg.rf.b2522494dc6b98b143bbd9a7ddf142f8.jpg,normal,C:\Personal AI & ML PROJECTS\AI IN HEALTHCARE\MY PROJECT E PAARVAI\Dataset Katarak\train\normal\aug_0_5053_jpeg.rf.b2522494dc6b98b143bbd9a7ddf142f8.jpg,8bd018edeebc93f9a3a8f6faa75cf5426e4de6e0aefd775db01c80d8de368ef3,a0ca86311ff7ac17,VF_00640,1,train
dataset_katarak,train,aug_0_5059_jpeg.rf.af9d916327278618c8091e9bcdf8c731.jpg,normal,C:\Personal AI & ML PROJECTS\AI IN HEALTHCARE\MY PROJECT E PAARVAI\Dataset Katarak\train\normal\aug_0_5059_jpeg.rf.af9d916327278618c8091e9bcdf8c731.jpg,8b93359cccca11872682a6ae610cc7ae505531291fbe989d6f0721a84c2f226e,e7b0b8471e1ca3d2,VF_00641,1,train
dataset_katarak,train,aug_0_5065_jpeg.rf.623f41e4c1e39618d0dd91222a6e0ce7.jpg,normal,C:\Personal AI & ML PROJECTS\AI IN HEALTHCARE\MY PROJECT E PAARVAI\Dataset Katarak\train\normal\aug_0_5065_jpeg.rf.623f41e4c1e39618d0dd91222a6e0ce7.jpg,4728c07099885c3c743accb5437a907e4fe30e9d957f3e65bf644a3e5dfa348c,f08d8f743c03e4cd,VF_00642,1,train
dataset_katarak,train,aug_0_506_jpeg.rf.ad3f4a5ae44613ae8af35861dffeec07.jpg,normal,C:\Personal AI & ML PROJECTS\AI IN HEALTHCARE\MY PROJECT E PAARVAI\Dataset Katarak\train\normal\aug_0_506_jpeg.rf.ad3f4a5ae44613ae8af35861dffeec07.jpg,8b0f7139d5933a73cc0c281ad733026e26ccb18faa6a9a2115f5002dbb9f170a,e1ba9ee1490e2d39,VF_00643,1,train
dataset_katarak,train,aug_0_5115_jpeg.rf.76e0beefea30a5e91161644c4995dccf.jpg,normal,C:\Personal AI & ML PROJECTS\AI IN HEALTHCARE\MY PROJECT E PAARVAI\Dataset Katarak\train\normal\aug_0_5115_jpeg.rf.76e0beefea30a5e91161644c4995dccf.jpg,d1f41fa140d35c20cf1e8692d255b55e36d468e78761f05ace4ecbfe01fcfe9d,a12597d6561e5a9a,VF_00645,1,train
dataset_katarak,train,aug_0_5126_jpeg.rf.72b4336dad35d2fd24dbae890bdc22bc.jpg,normal,C:\Personal AI & ML PROJECTS\AI IN HEALTHCARE\MY PROJECT E PAARVAI\Dataset Katarak\train\normal\aug_0_5126_jpeg.rf.72b4336dad35d2fd24dbae890bdc22bc.jpg,6049f6bf6feec63043fd2a4d93535f12486bbaa25711f209c7917ce9c659e668,eff09027731cc41b,VF_00646,1,train
dataset_katarak,train,aug_0_5131_jpeg.rf.2fde99604fbad4188dfaa19c2dadeaaf.jpg,normal,C:\Personal AI & ML PROJECTS\AI IN HEALTHCARE\MY PROJECT E PAARVAI\Dataset Katarak\train\normal\aug_0_5131_jpeg.rf.2fde99604fbad4188dfaa19c2dadeaaf.jpg,f4beab9046f9ff8ff2ff5ca7bd81774bf7081f46fa1f3ea1df5335c85d14f2e9,e39cbcf0878ebc10,VF_00647,1,train
dataset_katarak,train,aug_0_513_jpeg.rf.a8446fd95dce23ae605b702e9121d3d4.jpg,normal,C:\Personal AI & ML PROJECTS\AI IN HEALTHCARE\MY PROJECT E PAARVAI\Dataset Katarak\train\normal\aug_0_513_jpeg.rf.a8446fd95dce23ae605b702e9121d3d4.jpg,cc83ebf7c59570482e7e65c82c7ae3467535354076cb9ee6c080964347b140d4,a7bd9ce20d2e7091,VF_00648,1,train
dataset_katarak,train,aug_0_5150_jpeg.rf.62afe1dee616ee9a50d3a55d3b307637.jpg,normal,C:\Personal AI & ML PROJECTS\AI IN HEALTHCARE\MY PROJECT E PAARVAI\Dataset Katarak\train\normal\aug_0_5150_jpeg.rf.62afe1dee616ee9a50d3a55d3b307637.jpg,960d14638a179b81183cb7cc0b81edd01fc642cb1445b777897f03deb0fadcfc,b4cbcba482f2cb45,VF_00649,1,train
dataset_katarak,train,aug_0_5158_jpeg.rf.55a112bd08f0f641a3aa58b860eb7f57.jpg,normal,C:\Personal AI & ML PROJECTS\AI IN HEALTHCARE\MY PROJECT E PAARVAI\Dataset Katarak\train\normal\aug_0_5158_jpeg.rf.55a112bd08f0f641a3aa58b860eb7f57.jpg,ace553bb8a33eef3f4b1e825ceb3ed911736de78f049e481109d4b10356265fa,f5dccab01e526907,VF_00651,1,train
dataset_katarak,train,aug_0_5171_jpeg.rf.6de1b6ed6e8cca2279fd2f808835cdcd.jpg,normal,C:\Personal AI & ML PROJECTS\AI IN HEALTHCARE\MY PROJECT E PAARVAI\Dataset Katarak\train\normal\aug_0_5171_jpeg.rf.6de1b6ed6e8cca2279fd2f808835cdcd.jpg,c6737ba6fc7a031decba66ce205330b925f8304bb37410c4e0991c18ba1e1bb7,bd9290ae2f9474ca,VF_00653,1,train
dataset_katarak,train,aug_0_5180_jpeg.rf.6bbe32253248cb658e5ae045c6755576.jpg,normal,C:\Personal AI & ML PROJECTS\AI IN HEALTHCARE\MY PROJECT E PAARVAI\Dataset Katarak\train\normal\aug_0_5180_jpeg.rf.6bbe32253248cb658e5ae045c6755576.jpg,225d152258c2a7ceff35506c383e6150d2183fd3e3e84c4e3f6bb17168ce6c82,e121865e1f99b86b,VF_00654,1,train
dataset_katarak,train,aug_0_5195_jpeg.rf.448ea742cb7f80d1b143dd0e68c7bba5.jpg,normal,C:\Personal AI & ML PROJECTS\AI IN HEALTHCARE\MY PROJECT E PAARVAI\Dataset Katarak\train\normal\aug_0_5195_jpeg.rf.448ea742cb7f80d1b143dd0e68c7bba5.jpg,9bc8862cba8d9f1d167d3b498f1e8dd85b28a617a31914b4af475e16f5c39820,e160978e7e9cf098,VF_00655,1,train
dataset_katarak,train,aug_0_5206_jpeg.rf.da74bb6bd05233211fe5d2ecbf48e7e4.jpg,normal,C:\Personal AI & ML PROJECTS\AI IN HEALTHCARE\MY PROJECT E PAARVAI\Dataset Katarak\train\normal\aug_0_5206_jpeg.rf.da74bb6bd05233211fe5d2ecbf48e7e4.jpg,eb20996f352e2040a1b671e5b53cf1100d178d9f68a9954ec2437cdb33540801,e19e96611ed5f806,VF_00657,1,train
dataset_katarak,train,aug_0_5213_jpeg.rf.396509d13520f9a5e49f983335d12120.jpg,normal,C:\Personal AI & ML PROJECTS\AI IN HEALTHCARE\MY PROJECT E PAARVAI\Dataset Katarak\train\normal\aug_0_5213_jpeg.rf.396509d13520f9a5e49f983335d12120.jpg,dcf060b135ef5ea8916fe6540ac5bb2c8c4d928f7181ad4d06176961ba53796a,a4cccaa1b54ff28c,VF_00659,1,train
dataset_katarak,train,aug_0_5217_jpeg.rf.f8502f7f45380a2d9d6f42dd8787e1c0.jpg,normal,C:\Personal AI & ML PROJECTS\AI IN HEALTHCARE\MY PROJECT E PAARVAI\Dataset Katarak\train\normal\aug_0_5217_jpeg.rf.f8502f7f45380a2d9d6f42dd8787e1c0.jpg,c794e7e50dd982233d6d95d300542c3fa3fde5fd6a7008d4327a49538366aaf6,f51e9e23706ee2c0,VF_00660,1,train
dataset_katarak,train,aug_0_5230_jpeg.rf.4e41941d7c985ee61c46a1592cd3716d.jpg,normal,C:\Personal AI & ML PROJECTS\AI IN HEALTHCARE\MY PROJECT E PAARVAI\Dataset Katarak\train\normal\aug_0_5230_jpeg.rf.4e41941d7c985ee61c46a1592cd3716d.jpg,387cd6b7247fe4c63f2f2451563984dff3cb402fab40807a31143e86037b069c,b6e5e9364a48f642,VF_00661,1,train
dataset_katarak,train,aug_0_5235_jpeg.rf.45b5729519d9d4b6f5f01b0b6e6fb510.jpg,normal,C:\Personal AI & ML PROJECTS\AI IN HEALTHCARE\MY PROJECT E PAARVAI\Dataset Katarak\train\normal\aug_0_5235_jpeg.rf.45b5729519d9d4b6f5f01b0b6e6fb510.jpg,7b3705502ef7df1a0351ef5c5e5738f08d8c335d24d3f6cf8375cde78547fa81,b670cb4b36b43552,VF_00662,1,train
dataset_katarak,train,aug_0_5238_jpeg.rf.86ada636499227934e9fd12bae2a8f6d.jpg,normal,C:\Personal AI & ML PROJECTS\AI IN HEALTHCARE\MY PROJECT E PAARVAI\Dataset Katarak\train\normal\aug_0_5238_jpeg.rf.86ada636499227934e9fd12bae2a8f6d.jpg,94d7b0c6c79da55a93fcad6fafcc79cf5ec6623b47512eaadc8b62614c631ee8,b67691599273c991,VF_00663,1,train
dataset_katarak,train,aug_0_525_jpeg.rf.703cb2e402ce6ccdf1e516e8bcf22422.jpg,normal,C:\Personal AI & ML PROJECTS\AI IN HEALTHCARE\MY PROJECT E PAARVAI\Dataset Katarak\train\normal\aug_0_525_jpeg.rf.703cb2e402ce6ccdf1e516e8bcf22422.jpg,c650cc8376e2a08409db9a3f2db6149c6ce83f46c91b859b7adb0f440cb25ac8,f386ccca33694d98,VF_00664,1,train
dataset_katarak,train,aug_0_5261_jpeg.rf.1f39afc42058175a266a9a650f53a4fd.jpg,normal,C:\Personal AI & ML PROJECTS\AI IN HEALTHCARE\MY PROJECT E PAARVAI\Dataset Katarak\train\normal\aug_0_5261_jpeg.rf.1f39afc42058175a266a9a650f53a4fd.jpg,10feb114eaefa84082aa1d2208eb3b38291d65b23214bb8218d932d4a60b2d21,b535c29b6fbc2450,VF_00665,1,train
dataset_katarak,train,aug_0_5266_jpeg.rf.5522d7e5845f78a1e41e800938d859f4.jpg,normal,C:\Personal AI & ML PROJECTS\AI IN HEALTHCARE\MY PROJECT E PAARVAI\Dataset Katarak\train\normal\aug_0_5266_jpeg.rf.5522d7e5845f78a1e41e800938d859f4.jpg,0ad711e4a3ed3e988c8b8fc6e95bf2973096d01cbd8957f3d4b8acaa6af21289,a525da5aab89b165,VF_00667,1,train
dataset_katarak,train,aug_0_5270_jpeg.rf.b45d2fe789566561486d7fc971737a18.jpg,normal,C:\Personal AI & ML PROJECTS\AI IN HEALTHCARE\MY PROJECT E PAARVAI\Dataset Katarak\train\normal\aug_0_5270_jpeg.rf.b45d2fe789566561486d7fc971737a18.jpg,f75dc6f508343955ab1711084f5f3c9d479841531cae5a74a2cd6a328e230523,b5cbc2644b346d36,VF_00668,1,train
dataset_katarak,train,aug_0_5274_jpeg.rf.aa5d9aba991940a52bc05fc9229434ec.jpg,normal,C:\Personal AI & ML PROJECTS\AI IN HEALTHCARE\MY PROJECT E PAARVAI\Dataset Katarak\train\normal\aug_0_5274_jpeg.rf.aa5d9aba991940a52bc05fc9229434ec.jpg,b6601ec955dac2aec4dddca84313391a855f44438b987d13193ea788dd5fe0e4,e7d898877118e399,VF_00669,1,train
dataset_katarak,train,aug_0_5290_jpeg.rf.1e6597f9578e8564c269626854bc9c5a.jpg,normal,C:\Personal AI & ML PROJECTS\AI IN HEALTHCARE\MY PROJECT E PAARVAI\Dataset Katarak\train\normal\aug_0_5290_jpeg.rf.1e6597f9578e8564c269626854bc9c5a.jpg,36f1e38f04a790a1fd37478da24a866012e10b29e7de29412374a6076c8b2d20,a60d9978e7c98c36,VF_00670,1,train
dataset_katarak,train,aug_0_5298_jpeg.rf.f17b3ccc144e846b5086977a437a4c3d.jpg,normal,C:\Personal AI & ML PROJECTS\AI IN HEALTHCARE\MY PROJECT E PAARVAI\Dataset Katarak\train\normal\aug_0_5298_jpeg.rf.f17b3ccc144e846b5086977a437a4c3d.jpg,e9cfb00064d8e89cd7baa295e2cd73a9564b1afd6ec3f6c91dc7016857571413,b491cb4b7c3d3530,VF_00671,1,train
dataset_katarak,train,aug_0_5303_jpeg.rf.6017d501fa8e844f69b0d8d6842e3a2c.jpg,normal,C:\Personal AI & ML PROJECTS\AI IN HEALTHCARE\MY PROJECT E PAARVAI\Dataset Katarak\train\normal\aug_0_5303_jpeg.rf.6017d501fa8e844f69b0d8d6842e3a2c.jpg,7aee7fa6ed0a7ea15917310839ce157335797f4640f4f446dbe0f15e809b0a63,b4edcd301c5b705c,VF_00672,1,train
dataset_katarak,train,aug_0_5310_jpeg.rf.5a405aabd8b252a67d035d6553e47265.jpg,normal,C:\Personal AI & ML PROJECTS\AI IN HEALTHCARE\MY PROJECT E PAARVAI\Dataset Katarak\train\normal\aug_0_5310_jpeg.rf.5a405aabd8b252a67d035d6553e47265.jpg,472d58966859ee006938f167da2cf3317b6c04b263994d9dfe656573cd5be230,a0cdcfd2241f333c,VF_00673,1,train
dataset_katarak,train,aug_0_5327_jpeg.rf.2d10eb894d6af884e88891159ffa18ec.jpg,normal,C:\Personal AI & ML PROJECTS\AI IN HEALTHCARE\MY PROJECT E PAARVAI\Dataset Katarak\train\normal\aug_0_5327_jpeg.rf.2d10eb894d6af884e88891159ffa18ec.jpg,d52f0a401489f419071fadb735b985397f9ab8fdb3080c3743f7503993355003,a0259fde60f10fc3,VF_00675,1,train
dataset_katarak,train,aug_0_534_jpeg.rf.919d24b387a3d87e5b9b93a59fb070f5.jpg,normal,C:\Personal AI & ML PROJECTS\AI IN HEALTHCARE\MY PROJECT E PAARVAI\Dataset Katarak\train\normal\aug_0_534_jpeg.rf.919d24b387a3d87e5b9b93a59fb070f5.jpg,e34cc5b9d01a7a4e4916c3b8a3a20f31597930969aaf95370dd3e7e5764f4556,e16186de39e9e074,VF_00676,1,train
dataset_katarak,train,aug_0_5360_jpeg.rf.a526a62a4436917fe456b7b4068b29e1.jpg,normal,C:\Personal AI & ML PROJECTS\AI IN HEALTHCARE\MY PROJECT E PAARVAI\Dataset Katarak\train\normal\aug_0_5360_jpeg.rf.a526a62a4436917fe456b7b4068b29e1.jpg,7723f65f6ec2da9869cd3cf930e9dd2ba13c4a987f43cf42fc16a86da0c0e8f5,b064d7db4a0bcbc8,VF_00678,1,train
dataset_katarak,train,aug_0_5371_jpeg.rf.fb2b32a78153ae2c714007ed52945a85.jpg,normal,C:\Personal AI & ML PROJECTS\AI IN HEALTHCARE\MY PROJECT E PAARVAI\Dataset Katarak\train\normal\aug_0_5371_jpeg.rf.fb2b32a78153ae2c714007ed52945a85.jpg,f1969bce92df77dd0b0b811ecf41c39fdfd2c0984bc2e2fc2919e5c03ff57b09,f421cf97b4609327,VF_00679,1,train
dataset_katarak,train,aug_0_5375_jpeg.rf.0b258078db392e8bd258cb41ee0e0fd5.jpg,normal,C:\Personal AI & ML PROJECTS\AI IN HEALTHCARE\MY PROJECT E PAARVAI\Dataset Katarak\train\normal\aug_0_5375_jpeg.rf.0b258078db392e8bd258cb41ee0e0fd5.jpg,ae071c948d5d3f60fa79149d72bb52941c084ca79790ee93b28c34526d064912,b02ccbb5ccd22c57,VF_00680,1,train
dataset_katarak,train,aug_0_5378_jpeg.rf.e99fef20e34185d2dcdba47c8dabe39f.jpg,normal,C:\Personal AI & ML PROJECTS\AI IN HEALTHCARE\MY PROJECT E PAARVAI\Dataset Katarak\train\normal\aug_0_5378_jpeg.rf.e99fef20e34185d2dcdba47c8dabe39f.jpg,101fe226e9d49afffdbe539d66199a324c25d31737e8408d4ea06029236666a8,bd59c2b62d4092af,VF_00681,1,train
dataset_katarak,train,aug_0_5387_jpeg.rf.d02c6468e2e73cb912a7e495d3a26c2f.jpg,normal,C:\Personal AI & ML PROJECTS\AI IN HEALTHCARE\MY PROJECT E PAARVAI\Dataset Katarak\train\normal\aug_0_5387_jpeg.rf.d02c6468e2e73cb912a7e495d3a26c2f.jpg,dcdd00c40f16183e566074a74ccface4bbff84fd814ae0d0728b7b5c7cd45203,ad2dc49242db6bca,VF_00682,1,train
dataset_katarak,train,aug_0_5396_jpeg.rf.5d940d82710fbf258ac6a5702f416947.jpg,normal,C:\Personal AI & ML PROJECTS\AI IN HEALTHCARE\MY PROJECT E PAARVAI\Dataset Katarak\train\normal\aug_0_5396_jpeg.rf.5d940d82710fbf258ac6a5702f416947.jpg,123e1144189418b069043423b9406a7413353b02028c7bd3c355d94acc8fc92b,bd82b02d52afd135,VF_00684,1,train
dataset_katarak,train,aug_0_5412_jpeg.rf.73e066efc4d3c5fe7d4ee282860c48c4.jpg,normal,C:\Personal AI & ML PROJECTS\AI IN HEALTHCARE\MY PROJECT E PAARVAI\Dataset Katarak\train\normal\aug_0_5412_jpeg.rf.73e066efc4d3c5fe7d4ee282860c48c4.jpg,026f62233ad5ae0676cdcb57d9a99ba9fc0bbc8d0b483aaf011436fef1b78852,b434cbcb486cad2b,VF_00686,1,train
dataset_katarak,train,aug_0_5421_jpeg.rf.cd996dc9ef5451a49d9ae6a8bea3b6f9.jpg,normal,C:\Personal AI & ML PROJECTS\AI IN HEALTHCARE\MY PROJECT E PAARVAI\Dataset Katarak\train\normal\aug_0_5421_jpeg.rf.cd996dc9ef5451a49d9ae6a8bea3b6f9.jpg,44eaf07dd765fd93e0fa9512cda7a4eea0718831e67056ebed975866d69195a6,e1e4961e28787d71,VF_00687,1,train
dataset_katarak,train,aug_0_542_jpeg.rf.1007873564bc01abd63a0ced6d032258.jpg,normal,C:\Personal AI & ML PROJECTS\AI IN HEALTHCARE\MY PROJECT E PAARVAI\Dataset Katarak\train\normal\aug_0_542_jpeg.rf.1007873564bc01abd63a0ced6d032258.jpg,4f9be78f3c6cd80a5e4e913e9adaa97709cebf03d23bce5dc27a4acff1bb99c1,abd4856a54e15a67,VF_00688,1,train
dataset_katarak,train,aug_0_544_jpeg.rf.cd427c698d033ba3802049ebbc7a385d.jpg,normal,C:\Personal AI & ML PROJECTS\AI IN HEALTHCARE\MY PROJECT E PAARVAI\Dataset Katarak\train\normal\aug_0_544_jpeg.rf.cd427c698d033ba3802049ebbc7a385d.jpg,50d94008def8424ae89a081a7f6b62f084ee6b259d73a4db0d82a92ae48d346d,f7119847657e0a35,VF_00690,1,train
dataset_katarak,train,aug_0_5451_jpeg.rf.ccc44e41c3f59dac79dd732027f6ec8c.jpg,normal,C:\Personal AI & ML PROJECTS\AI IN HEALTHCARE\MY PROJECT E PAARVAI\Dataset Katarak\train\normal\aug_0_5451_jpeg.rf.ccc44e41c3f59dac79dd732027f6ec8c.jpg,7969115eec776865394c009e77824305af3c9c0b18f5b934b4d60757ccee5e32,a53782da1a3c95b5,VF_00691,1,train
dataset_katarak,train,aug_0_5463_jpeg.rf.af4546e3ead1c222a95f2e4910274fba.jpg,normal,C:\Personal AI & ML PROJECTS\AI IN HEALTHCARE\MY PROJECT E PAARVAI\Dataset Katarak\train\normal\aug_0_5463_jpeg.rf.af4546e3ead1c222a95f2e4910274fba.jpg,8ad85112654967e28c3e9bacfb559439efd113d73be527c99b2846d4658f15a9,a0659f07c2d49f4b,VF_00692,1,train
dataset_katarak,train,aug_0_5476_jpeg.rf.385f33d1cd7c0dcee471ffdc34261d48.jpg,normal,C:\Personal AI & ML PROJECTS\AI IN HEALTHCARE\MY PROJECT E PAARVAI\Dataset Katarak\train\normal\aug_0_5476_jpeg.rf.385f33d1cd7c0dcee471ffdc34261d48.jpg,e696dab2286bef2d829ba3b20f41400726a13d43a39769dadf9bf7460e1790e3,e89f87383a15791a,VF_00693,1,train
dataset_katarak,train,aug_0_5488_jpeg.rf.ffb0c696e1b3550382654edcc3833e98.jpg,normal,C:\Personal AI & ML PROJECTS\AI IN HEALTHCARE\MY PROJECT E PAARVAI\Dataset Katarak\train\normal\aug_0_5488_jpeg.rf.ffb0c696e1b3550382654edcc3833e98.jpg,1bd0b2d2d13e5d18badd3996f4670504eac04db662716143d1e6d8d0c0191b0d,b5cacaad80d2cbcc,VF_00695,1,train
dataset_katarak,train,aug_0_550_jpeg.rf.a34e0bd8e0b7980a1297bf37d2f0618c.jpg,normal,C:\Personal AI & ML PROJECTS\AI IN HEALTHCARE\MY PROJECT E PAARVAI\Dataset Katarak\train\normal\aug_0_550_jpeg.rf.a34e0bd8e0b7980a1297bf37d2f0618c.jpg,bfbe4dab297737b9c3ed022479bdd19c675ca72d9fa94da505ff8c1ade00e9d1,9acda5324d383e69,VF_00698,1,train
dataset_katarak,train,aug_0_5523_jpeg.rf.a6551e2163b3202617362698df0eacaa.jpg,normal,C:\Personal AI & ML PROJECTS\AI IN HEALTHCARE\MY PROJECT E PAARVAI\Dataset Katarak\train\normal\aug_0_5523_jpeg.rf.a6551e2163b3202617362698df0eacaa.jpg,8f1666bc8baa2a47ef1813c05ff98b9fca63b6443388c55d91776a59056ece58,b4b6cb5b25a46256,VF_00700,1,train
dataset_katarak,train,aug_0_554_jpeg.rf.c64a83bf3dc130944e3a7c06f1933ae9.jpg,normal,C:\Personal AI & ML PROJECTS\AI IN HEALTHCARE\MY PROJECT E PAARVAI\Dataset Katarak\train\normal\aug_0_554_jpeg.rf.c64a83bf3dc130944e3a7c06f1933ae9.jpg,d26dc120ba2950b0d0d1242f04f89d2347b45c373e2646557dae33bbb33cebef,a232cd7da0f073c3,VF_00701,1,train
dataset_katarak,train,aug_0_5569_jpeg.rf.d8f11d97fdbc9dd677384d0e0e25e562.jpg,normal,C:\Personal AI & ML PROJECTS\AI IN HEALTHCARE\MY PROJECT E PAARVAI\Dataset Katarak\train\normal\aug_0_5569_jpeg.rf.d8f11d97fdbc9dd677384d0e0e25e562.jpg,37ce3d2102302eb305e2c1fa2cb6e75774850e7ad614cf105862134645e560d2,b0cdcbd4340b333d,VF_00702,1,train
dataset_katarak,train,aug_0_5576_jpeg.rf.b4bd5a30da9b0d215c3006204aa6cac5.jpg,normal,C:\Personal AI & ML PROJECTS\AI IN HEALTHCARE\MY PROJECT E PAARVAI\Dataset Katarak\train\normal\aug_0_5576_jpeg.rf.b4bd5a30da9b0d215c3006204aa6cac5.jpg,afbb682fde736488637f7580512036a5f7d6ab2e889430b86e07d2725c02bca0,f4708bcb3cbcac30,VF_00703,1,train
dataset_katarak,train,aug_0_5577_jpeg.rf.6ca18dc1e809eb2ec19c0d2e91cc19da.jpg,normal,C:\Personal AI & ML PROJECTS\AI IN HEALTHCARE\MY PROJECT E PAARVAI\Dataset Katarak\train\normal\aug_0_5577_jpeg.rf.6ca18dc1e809eb2ec19c0d2e91cc19da.jpg,ece2a4d7dc81a5de8a54cf3b0b49c740eeceac88b30625bff935bc2d77968626,b0728f8f0de8b4b4,VF_00704,1,train
dataset_katarak,train,aug_0_557_jpeg.rf.d6aecccd34426da986f097ae1f769751.jpg,normal,C:\Personal AI & ML PROJECTS\AI IN HEALTHCARE\MY PROJECT E PAARVAI\Dataset Katarak\train\normal\aug_0_557_jpeg.rf.d6aecccd34426da986f097ae1f769751.jpg,9a4380df7b8e50466d6dffddb166b1ccd39b59bc144df6b90912d116462ced45,b4cdcb913c0d123f,VF_00705,1,train
dataset_katarak,train,aug_0_5632_jpeg.rf.93b1e094fe1ec96e8731b64bf2bd233d.jpg,normal,C:\Personal AI & ML PROJECTS\AI IN HEALTHCARE\MY PROJECT E PAARVAI\Dataset Katarak\train\normal\aug_0_5632_jpeg.rf.93b1e094fe1ec96e8731b64bf2bd233d.jpg,54ee2fcdff329b214d69b7ebdcff0765927915830340924902d1ebf3a9cc8dfa,bd3cd2824aadad32,VF_00706,1,train
dataset_katarak,train,aug_0_5641_jpeg.rf.283fb79fc41949cfdd23438d43000755.jpg,normal,C:\Personal AI & ML PROJECTS\AI IN HEALTHCARE\MY PROJECT E PAARVAI\Dataset Katarak\train\normal\aug_0_5641_jpeg.rf.283fb79fc41949cfdd23438d43000755.jpg,dacbaf95aa44201006b5b7378d284ddf4cd3322a3490ced57b2f4862836a219c,f0708f0bdecc742c,VF_00707,1,train
dataset_katarak,train,aug_0_5648_jpeg.rf.ea9a9bf9bc7e062ad801c26a47e59def.jpg,normal,C:\Personal AI & ML PROJECTS\AI IN HEALTHCARE\MY PROJECT E PAARVAI\Dataset Katarak\train\normal\aug_0_5648_jpeg.rf.ea9a9bf9bc7e062ad801c26a47e59def.jpg,de11e1cda7b2ad08b6ced66eca8eebe528cf1eb2fa412ee34e66e5a67faa522d,e8608797059ade5e,VF_00708,1,train
dataset_katarak,train,aug_0_5673_jpeg.rf.449e25c1d3008bddbb4c311c2266cb59.jpg,normal,C:\Personal AI & ML PROJECTS\AI IN HEALTHCARE\MY PROJECT E PAARVAI\Dataset Katarak\train\normal\aug_0_5673_jpeg.rf.449e25c1d3008bddbb4c311c2266cb59.jpg,bf251396f04f469bff67acf40d09ca734347a89a7f60c6441a482e78478f1cd0,b4cbd2655a6d4a25,VF_00709,1,train
dataset_katarak,train,aug_0_5695_jpeg.rf.3901ff4a0600e7eec03ef42b62c0d6b6.jpg,normal,C:\Personal AI & ML PROJECTS\AI IN HEALTHCARE\MY PROJECT E PAARVAI\Dataset Katarak\train\normal\aug_0_5695_jpeg.rf.3901ff4a0600e7eec03ef42b62c0d6b6.jpg,f307571999e7b8b6a2f9864dc4dbd5fdf4247c4083bbdaeacde54ae7f1a710d7,e19e96611f6558a5,VF_00711,1,train
dataset_katarak,train,aug_0_5696_jpeg.rf.c73406a4f28b889a67f8217fa219bbb2.jpg,normal,C:\Personal AI & ML PROJECTS\AI IN HEALTHCARE\MY PROJECT E PAARVAI\Dataset Katarak\train\normal\aug_0_5696_jpeg.rf.c73406a4f28b889a67f8217fa219bbb2.jpg,d223c7ab1f90ccb3364d7f673848d52cab91811bf77d541fc31a062426bcf904,f520de0e1da868b7,VF_00712,1,train
dataset_katarak,train,aug_0_5766_jpeg.rf.4b70042970dc25012deb1ed214bd2a5d.jpg,normal,C:\Personal AI & ML PROJECTS\AI IN HEALTHCARE\MY PROJECT E PAARVAI\Dataset Katarak\train\normal\aug_0_5766_jpeg.rf.4b70042970dc25012deb1ed214bd2a5d.jpg,0ce95ff05ef71b05eb0cdfa9508ff56a007fbb8171fdc53b5d0ff4af1196598b,a4da98453bd8c53b,VF_00714,1,train
dataset_katarak,train,aug_0_5795_jpeg.rf.dd17c957820983be881d823d786cd198.jpg,normal,C:\Personal AI & ML PROJECTS\AI IN HEALTHCARE\MY PROJECT E PAARVAI\Dataset Katarak\train\normal\aug_0_5795_jpeg.rf.dd17c957820983be881d823d786cd198.jpg,041f6ab585874681ef9ded1b186d92a5d7251a0a09828fda95f7d998748d683b,a92197d617583a7a,VF_00717,1,train
dataset_katarak,train,aug_0_5873_jpeg.rf.cdb5895b36948e9d785a5868d5e05542.jpg,normal,C:\Personal AI & ML PROJECTS\AI IN HEALTHCARE\MY PROJECT E PAARVAI\Dataset Katarak\train\normal\aug_0_5873_jpeg.rf.cdb5895b36948e9d785a5868d5e05542.jpg,645a8cc9af6209eeccebd9042bb8e1f905101e61c2df69ea946cf16139c3f516,b08f8b340f03bc5f,VF_00722,1,train
dataset_katarak,train,aug_0_5875_jpeg.rf.9fefa4410e50501fb3d6de35a377006f.jpg,normal,C:\Personal AI & ML PROJECTS\AI IN HEALTHCARE\MY PROJECT E PAARVAI\Dataset Katarak\train\normal\aug_0_5875_jpeg.rf.9fefa4410e50501fb3d6de35a377006f.jpg,1227f1ac3fd4b7b8146a58248154410fb14f41492c808a7351d865aa95939d26,f672898972258bda,VF_00723,1,train
dataset_katarak,train,aug_0_5878_jpeg.rf.9cc18b7883ba0d3071b42f00d7da9544.jpg,normal,C:\Personal AI & ML PROJECTS\AI IN HEALTHCARE\MY PROJECT E PAARVAI\Dataset Katarak\train\normal\aug_0_5878_jpeg.rf.9cc18b7883ba0d3071b42f00d7da9544.jpg,07569f33b3f27f21a022f99d73a607e0e52fb655fcf8e3a982198f82eb99d3cc,b216cbcb8f2cac2c,VF_00726,1,train
dataset_katarak,train,aug_0_5885_jpeg.rf.d9e546c1ed0bee32e0c616d8e68f9ea7.jpg,normal,C:\Personal AI & ML PROJECTS\AI IN HEALTHCARE\MY PROJECT E PAARVAI\Dataset Katarak\train\normal\aug_0_5885_jpeg.rf.d9e546c1ed0bee32e0c616d8e68f9ea7.jpg,acf91d497c2aeb475e55188abdc88642ed2e63921c007b32ae476392c2be39e6,b835c2d7078dc89e,VF_00727,1,train
dataset_katarak,train,aug_0_5892_jpeg.rf.a6371ffcb0f1566a49b02b23326def6f.jpg,normal,C:\Personal AI & ML PROJECTS\AI IN HEALTHCARE\MY PROJECT E PAARVAI\Dataset Katarak\train\normal\aug_0_5892_jpeg.rf.a6371ffcb0f1566a49b02b23326def6f.jpg,96a50938fc187d95e52dd8c5c8bb2dab87c842937be5e70bc3552c393d8990f5,f09fd7704b96c01a,VF_00728,1,train
dataset_katarak,train,aug_0_5898_jpeg.rf.8396c59cfb59e102e1af3b3926b39b88.jpg,normal,C:\Personal AI & ML PROJECTS\AI IN HEALTHCARE\MY PROJECT E PAARVAI\Dataset Katarak\train\normal\aug_0_5898_jpeg.rf.8396c59cfb59e102e1af3b3926b39b88.jpg,c31b6fd6dfaa537a3f356db4d85db852790281f56d40c28c368301b610da64fd,a727949a5e86d998,VF_00729,1,train
dataset_katarak,train,aug_0_5904_jpeg.rf.0e75c8c498463eb7348f532fb7ec71eb.jpg,normal,C:\Personal AI & ML PROJECTS\AI IN HEALTHCARE\MY PROJECT E PAARVAI\Dataset Katarak\train\normal\aug_0_5904_jpeg.rf.0e75c8c498463eb7348f532fb7ec71eb.jpg,4fa6ed7c455f07115918075fc051821bf7c949df06d7177504c513bc3f8243fa,add2d46f502f4b24,VF_00730,1,train
dataset_katarak,train,aug_0_5977_jpeg.rf.3d1d4529f6c1a3b2a8aaffe93680fca0.jpg,normal,C:\Personal AI & ML PROJECTS\AI IN HEALTHCARE\MY PROJECT E PAARVAI\Dataset Katarak\train\normal\aug_0_5977_jpeg.rf.3d1d4529f6c1a3b2a8aaffe93680fca0.jpg,d8da3edac6aa29f4e2870aa5d7603c530a48c216fdf85aab47b8c3156082c525,e19e9e61d986e889,VF_00731,1,train
dataset_katarak,train,aug_0_5997_jpeg.rf.85c60adaa26df8530832d96bf009bef9.jpg,normal,C:\Personal AI & ML PROJECTS\AI IN HEALTHCARE\MY PROJECT E PAARVAI\Dataset Katarak\train\normal\aug_0_5997_jpeg.rf.85c60adaa26df8530832d96bf009bef9.jpg,4eb02efd8a498c523324f80a9237482c6e1eaa6965fc69b02a6ce5032653a0aa,9acdb132c51a0f79,VF_00733,1,train
dataset_katarak,train,aug_0_5998_jpeg.rf.f9e79d3a7bdb75ff50f33dcf6c741e0a.jpg,normal,C:\Personal AI & ML PROJECTS\AI IN HEALTHCARE\MY PROJECT E PAARVAI\Dataset Katarak\train\normal\aug_0_5998_jpeg.rf.f9e79d3a7bdb75ff50f33dcf6c741e0a.jpg,f19126e74ea583ab1f66faa67bcd5c9b6487fec922e3efaec0fe433683c70580,a52596da5a39a9a9,VF_00734,1,train
dataset_katarak,train,aug_0_6008_jpeg.rf.ab6d34b11f92bbeb85dfbc7043adf920.jpg,normal,C:\Personal AI & ML PROJECTS\AI IN HEALTHCARE\MY PROJECT E PAARVAI\Dataset Katarak\train\normal\aug_0_6008_jpeg.rf.ab6d34b11f92bbeb85dfbc7043adf920.jpg,26902e74e0585ec15e57a6445707aea4db8d2caf1d06e391b54228f6fe1be403,fc8bf03f00fd0239,VF_00735,1,train
dataset_katarak,train,aug_0_6012_jpeg.rf.5ed8e7aa5d9779d6628b1d1276347e80.jpg,normal,C:\Personal AI & ML PROJECTS\AI IN HEALTHCARE\MY PROJECT E PAARVAI\Dataset Katarak\train\normal\aug_0_6012_jpeg.rf.5ed8e7aa5d9779d6628b1d1276347e80.jpg,2c15b0aad5e708353b80e00e92ba97c7b778d4c6c7ce902ed01900b7441bcf39,b524dadf4d69c860,VF_00736,1,train
dataset_katarak,train,aug_0_6022_jpeg.rf.aaeee1f5c0fba637f7f391486404ce8d.jpg,normal,C:\Personal AI & ML PROJECTS\AI IN HEALTHCARE\MY PROJECT E PAARVAI\Dataset Katarak\train\normal\aug_0_6022_jpeg.rf.aaeee1f5c0fba637f7f391486404ce8d.jpg,5d607a904b21d37cba8216f9418d1720d7ca64ce37269ae57534960ba6f7129e,e7639c9e9a999818,VF_00737,1,train
dataset_katarak,train,aug_0_6068_jpeg.rf.6ca2dc94d4c747229dbb4a5a8c66c3c6.jpg,normal,C:\Personal AI & ML PROJECTS\AI IN HEALTHCARE\MY PROJECT E PAARVAI\Dataset Katarak\train\normal\aug_0_6068_jpeg.rf.6ca2dc94d4c747229dbb4a5a8c66c3c6.jpg,7f186039ec8abc8c8f02572a2f6ebbf45f185ff2aabcf047e3f520b9be122035,f19e96311d12f91a,VF_00738,1,train
dataset_katarak,train,aug_0_6069_jpeg.rf.d95a38e62cc4648fe4bae9eae2e3b993.jpg,normal,C:\Personal AI & ML PROJECTS\AI IN HEALTHCARE\MY PROJECT E PAARVAI\Dataset Katarak\train\normal\aug_0_6069_jpeg.rf.d95a38e62cc4648fe4bae9eae2e3b993.jpg,8d9151e6b8ca1b7aaa2e71fe85403fe2c5d168f18cb46b0f50cf0f256dad164e,f4f9c9b4345aa384,VF_00739,1,train
dataset_katarak,train,aug_0_6090_jpeg.rf.6fd3e008b4d5d1bd255572a53ea1120e.jpg,normal,C:\Personal AI & ML PROJECTS\AI IN HEALTHCARE\MY PROJECT E PAARVAI\Dataset Katarak\train\normal\aug_0_6090_jpeg.rf.6fd3e008b4d5d1bd255572a53ea1120e.jpg,4f8e7268d6a18672bd745592c3f84b6638485225f989dbab0688c4555101595c,a0219f8af91de671,VF_00741,1,train
dataset_katarak,train,aug_0_6105_jpeg.rf.9435c0cd4f16125d4596c83fb4b3a22c.jpg,normal,C:\Personal AI & ML PROJECTS\AI IN HEALTHCARE\MY PROJECT E PAARVAI\Dataset Katarak\train\normal\aug_0_6105_jpeg.rf.9435c0cd4f16125d4596c83fb4b3a22c.jpg,6b671016bb005cf6dc5c79c235690a77f991d17c57c1907931200e81a6638d2a,a2d8df21e08f863d,VF_00742,1,train
dataset_katarak,train,aug_0_6107_jpeg.rf.11ee2024b2d56d0d07fa6d3fd55d6a52.jpg,normal,C:\Personal AI & ML PROJECTS\AI IN HEALTHCARE\MY PROJECT E PAARVAI\Dataset Katarak\train\normal\aug_0_6107_jpeg.rf.11ee2024b2d56d0d07fa6d3fd55d6a52.jpg,edf5c87f574b2ce29c5485d1e0fb72331f3a388711dc8c3429cc00a27a901cfe,b213cd2d24b4b3d3,VF_00743,1,train
dataset_katarak,train,aug_0_6113_jpeg.rf.04dc36cc39346878c72c5282f329483a.jpg,normal,C:\Personal AI & ML PROJECTS\AI IN HEALTHCARE\MY PROJECT E PAARVAI\Dataset Katarak\train\normal\aug_0_6113_jpeg.rf.04dc36cc39346878c72c5282f329483a.jpg,7f89067474955d5b5767ff7ee0f878657d64033ce582fe8346f3eb3d50e220c6,a3639e8f014c9c3f,VF_00744,1,train
dataset_katarak,train,aug_0_6114_jpeg.rf.7c355c9b0bb27803d58b5b638a469d9d.jpg,normal,C:\Personal AI & ML PROJECTS\AI IN HEALTHCARE\MY PROJECT E PAARVAI\Dataset Katarak\train\normal\aug_0_6114_jpeg.rf.7c355c9b0bb27803d58b5b638a469d9d.jpg,3a3148992185d16e42871f173f87c0300bf2c080d847f1cce7891e862e778896,b2c9c934cf33cc92,VF_00745,1,train
dataset_katarak,train,aug_0_6135_jpeg.rf.174ea9bdba82dffdda5c9f25e8250cc8.jpg,normal,C:\Personal AI & ML PROJECTS\AI IN HEALTHCARE\MY PROJECT E PAARVAI\Dataset Katarak\train\normal\aug_0_6135_jpeg.rf.174ea9bdba82dffdda5c9f25e8250cc8.jpg,cc23ef8e6811777a354e1e4b0cfe7688426e6665507a5ba2f6782f128884a0ec,ffc0d03f02b6053e,VF_00746,1,train
dataset_katarak,train,aug_0_6176_jpeg.rf.418e40a8b663426af2ec109e6838a136.jpg,normal,C:\Personal AI & ML PROJECTS\AI IN HEALTHCARE\MY PROJECT E PAARVAI\Dataset Katarak\train\normal\aug_0_6176_jpeg.rf.418e40a8b663426af2ec109e6838a136.jpg,7a97668d23230fb8365e71861cb1c6a053fb5c85aca1a06044468e1563beed99,e88587787ae5c19c,VF_00748,1,train
dataset_katarak,train,aug_0_617_jpeg.rf.05245796e5a7d9bcca54ed71fe8c71f1.jpg,normal,C:\Personal AI & ML PROJECTS\AI IN HEALTHCARE\MY PROJECT E PAARVAI\Dataset Katarak\train\normal\aug_0_617_jpeg.rf.05245796e5a7d9bcca54ed71fe8c71f1.jpg,831eda4340e16637d13e927a27768d6b935516c8026fe39573924903ef8c16fb,e11a9ee138876d8e,VF_00750,1,train
dataset_katarak,train,aug_0_6186_jpeg.rf.f1a8228537b7cdf7c51ecf7805d77714.jpg,normal,C:\Personal AI & ML PROJECTS\AI IN HEALTHCARE\MY PROJECT E PAARVAI\Dataset Katarak\train\normal\aug_0_6186_jpeg.rf.f1a8228537b7cdf7c51ecf7805d77714.jpg,b45cade6c257e1a8643185cb104c58c5b66fec76dff2ae14ca37c78e085a5eac,b8e7c778264fd202,VF_00751,1,train
dataset_katarak,train,aug_0_6188_jpeg.rf.8a27d3fcf2696653872b90ab82207255.jpg,normal,C:\Personal AI & ML PROJECTS\AI IN HEALTHCARE\MY PROJECT E PAARVAI\Dataset Katarak\train\normal\aug_0_6188_jpeg.rf.8a27d3fcf2696653872b90ab82207255.jpg,100c3230f05160d36baeb80365790b768d26e8d3abcdb87a8345c059befe987f,b818c5a726b2d27d,VF_00752,1,train
dataset_katarak,train,aug_0_6202_jpeg.rf.24eb992680c59c5ec5284ea9e6daab81.jpg,normal,C:\Personal AI & ML PROJECTS\AI IN HEALTHCARE\MY PROJECT E PAARVAI\Dataset Katarak\train\normal\aug_0_6202_jpeg.rf.24eb992680c59c5ec5284ea9e6daab81.jpg,5d9c177bbde06692ff5355756790e74a4d117aaa4b4e9db338c52f7df710111b,e7d89ea51e619885,VF_00755,1,train
dataset_katarak,train,aug_0_6238_jpeg.rf.7f94d36c83c28b4b1ee9ad765e6edb11.jpg,normal,C:\Personal AI & ML PROJECTS\AI IN HEALTHCARE\MY PROJECT E PAARVAI\Dataset Katarak\train\normal\aug_0_6238_jpeg.rf.7f94d36c83c28b4b1ee9ad765e6edb11.jpg,c10b22d34f2a6b0e512bdf207947ffc3706b9dbd66d72b7a0ae043674bb0ae5b,bd31c24b2d3f30f0,VF_00758,1,train
dataset_katarak,train,aug_0_625_jpeg.rf.5a7953280449183a25e5bbd17c1dd4c3.jpg,normal,C:\Personal AI & ML PROJECTS\AI IN HEALTHCARE\MY PROJECT E PAARVAI\Dataset Katarak\train\normal\aug_0_625_jpeg.rf.5a7953280449183a25e5bbd17c1dd4c3.jpg,c4537620ec722a5026e766259c2148bca3b0485a3f8ec352d77f7acf205552f3,b012cf0fcc3c3673,VF_00759,1,train
dataset_katarak,train,aug_0_6261_jpeg.rf.3b3d3fba4c653e21e8b6f524eeb2c614.jpg,normal,C:\Personal AI & ML PROJECTS\AI IN HEALTHCARE\MY PROJECT E PAARVAI\Dataset Katarak\train\normal\aug_0_6261_jpeg.rf.3b3d3fba4c653e21e8b6f524eeb2c614.jpg,a2f95c5b405931e2c036f16fba941cc21f92ecd6a0c93f126eefc58a3b78fb2b,edf298857368c513,VF_00760,1,train
dataset_katarak,train,aug_0_6271_jpeg.rf.c3c28f89c843747bb0eb4bf965c8a628.jpg,normal,C:\Personal AI & ML PROJECTS\AI IN HEALTHCARE\MY PROJECT E PAARVAI\Dataset Katarak\train\normal\aug_0_6271_jpeg.rf.c3c28f89c843747bb0eb4bf965c8a628.jpg,c73717734ac23bdfc15cf21462ae66fdc0843adce4b732b7803b5c1fb2433f7a,a1459c1e61f17667,VF_00761,1,train
dataset_katarak,train,aug_0_6277_jpeg.rf.e26eba0ac292653e1bda2f41f32ed270.jpg,normal,C:\Personal AI & ML PROJECTS\AI IN HEALTHCARE\MY PROJECT E PAARVAI\Dataset Katarak\train\normal\aug_0_6277_jpeg.rf.e26eba0ac292653e1bda2f41f32ed270.jpg,136a08a67286c98a13a17331bcf4d4596d0e6b488eddd6eb08435426bec46113,f474c0c10b4f0fed,VF_00763,1,train
dataset_katarak,train,aug_0_6306_jpeg.rf.914103aca6fb42e16021d68eec5033d1.jpg,normal,C:\Personal AI & ML PROJECTS\AI IN HEALTHCARE\MY PROJECT E PAARVAI\Dataset Katarak\train\normal\aug_0_6306_jpeg.rf.914103aca6fb42e16021d68eec5033d1.jpg,1ad126fc8525ba78d8689f505d07d4e6dd727a06e4ea7931c1197e722b9b4cde,e1089ee1710af7f8,VF_00767,1,train
dataset_katarak,train,aug_0_640_jpeg.rf.8ca3e32f9eac0a93044d77100883d229.jpg,normal,C:\Personal AI & ML PROJECTS\AI IN HEALTHCARE\MY PROJECT E PAARVAI\Dataset Katarak\train\normal\aug_0_640_jpeg.rf.8ca3e32f9eac0a93044d77100883d229.jpg,7894462d6873b4228943a7286b59a06c70fabf07e973d18249c238b1c4af91f1,cf67c5b898b05872,VF_00769,1,train
dataset_katarak,train,aug_0_6447_jpeg.rf.04b5d2ac954b6d3a5996aeabce5cfb7f.jpg,normal,C:\Personal AI & ML PROJECTS\AI IN HEALTHCARE\MY PROJECT E PAARVAI\Dataset Katarak\train\normal\aug_0_6447_jpeg.rf.04b5d2ac954b6d3a5996aeabce5cfb7f.jpg,e0aeb37f2a2e7dcd3f74e8b7c5e39a9668dfd857a57ee059b589182d9fbee4cd,e19e96b11e277d02,VF_00770,1,train
dataset_katarak,train,aug_0_6449_jpeg.rf.7794fe1d5789ee70233d5fe7b8d705a4.jpg,normal,C:\Personal AI & ML PROJECTS\AI IN HEALTHCARE\MY PROJECT E PAARVAI\Dataset Katarak\train\normal\aug_0_6449_jpeg.rf.7794fe1d5789ee70233d5fe7b8d705a4.jpg,b3c43af14629519a30379feb83f05980da58201f10465a3a05ce97486d765aeb,b460c38b483cfcf6,VF_00771,1,train
dataset_katarak,train,aug_0_6457_jpeg.rf.5a5d8c4258769b870954c27c33c36a7e.jpg,normal,C:\Personal AI & ML PROJECTS\AI IN HEALTHCARE\MY PROJECT E PAARVAI\Dataset Katarak\train\normal\aug_0_6457_jpeg.rf.5a5d8c4258769b870954c27c33c36a7e.jpg,d84729385c73e203a05f1ab85f4a3beb7296230627d306c6ecf5bf2c165d6637,e1a0d597d7109cd3,VF_00773,1,train
dataset_katarak,train,aug_0_6466_jpeg.rf.3a9dd30f73ebcbab91691e777eb5b222.jpg,normal,C:\Personal AI & ML PROJECTS\AI IN HEALTHCARE\MY PROJECT E PAARVAI\Dataset Katarak\train\normal\aug_0_6466_jpeg.rf.3a9dd30f73ebcbab91691e777eb5b222.jpg,9bf4984ba33fb7c404468957ac5008bab74cfd99e1c6daa756f9ec0b80ab53d5,a3639c9c1a32b16f,VF_00774,1,train
dataset_katarak,train,aug_0_6468_jpeg.rf.392c8b26504f2d20649ec3317140b21a.jpg,normal,C:\Personal AI & ML PROJECTS\AI IN HEALTHCARE\MY PROJECT E PAARVAI\Dataset Katarak\train\normal\aug_0_6468_jpeg.rf.392c8b26504f2d20649ec3317140b21a.jpg,8a40dae558e4bbae022850c06e3c7501f129664e2fe3f6c6d48f17642d7e73dd,a12596da7a29a9e5,VF_00775,1,train
dataset_katarak,train,aug_0_6477_jpeg.rf.f4955d98ed341e86e016c90d8bdd71a8.jpg,normal,C:\Personal AI & ML PROJECTS\AI IN HEALTHCARE\MY PROJECT E PAARVAI\Dataset Katarak\train\normal\aug_0_6477_jpeg.rf.f4955d98ed341e86e016c90d8bdd71a8.jpg,facecaea1208d65f39679bcaf4c77900ad95d92c5d8f33c651dd03c14d6d52c7,e3bcbce35c0c6207,VF_00776,1,train
dataset_katarak,train,aug_0_6535_jpeg.rf.71aa7c80a307ed3505cf39fbb4ad9bbd.jpg,normal,C:\Personal AI & ML PROJECTS\AI IN HEALTHCARE\MY PROJECT E PAARVAI\Dataset Katarak\train\normal\aug_0_6535_jpeg.rf.71aa7c80a307ed3505cf39fbb4ad9bbd.jpg,92ad8f43e56f644e1b0fcd02d5924d7c48813e1299794c6e6a21981a4efc9a94,a525961e46c1d8fe,VF_00778,1,train
dataset_katarak,train,aug_0_6544_jpeg.rf.9e3069d0a5d0d44a3532049a15f1f916.jpg,normal,C:\Personal AI & ML PROJECTS\AI IN HEALTHCARE\MY PROJECT E PAARVAI\Dataset Katarak\train\normal\aug_0_6544_jpeg.rf.9e3069d0a5d0d44a3532049a15f1f916.jpg,80db1d731249fb163fadbd7dd3bd0d8af5bcf50c90d13e60efa0c8a1167741da,b434c3936fcf8348,VF_00780,1,train
dataset_katarak,train,aug_0_6602_jpeg.rf.e4a50e1866689f983eaff48fd8ad48ed.jpg,normal,C:\Personal AI & ML PROJECTS\AI IN HEALTHCARE\MY PROJECT E PAARVAI\Dataset Katarak\train\normal\aug_0_6602_jpeg.rf.e4a50e1866689f983eaff48fd8ad48ed.jpg,e0a131abd6ac4a447754181d8de0fa0bb36c46972b1c1fd1ad11e416f04b293e,b4cbcb3442b3ccb4,VF_00781,1,train
dataset_katarak,train,aug_0_6609_jpeg.rf.df8696ab937386f957a1b168cf5d3c47.jpg,normal,C:\Personal AI & ML PROJECTS\AI IN HEALTHCARE\MY PROJECT E PAARVAI\Dataset Katarak\train\normal\aug_0_6609_jpeg.rf.df8696ab937386f957a1b168cf5d3c47.jpg,1f9a5473d1f2c410121176e424970e4b45360fa61c270f6a3c7e5a2c2810dd9d,e08e8f7442b39ee8,VF_00782,1,train
dataset_katarak,train,aug_0_6662_jpeg.rf.20be44d804ad8cc809a4de6f7cbfb56e.jpg,normal,C:\Personal AI & ML PROJECTS\AI IN HEALTHCARE\MY PROJECT E PAARVAI\Dataset Katarak\train\normal\aug_0_6662_jpeg.rf.20be44d804ad8cc809a4de6f7cbfb56e.jpg,3cfc10e74f55b669926a4422eafa102caf6b298d911026c9ecbe31d45cf4dd21,a4eccaa1bd47b08d,VF_00784,1,train
dataset_katarak,train,aug_0_6678_jpeg.rf.11bf2127c8cee63c78e3e8ee01c36b76.jpg,normal,C:\Personal AI & ML PROJECTS\AI IN HEALTHCARE\MY PROJECT E PAARVAI\Dataset Katarak\train\normal\aug_0_6678_jpeg.rf.11bf2127c8cee63c78e3e8ee01c36b76.jpg,d1bdf90cff63cb6858366322c2fbd2c0b2984a1bb4e0349b5c0644956b117a2b,f5609ede3890e03b,VF_00786,1,train
dataset_katarak,train,aug_0_6690_jpeg.rf.7c6e0f1744a8f4d7828c442069b8a970.jpg,normal,C:\Personal AI & ML PROJECTS\AI IN HEALTHCARE\MY PROJECT E PAARVAI\Dataset Katarak\train\normal\aug_0_6690_jpeg.rf.7c6e0f1744a8f4d7828c442069b8a970.jpg,8ef416982868d688fbb7d40118fe8a896afc9c750fa602d5a00b76d916239e6a,e1219e9ef961e862,VF_00787,1,train
dataset_katarak,train,aug_0_66_jpeg.rf.b7ab10ae5fe6429e3ebfd26fed7e865c.jpg,normal,C:\Personal AI & ML PROJECTS\AI IN HEALTHCARE\MY PROJECT E PAARVAI\Dataset Katarak\train\normal\aug_0_66_jpeg.rf.b7ab10ae5fe6429e3ebfd26fed7e865c.jpg,ac9dbd98fba03884d0413d6372b2f854012f05f26bd22b6052070d604327c092,e7b0b1e75a1c230e,VF_00788,1,train
dataset_katarak,train,aug_0_6775_jpeg.rf.5058445bb4e8f2fec5ce3ef39bbb41ea.jpg,normal,C:\Personal AI & ML PROJECTS\AI IN HEALTHCARE\MY PROJECT E PAARVAI\Dataset Katarak\train\normal\aug_0_6775_jpeg.rf.5058445bb4e8f2fec5ce3ef39bbb41ea.jpg,e186ec9148780b05a635e6dfcb4c24a6ac073e2381f89bc2071b58316b0423f9,e19a9ee5a11e86a9,VF_00794,1,train
dataset_katarak,train,aug_0_6776_jpeg.rf.2324483dba55be0fda6b9c48ec822cd2.jpg,normal,C:\Personal AI & ML PROJECTS\AI IN HEALTHCARE\MY PROJECT E PAARVAI\Dataset Katarak\train\normal\aug_0_6776_jpeg.rf.2324483dba55be0fda6b9c48ec822cd2.jpg,7af76ac11d58b9dabbe63517732c27275846b3bc001eb8145a2dedd8e0b8c3df,e01c9fe37805279e,VF_00795,1,train
dataset_katarak,train,aug_0_6810_jpeg.rf.7102f7a110903f6c10dc173c6e1a6a6e.jpg,normal,C:\Personal AI & ML PROJECTS\AI IN HEALTHCARE\MY PROJECT E PAARVAI\Dataset Katarak\train\normal\aug_0_6810_jpeg.rf.7102f7a110903f6c10dc173c6e1a6a6e.jpg,3c2cabb36514f0ee4f5505116f2237608b6e555cfdbccef3b84129fa5ba043ee,cf67e49894b15ad0,VF_00801,1,train
dataset_katarak,train,aug_0_6811_jpeg.rf.9e3b0eb85defbc192ce01f99f0035fe1.jpg,normal,C:\Personal AI & ML PROJECTS\AI IN HEALTHCARE\MY PROJECT E PAARVAI\Dataset Katarak\train\normal\aug_0_6811_jpeg.rf.9e3b0eb85defbc192ce01f99f0035fe1.jpg,5070d81e60f35d384b3dcb4043a1975f3d635a9b89e5536a21da9ab4396c7898,e59ade215a56e906,VF_00802,1,train
dataset_katarak,train,aug_0_6835_jpeg.rf.363f0fb05ebd722321834120455c3862.jpg,normal,C:\Personal AI & ML PROJECTS\AI IN HEALTHCARE\MY PROJECT E PAARVAI\Dataset Katarak\train\normal\aug_0_6835_jpeg.rf.363f0fb05ebd722321834120455c3862.jpg,54a56d901f0249853f84d46723cad75b09ac0fd5fb795026de1c59aa75e09532,c29dfc629d44732c,VF_00803,1,train
dataset_katarak,train,aug_0_6927_jpeg.rf.ae58d0546b7054c6297803c9f6391d80.jpg,normal,C:\Personal AI & ML PROJECTS\AI IN HEALTHCARE\MY PROJECT E PAARVAI\Dataset Katarak\train\normal\aug_0_6927_jpeg.rf.ae58d0546b7054c6297803c9f6391d80.jpg,4720d5cf57c1476d85c07b1b9811d9cbfab76d40c18cc23d6a9b422f362b19ee,bc31c2d7078dc98e,VF_00806,1,train
dataset_katarak,train,aug_0_6933_jpeg.rf.33e27fd3b9ab46302700db7af6aa7690.jpg,normal,C:\Personal AI & ML PROJECTS\AI IN HEALTHCARE\MY PROJECT E PAARVAI\Dataset Katarak\train\normal\aug_0_6933_jpeg.rf.33e27fd3b9ab46302700db7af6aa7690.jpg,05d683dbe5476138e9b08bfae87dc02468fde454d0d2c7897909b0d6e202dc46,e525865e168f9e4a,VF_00807,1,train
dataset_katarak,train,aug_0_6976_jpeg.rf.d25eb63003298f8bb1a828ce71a88fe9.jpg,normal,C:\Personal AI & ML PROJECTS\AI IN HEALTHCARE\MY PROJECT E PAARVAI\Dataset Katarak\train\normal\aug_0_6976_jpeg.rf.d25eb63003298f8bb1a828ce71a88fe9.jpg,801ab87cde4d241fba953886b54119c183d54f9032057e8d14dd2e7cf9a09234,a198da6769cad10f,VF_00809,1,train
dataset_katarak,train,aug_0_6979_jpeg.rf.339dc8a5971844d2ba239a35f2100787.jpg,normal,C:\Personal AI & ML PROJECTS\AI IN HEALTHCARE\MY PROJECT E PAARVAI\Dataset Katarak\train\normal\aug_0_6979_jpeg.rf.339dc8a5971844d2ba239a35f2100787.jpg,c700fe017eb294cfa4ceb8fbd2b34b6679d257da93d948ce49e958cb8ff005bc,f47483c23dade930,VF_00810,1,train
dataset_katarak,train,aug_0_7007_jpeg.rf.a9d9a9abdff81ca551cce87cb55f01c2.jpg,normal,C:\Personal AI & ML PROJECTS\AI IN HEALTHCARE\MY PROJECT E PAARVAI\Dataset Katarak\train\normal\aug_0_7007_jpeg.rf.a9d9a9abdff81ca551cce87cb55f01c2.jpg,dea3b5ab6292a9447ccaae57b5f4dad96b7c22f8cb9a9c30cc9658b188f7d435,b53dc2924fcb804f,VF_00812,1,train
dataset_katarak,train,aug_0_7009_jpeg.rf.9c1e3b2294c7b556ed7f755dcba47ca5.jpg,normal,C:\Personal AI & ML PROJECTS\AI IN HEALTHCARE\MY PROJECT E PAARVAI\Dataset Katarak\train\normal\aug_0_7009_jpeg.rf.9c1e3b2294c7b556ed7f755dcba47ca5.jpg,93e58e1a74c371053043f0b70b9ba72a1b7c1e8704d88c0074bdadbd2b03ba20,a0559f1a68f03da7,VF_00813,1,train
dataset_katarak,train,aug_0_7030_jpeg.rf.1d4c3cf8f664466f732b8c1fb07d4b5a.jpg,normal,C:\Personal AI & ML PROJECTS\AI IN HEALTHCARE\MY PROJECT E PAARVAI\Dataset Katarak\train\normal\aug_0_7030_jpeg.rf.1d4c3cf8f664466f732b8c1fb07d4b5a.jpg,4f900063e0d1468403a1307a27a12bb8e58a39e2076cb6c0dff2776376d70983,a17d9ac26135c676,VF_00814,1,train
dataset_katarak,train,aug_0_706_jpeg.rf.76c088bce8d0fb5250cc9972f87bd022.jpg,normal,C:\Personal AI & ML PROJECTS\AI IN HEALTHCARE\MY PROJECT E PAARVAI\Dataset Katarak\train\normal\aug_0_706_jpeg.rf.76c088bce8d0fb5250cc9972f87bd022.jpg,5e6c0f26fb45e01c6a0c6fe380fb66d7f24b3b0f3cdc975fb5402999a8ae804e,f68d8936b4da9249,VF_00815,1,train
dataset_katarak,train,aug_0_7073_jpeg.rf.ef4cbaf258ff34af052e69d0b2af598f.jpg,normal,C:\Personal AI & ML PROJECTS\AI IN HEALTHCARE\MY PROJECT E PAARVAI\Dataset Katarak\train\normal\aug_0_7073_jpeg.rf.ef4cbaf258ff34af052e69d0b2af598f.jpg,d63b267a6597cbc0e25b8cb39295e326304dc75fd343c6b5b38a31c420b0b374,b474cbcbac24bc23,VF_00816,1,train
dataset_katarak,train,aug_0_7088_jpeg.rf.18ded4279d3caf184b273cb8dc93bfda.jpg,normal,C:\Personal AI & ML PROJECTS\AI IN HEALTHCARE\MY PROJECT E PAARVAI\Dataset Katarak\train\normal\aug_0_7088_jpeg.rf.18ded4279d3caf184b273cb8dc93bfda.jpg,480a3eb1574613561a7e8e9641814d369b0b05d2d67fc2e995884df2f0560895,aa2a95957a6aa8e3,VF_00818,1,train
dataset_katarak,train,aug_0_7093_jpeg.rf.57c4cd65a94a6aa6c58bec5709e24d1e.jpg,normal,C:\Personal AI & ML PROJECTS\AI IN HEALTHCARE\MY PROJECT E PAARVAI\Dataset Katarak\train\normal\aug_0_7093_jpeg.rf.57c4cd65a94a6aa6c58bec5709e24d1e.jpg,bbc80ee97dd446c0419bb6259af94c728c5510b68e063ce9962d7ff7c3c721fa,cf98f067182d6a39,VF_00819,1,train
dataset_katarak,train,aug_0_7113_jpeg.rf.042705f6251c9403c3934729323928ca.jpg,normal,C:\Personal AI & ML PROJECTS\AI IN HEALTHCARE\MY PROJECT E PAARVAI\Dataset Katarak\train\normal\aug_0_7113_jpeg.rf.042705f6251c9403c3934729323928ca.jpg,4ae53d7c5163939a3bdb8514f25cf5c522d6cbb24992a7c69ca2d57307b16243,e0e19f0e78f82761,VF_00821,1,train
dataset_katarak,train,aug_0_7130_jpeg.rf.07a31cfcc6d7628c4d370052bd8bc485.jpg,normal,C:\Personal AI & ML PROJECTS\AI IN HEALTHCARE\MY PROJECT E PAARVAI\Dataset Katarak\train\normal\aug_0_7130_jpeg.rf.07a31cfcc6d7628c4d370052bd8bc485.jpg,8f9d37eaea481ea8b195c2ce558d02bcfa668a2b286788102fb1d0c828492730,e0624f8f3f68e0f0,VF_00824,1,train
dataset_katarak,train,aug_0_7154_jpeg.rf.aaaa5f21ad9ce798047fc56132f5e244.jpg,normal,C:\Personal AI & ML PROJECTS\AI IN HEALTHCARE\MY PROJECT E PAARVAI\Dataset Katarak\train\normal\aug_0_7154_jpeg.rf.aaaa5f21ad9ce798047fc56132f5e244.jpg,bee16bca11c43f40e024625a6a96182d5892c2a8d4fe7bae7c4ff121ed769d7f,a23acd6d20e05f8f,VF_00825,1,train
dataset_katarak,train,aug_0_715_jpeg.rf.961d61d3b5c272a3192bcbd44bb938cb.jpg,normal,C:\Personal AI & ML PROJECTS\AI IN HEALTHCARE\MY PROJECT E PAARVAI\Dataset Katarak\train\normal\aug_0_715_jpeg.rf.961d61d3b5c272a3192bcbd44bb938cb.jpg,ccab81fa8820805cc3091469b8fa1460ea58040f6f4b4bb5ac28467216f27748,e09f97f891819e19,VF_00826,1,train
dataset_katarak,train,aug_0_7195_jpeg.rf.0b286fe8e10d1e08183f2faa94225404.jpg,normal,C:\Personal AI & ML PROJECTS\AI IN HEALTHCARE\MY PROJECT E PAARVAI\Dataset Katarak\train\normal\aug_0_7195_jpeg.rf.0b286fe8e10d1e08183f2faa94225404.jpg,6a7a05d43d152bbfc2b615cc9cdac8ae2883e6a8d88ec03168d5e78af0aee85a,b5cac2ad84d6cacc,VF_00827,1,train
dataset_katarak,train,aug_0_7200_jpeg.rf.9799815ca6d181def4c7b68afc8b88f5.jpg,normal,C:\Personal AI & ML PROJECTS\AI IN HEALTHCARE\MY PROJECT E PAARVAI\Dataset Katarak\train\normal\aug_0_7200_jpeg.rf.9799815ca6d181def4c7b68afc8b88f5.jpg,6699df6e5c3cea3df544cb1f72e12fbd989853f75bb28f19446001987b536579,c262fc9d19f262c6,VF_00828,1,train
dataset_katarak,train,aug_0_7211_jpeg.rf.8ff614ae2fafe732173996511539c390.jpg,normal,C:\Personal AI & ML PROJECTS\AI IN HEALTHCARE\MY PROJECT E PAARVAI\Dataset Katarak\train\normal\aug_0_7211_jpeg.rf.8ff614ae2fafe732173996511539c390.jpg,7b76ebce580a324129244b853230161ec199c20b2409d30e9aa0b458c167c0e7,f270c9cd4e76b0a1,VF_00829,1,train
dataset_katarak,train,aug_0_726_jpeg.rf.fb304ee7dec7a526aaade0fef12211c2.jpg,normal,C:\Personal AI & ML PROJECTS\AI IN HEALTHCARE\MY PROJECT E PAARVAI\Dataset Katarak\train\normal\aug_0_726_jpeg.rf.fb304ee7dec7a526aaade0fef12211c2.jpg,7abe7602ea589d17db80e74a231e39eb3e7d1f1ec34e0dee5ba5545ff0f9fc15,b4cbc2646b36a536,VF_00830,1,train
dataset_katarak,train,aug_0_7273_jpeg.rf.a689a463f5c2348a8b418d2395cb3a5b.jpg,normal,C:\Personal AI & ML PROJECTS\AI IN HEALTHCARE\MY PROJECT E PAARVAI\Dataset Katarak\train\normal\aug_0_7273_jpeg.rf.a689a463f5c2348a8b418d2395cb3a5b.jpg,33a1eea53886cb24e4135f78de27ecc41c6860d7cf3beb7151025c42c26c8970,f520ca4e9f8d499a,VF_00831,1,train
dataset_katarak,train,aug_0_7282_jpeg.rf.56a12760f9b1d506a16918f30b553958.jpg,normal,C:\Personal AI & ML PROJECTS\AI IN HEALTHCARE\MY PROJECT E PAARVAI\Dataset Katarak\train\normal\aug_0_7282_jpeg.rf.56a12760f9b1d506a16918f30b553958.jpg,7f36386a3016bedb4925ae81c59495948ef197b07f433e85984a6e034d53eda6,b43542db2b49b5e4,VF_00832,1,train
dataset_katarak,train,aug_0_7284_jpeg.rf.8f84f13b6f5e6c66edca8ec2c3ddfceb.jpg,normal,C:\Personal AI & ML PROJECTS\AI IN HEALTHCARE\MY PROJECT E PAARVAI\Dataset Katarak\train\normal\aug_0_7284_jpeg.rf.8f84f13b6f5e6c66edca8ec2c3ddfceb.jpg,d31b3ac88e3afd32db0b27a2341578f299497231fb7a8553d838229f92dbc3a8,e060938f5e1cf83b,VF_00833,1,train
dataset_katarak,train,aug_0_7296_jpeg.rf.2322ed2eb1e29637a9d3b9bf80d0496f.jpg,normal,C:\Personal AI & ML PROJECTS\AI IN HEALTHCARE\MY PROJECT E PAARVAI\Dataset Katarak\train\normal\aug_0_7296_jpeg.rf.2322ed2eb1e29637a9d3b9bf80d0496f.jpg,4a97b7cce18523b0fbf2ecdfe7812ee5aaffce81fd865c98f8e01bb056b533ec,f2a1cdd6b060999e,VF_00834,1,train
dataset_katarak,train,aug_0_7308_jpeg.rf.2e2999f7ad2f9789a34911a44c287a46.jpg,normal,C:\Personal AI & ML PROJECTS\AI IN HEALTHCARE\MY PROJECT E PAARVAI\Dataset Katarak\train\normal\aug_0_7308_jpeg.rf.2e2999f7ad2f9789a34911a44c287a46.jpg,4f664aa58d22b37463ad5b3af320aaa1e146fac8d81399e89eaecbe760417869,aa95856a55e3584f,VF_00836,1,train
dataset_katarak,train,aug_0_7325_jpeg.rf.4924373b398d5b29501370a2642c1b57.jpg,normal,C:\Personal AI & ML PROJECTS\AI IN HEALTHCARE\MY PROJECT E PAARVAI\Dataset Katarak\train\normal\aug_0_7325_jpeg.rf.4924373b398d5b29501370a2642c1b57.jpg,56ea237be9a5337afc04cd376f9186b69ac15f4037b2bbe087697be03383d47f,a5da1a257bdaa518,VF_00838,1,train
dataset_katarak,train,aug_0_7341_jpeg.rf.8cc7fbe249bc5fff3be2c82396b9cadb.jpg,normal,C:\Personal AI & ML PROJECTS\AI IN HEALTHCARE\MY PROJECT E PAARVAI\Dataset Katarak\train\normal\aug_0_7341_jpeg.rf.8cc7fbe249bc5fff3be2c82396b9cadb.jpg,d4a99c07cbef3da2077bd9826ef2e28c21e31a9fbfc21f8f9c035571f605b889,e11e9ee17807279c,VF_00840,1,train
dataset_katarak,train,aug_0_7347_jpeg.rf.cd2670ad20479e00aeffaed4ac4acb58.jpg,normal,C:\Personal AI & ML PROJECTS\AI IN HEALTHCARE\MY PROJECT E PAARVAI\Dataset Katarak\train\normal\aug_0_7347_jpeg.rf.cd2670ad20479e00aeffaed4ac4acb58.jpg,41c304ed4859b73b7063e739b5de373fe2d0f5974771f2b45d770f5fffe50f48,e19e9e6197669861,VF_00841,1,train
dataset_katarak,train,aug_0_7358_jpeg.rf.5e8f14856234c2eee09bdb7a356f4918.jpg,normal,C:\Personal AI & ML PROJECTS\AI IN HEALTHCARE\MY PROJECT E PAARVAI\Dataset Katarak\train\normal\aug_0_7358_jpeg.rf.5e8f14856234c2eee09bdb7a356f4918.jpg,77144b2263a39cc881a02bba1e41dc1ac2846d0ec47a412b7494ce3dc963566c,f7989a85754a2669,VF_00842,1,train
dataset_katarak,train,aug_0_7397_jpeg.rf.e71c28caa227b9b555a4904e928ae057.jpg,normal,C:\Personal AI & ML PROJECTS\AI IN HEALTHCARE\MY PROJECT E PAARVAI\Dataset Katarak\train\normal\aug_0_7397_jpeg.rf.e71c28caa227b9b555a4904e928ae057.jpg,9dae9255c6384ae539574a989652058b71ca2f91c14d2593a3455158dee16c82,c29ffc621d0d6239,VF_00844,1,train
dataset_katarak,train,aug_0_7398_jpeg.rf.8d4db4453a96935c420fa3574b8c336b.jpg,normal,C:\Personal AI & ML PROJECTS\AI IN HEALTHCARE\MY PROJECT E PAARVAI\Dataset Katarak\train\normal\aug_0_7398_jpeg.rf.8d4db4453a96935c420fa3574b8c336b.jpg,497f3986e78ad2babbe46c4baca1d9c21c42a442fcc437a44810b724bb1ce24f,e343b81c5cf322f8,VF_00845,1,train
dataset_katarak,train,aug_0_7418_jpeg.rf.2283c468b8eba4b97df00b4643060fd0.jpg,normal,C:\Personal AI & ML PROJECTS\AI IN HEALTHCARE\MY PROJECT E PAARVAI\Dataset Katarak\train\normal\aug_0_7418_jpeg.rf.2283c468b8eba4b97df00b4643060fd0.jpg,56c2486593cb3ebccc1dd0a093ff0aefb2e63eba1f473bba95b05365813fa189,a737aad838b52585,VF_00848,1,train
dataset_katarak,train,aug_0_7419_jpeg.rf.19162feb61ca7f897f8ab801115aac14.jpg,normal,C:\Personal AI & ML PROJECTS\AI IN HEALTHCARE\MY PROJECT E PAARVAI\Dataset Katarak\train\normal\aug_0_7419_jpeg.rf.19162feb61ca7f897f8ab801115aac14.jpg,acfa16e7e34093dda34ae901b407db85f7be3a23db1d06131b904302dbc63d66,e1de97601b17e858,VF_00849,1,train
dataset_katarak,train,aug_0_7429_jpeg.rf.8c54053cd0898970064c403dfc28f6c5.jpg,normal,C:\Personal AI & ML PROJECTS\AI IN HEALTHCARE\MY PROJECT E PAARVAI\Dataset Katarak\train\normal\aug_0_7429_jpeg.rf.8c54053cd0898970064c403dfc28f6c5.jpg,2595f24fdbdebe114e7da50863e2e28857fa321014667fda4c13c478e9c0a261,f270cdcd6e6ac620,VF_00851,1,train
dataset_katarak,train,aug_0_7449_jpeg.rf.f080d79ae21fb7e1bce92ac724aad627.jpg,normal,C:\Personal AI & ML PROJECTS\AI IN HEALTHCARE\MY PROJECT E PAARVAI\Dataset Katarak\train\normal\aug_0_7449_jpeg.rf.f080d79ae21fb7e1bce92ac724aad627.jpg,0c597b80699982bc1eef5eefb0418ce5fd7ef4ff01bd3277c74f42d85cd415f1,9737a1c8c8ee2687,VF_00852,1,train
dataset_katarak,train,aug_0_7477_jpeg.rf.b89fd9ed36bf5cdb08ebb914c11d83cd.jpg,normal,C:\Personal AI & ML PROJECTS\AI IN HEALTHCARE\MY PROJECT E PAARVAI\Dataset Katarak\train\normal\aug_0_7477_jpeg.rf.b89fd9ed36bf5cdb08ebb914c11d83cd.jpg,49e3c27c1169fbd6596ed9894856dcb1a08c5879ff5723b3746f4478221eeb60,e1ca9e211f9ea15c,VF_00853,1,train
dataset_katarak,train,aug_0_747_jpeg.rf.b830a7016442a686adccd256c3e574bd.jpg,normal,C:\Personal AI & ML PROJECTS\AI IN HEALTHCARE\MY PROJECT E PAARVAI\Dataset Katarak\train\normal\aug_0_747_jpeg.rf.b830a7016442a686adccd256c3e574bd.jpg,1e4afe67c944d264a3498d3022576edc8f19067504e161338815abea9f331c7b,f460d38b4ad8dcc9,VF_00854,1,train
dataset_katarak,train,aug_0_7535_jpeg.rf.51b868e2a518ba7216503df887268f8b.jpg,normal,C:\Personal AI & ML PROJECTS\AI IN HEALTHCARE\MY PROJECT E PAARVAI\Dataset Katarak\train\normal\aug_0_7535_jpeg.rf.51b868e2a518ba7216503df887268f8b.jpg,1f44fe08b50c1ddb33d0b5008a2be2a47a8585bf23da12e7b3afd62d2c3ff722,b0708b8f0decbcac,VF_00856,1,train
dataset_katarak,train,aug_0_7539_jpeg.rf.07bbc805f2deaa991f29f18bf273ed5b.jpg,normal,C:\Personal AI & ML PROJECTS\AI IN HEALTHCARE\MY PROJECT E PAARVAI\Dataset Katarak\train\normal\aug_0_7539_jpeg.rf.07bbc805f2deaa991f29f18bf273ed5b.jpg,822d5f8aeaa417f3d65fdc89590c6d91f042ca182a34be4ec0a31274a4fe23be,e0e39f1c78f82741,VF_00857,1,train
dataset_katarak,train,aug_0_7555_jpeg.rf.98d48a25e1b23b105aa726bfab30eff5.jpg,normal,C:\Personal AI & ML PROJECTS\AI IN HEALTHCARE\MY PROJECT E PAARVAI\Dataset Katarak\train\normal\aug_0_7555_jpeg.rf.98d48a25e1b23b105aa726bfab30eff5.jpg,602488edea2504ddb0a615fd2ae674ae07b9dbb52ef1194fb31c1d54d68ad4a5,f4decf28349f9140,VF_00858,1,train
dataset_katarak,train,aug_0_758_jpeg.rf.4e4de49528178afc96703a3c98568be8.jpg,normal,C:\Personal AI & ML PROJECTS\AI IN HEALTHCARE\MY PROJECT E PAARVAI\Dataset Katarak\train\normal\aug_0_758_jpeg.rf.4e4de49528178afc96703a3c98568be8.jpg,80da57905210d6e64ed891932f1411460352a11c012e3e11676bb8f027ddf279,f59c9e21386fe0c4,VF_00859,1,train
dataset_katarak,train,aug_0_7657_jpeg.rf.e486439b568c9bc6cd7d27ef36e87afe.jpg,normal,C:\Personal AI & ML PROJECTS\AI IN HEALTHCARE\MY PROJECT E PAARVAI\Dataset Katarak\train\normal\aug_0_7657_jpeg.rf.e486439b568c9bc6cd7d27ef36e87afe.jpg,25bf13035bb9e84754515540e4b722664ef50e83fe2b5b517d18efca1711660b,ad6d8396541f0f4a,VF_00863,1,train
dataset_katarak,train,aug_0_7659_jpeg.rf.f2a256e5eadc8f3e3ce6d1c8ba1e1e2d.jpg,normal,C:\Personal AI & ML PROJECTS\AI IN HEALTHCARE\MY PROJECT E PAARVAI\Dataset Katarak\train\normal\aug_0_7659_jpeg.rf.f2a256e5eadc8f3e3ce6d1c8ba1e1e2d.jpg,768f9145cbfb864f4c572bf2b127f0199e7c3794d222ad9db9379be48273c781,e7479a6ad1616326,VF_00864,1,train
dataset_katarak,train,aug_0_768_jpeg.rf.0864bbc6bba10431e93ea450492333ba.jpg,normal,C:\Personal AI & ML PROJECTS\AI IN HEALTHCARE\MY PROJECT E PAARVAI\Dataset Katarak\train\normal\aug_0_768_jpeg.rf.0864bbc6bba10431e93ea450492333ba.jpg,413eb08968c7637b7a7d56bcedc227ea53c5586a301c22efdd8f3fc83c3144d6,b4cbcbb40c527d0d,VF_00865,1,train
dataset_katarak,train,aug_0_7704_jpeg.rf.bf7f54008624c5e544e6fae4b1a7644f.jpg,normal,C:\Personal AI & ML PROJECTS\AI IN HEALTHCARE\MY PROJECT E PAARVAI\Dataset Katarak\train\normal\aug_0_7704_jpeg.rf.bf7f54008624c5e544e6fae4b1a7644f.jpg,296025ee5d9b5d763ba94f4b253bf042244aecebdd28d0c31805308fd392566a,b5b4ca492dad7234,VF_00866,1,train
dataset_katarak,train,aug_0_7713_jpeg.rf.6c8bc5211682fb62a9c95cd5b0bc4ddb.jpg,normal,C:\Personal AI & ML PROJECTS\AI IN HEALTHCARE\MY PROJECT E PAARVAI\Dataset Katarak\train\normal\aug_0_7713_jpeg.rf.6c8bc5211682fb62a9c95cd5b0bc4ddb.jpg,3ce253bfe8eea88f34ad6d77159e6180f8553d52324fa8deb0e86e93166980dd,f47483421f8fe938,VF_00867,1,train
dataset_katarak,train,aug_0_7723_jpeg.rf.1ad68ecb397e63c2fbe427abac2a1dc1.jpg,normal,C:\Personal AI & ML PROJECTS\AI IN HEALTHCARE\MY PROJECT E PAARVAI\Dataset Katarak\train\normal\aug_0_7723_jpeg.rf.1ad68ecb397e63c2fbe427abac2a1dc1.jpg,430547c545200f9ce9b0e9b37d9e20bca3de20de2f56d81c752ac216e14ba8e2,a2729987e73286e9,VF_00868,1,train
dataset_katarak,train,aug_0_778_jpeg.rf.995ec615925dbf4ee9003050051f7528.jpg,normal,C:\Personal AI & ML PROJECTS\AI IN HEALTHCARE\MY PROJECT E PAARVAI\Dataset Katarak\train\normal\aug_0_778_jpeg.rf.995ec615925dbf4ee9003050051f7528.jpg,12b3764841231bd3f8575bd2ac7682351214e662265d0bc82bc398c73a01d992,f08d4f702f83f00f,VF_00869,1,train
dataset_katarak,train,aug_0_780_jpeg.rf.bc38e952f07d215b331cdc026f3217cb.jpg,normal,C:\Personal AI & ML PROJECTS\AI IN HEALTHCARE\MY PROJECT E PAARVAI\Dataset Katarak\train\normal\aug_0_780_jpeg.rf.bc38e952f07d215b331cdc026f3217cb.jpg,36fd33727627bfa7de9c8e193787e07a48cfe41359c9e980c44220f648801ae7,ba8d90b691948d7e,VF_00870,1,train
dataset_katarak,train,aug_0_7830_jpeg.rf.7bf50bfba6d90ff2f566361fb67aadb6.jpg,normal,C:\Personal AI & ML PROJECTS\AI IN HEALTHCARE\MY PROJECT E PAARVAI\Dataset Katarak\train\normal\aug_0_7830_jpeg.rf.7bf50bfba6d90ff2f566361fb67aadb6.jpg,0a3370c235ffcc950a385980439b19077834263681b71f4a300012473cfb00a4,cf98e7f094632487,VF_00872,1,train
dataset_katarak,train,aug_0_7840_jpeg.rf.27d4039a7c1ce4d54452f686ad30529e.jpg,normal,C:\Personal AI & ML PROJECTS\AI IN HEALTHCARE\MY PROJECT E PAARVAI\Dataset Katarak\train\normal\aug_0_7840_jpeg.rf.27d4039a7c1ce4d54452f686ad30529e.jpg,d6d067c85b83f78cb8e64726a5a655497489a92996a7391307d799490ef757e3,f2cdcd90304dcb74,VF_00874,1,train
dataset_katarak,train,aug_0_7862_jpeg.rf.425d6f2db81ba17455d06068f4b7ae06.jpg,normal,C:\Personal AI & ML PROJECTS\AI IN HEALTHCARE\MY PROJECT E PAARVAI\Dataset Katarak\train\normal\aug_0_7862_jpeg.rf.425d6f2db81ba17455d06068f4b7ae06.jpg,674c10643b02e12350eaaaa068421a474431b28f6121d62976e9e37408212328,e40c9b3b739785c4,VF_00877,1,train
dataset_katarak,train,aug_0_7901_jpeg.rf.0fef9b31e1e40d790a30c2bdcaeff4d1.jpg,normal,C:\Personal AI & ML PROJECTS\AI IN HEALTHCARE\MY PROJECT E PAARVAI\Dataset Katarak\train\normal\aug_0_7901_jpeg.rf.0fef9b31e1e40d790a30c2bdcaeff4d1.jpg,5a4cb0fa511bfb87735b12b5b339ab28541303c0377ea1dadda233f17c1f4c91,a29d9f700b939ce8,VF_00880,1,train
dataset_katarak,train,aug_0_7907_jpeg.rf.1eb27d817ee7a6cb2f23218e8ebc7cdb.jpg,normal,C:\Personal AI & ML PROJECTS\AI IN HEALTHCARE\MY PROJECT E PAARVAI\Dataset Katarak\train\normal\aug_0_7907_jpeg.rf.1eb27d817ee7a6cb2f23218e8ebc7cdb.jpg,4062fcfafaa894a577b4cb4feb18d4576ebe31dd46b37010aa1027e8c6960780,b48bc37d4b42adc1,VF_00881,1,train
dataset_katarak,train,aug_0_791_jpeg.rf.181420c8722a1ddfe81f2cdd6749283c.jpg,normal,C:\Personal AI & ML PROJECTS\AI IN HEALTHCARE\MY PROJECT E PAARVAI\Dataset Katarak\train\normal\aug_0_791_jpeg.rf.181420c8722a1ddfe81f2cdd6749283c.jpg,fac58dae21a0f844aac5cd8ee427038c9555dac45f591a3e88fbb20df461e764,a1ce92251ed32d4f,VF_00882,1,train
dataset_katarak,train,aug_0_7996_jpeg.rf.8f2a84a69b5aad7e0dd124abe309a8d7.jpg,normal,C:\Personal AI & ML PROJECTS\AI IN HEALTHCARE\MY PROJECT E PAARVAI\Dataset Katarak\train\normal\aug_0_7996_jpeg.rf.8f2a84a69b5aad7e0dd124abe309a8d7.jpg,dd2d87bbbb828d00fe2b79f06ff0348f55e3cb582043a49de1620cbacebdb242,a737d8c8a3708e87,VF_00883,1,train
dataset_katarak,train,aug_0_8000_jpeg.rf.f913d668f4708077d842648cfca5a431.jpg,normal,C:\Personal AI & ML PROJECTS\AI IN HEALTHCARE\MY PROJECT E PAARVAI\Dataset Katarak\train\normal\aug_0_8000_jpeg.rf.f913d668f4708077d842648cfca5a431.jpg,e133ab4e6a45096a1e3b0dc740e14cb24ba50ffe4c82b35300b5fb75896a477b,b2e5e5b681ede402,VF_00884,1,train
dataset_katarak,train,aug_0_8008_jpeg.rf.0b7ff102b3818c880ec8f3c6dc7266b6.jpg,normal,C:\Personal AI & ML PROJECTS\AI IN HEALTHCARE\MY PROJECT E PAARVAI\Dataset Katarak\train\normal\aug_0_8008_jpeg.rf.0b7ff102b3818c880ec8f3c6dc7266b6.jpg,7560325df679bc1edeeb05acfb0183047430fa695e02d27f1334a712c7d64995,a72d9c42631ddec2,VF_00885,1,train
dataset_katarak,train,aug_0_8020_jpeg.rf.83c5e145c0105351bd8dedaa4450fabc.jpg,normal,C:\Personal AI & ML PROJECTS\AI IN HEALTHCARE\MY PROJECT E PAARVAI\Dataset Katarak\train\normal\aug_0_8020_jpeg.rf.83c5e145c0105351bd8dedaa4450fabc.jpg,952cc0a7f7eb3b0ace1c117d386849ebcf40114b7002edb74cc5264de0f608ce,f929d6971a4938a9,VF_00887,1,train
dataset_katarak,train,aug_0_8041_jpeg.rf.f09682a37d75030533dc413070747b5b.jpg,normal,C:\Personal AI & ML PROJECTS\AI IN HEALTHCARE\MY PROJECT E PAARVAI\Dataset Katarak\train\normal\aug_0_8041_jpeg.rf.f09682a37d75030533dc413070747b5b.jpg,0583587b1677d167cb5618453f7f3c89047b42371a5d6d4d040d2dde5fca6806,b49bc3344ac3fc0b,VF_00889,1,train
dataset_katarak,train,aug_0_8043_jpeg.rf.45c8c7daf9f6b6b242c67dcf5387a921.jpg,normal,C:\Personal AI & ML PROJECTS\AI IN HEALTHCARE\MY PROJECT E PAARVAI\Dataset Katarak\train\normal\aug_0_8043_jpeg.rf.45c8c7daf9f6b6b242c67dcf5387a921.jpg,087f5a79e825adf2b9dcbb1996e2f397aa72cfc94a5f1c1b1d874f4359e73bc9,e06097d71ee8e863,VF_00890,1,train
dataset_katarak,train,aug_0_8070_jpeg.rf.317679cc5a753b74a298c1b0068ff5f3.jpg,normal,C:\Personal AI & ML PROJECTS\AI IN HEALTHCARE\MY PROJECT E PAARVAI\Dataset Katarak\train\normal\aug_0_8070_jpeg.rf.317679cc5a753b74a298c1b0068ff5f3.jpg,434f20f7b942ee5e7c41a9006a43a356d41cb60bb9e6f5f58f8b72aead350982,a3bd9ce2212f7690,VF_00891,1,train
dataset_katarak,train,aug_0_8082_jpeg.rf.c17552749e5f0500d2ef4a5599084253.jpg,normal,C:\Personal AI & ML PROJECTS\AI IN HEALTHCARE\MY PROJECT E PAARVAI\Dataset Katarak\train\normal\aug_0_8082_jpeg.rf.c17552749e5f0500d2ef4a5599084253.jpg,357e81afd3315567ed95c6a52858aa0879a04d0d3712cf08a48ab0c4d0d35f7f,b030cb6fb4b0d38b,VF_00892,1,train
dataset_katarak,train,aug_0_8097_jpeg.rf.4c76b0888e4219cf8f2ea9c177db308c.jpg,normal,C:\Personal AI & ML PROJECTS\AI IN HEALTHCARE\MY PROJECT E PAARVAI\Dataset Katarak\train\normal\aug_0_8097_jpeg.rf.4c76b0888e4219cf8f2ea9c177db308c.jpg,42a0047bb7447aeece398e1b239926f636a3d8719814d452ee9eec847e0f9190,f530829a5e5a9cb9,VF_00893,1,train
dataset_katarak,train,aug_0_809_jpeg.rf.ba7fe5ad8a3d21641522a95925661c78.jpg,normal,C:\Personal AI & ML PROJECTS\AI IN HEALTHCARE\MY PROJECT E PAARVAI\Dataset Katarak\train\normal\aug_0_809_jpeg.rf.ba7fe5ad8a3d21641522a95925661c78.jpg,a5106106cf4c449167ba912146b5f7ff50299edf0d207ed329fba8c70692ca95,e19f87281e17f81c,VF_00894,1,train
dataset_katarak,train,aug_0_8156_jpeg.rf.d216bd0af4d6abc1da217fd37a4edc24.jpg,normal,C:\Personal AI & ML PROJECTS\AI IN HEALTHCARE\MY PROJECT E PAARVAI\Dataset Katarak\train\normal\aug_0_8156_jpeg.rf.d216bd0af4d6abc1da217fd37a4edc24.jpg,f3201350b855f3101562a8bffc7b4086fbecac85d83a9cb87a055299f3df4ca8,f2628d8db6259b92,VF_00895,1,train
dataset_katarak,train,aug_0_8172_jpeg.rf.aab46f0f7c5ba1e0d74a24de27faface.jpg,normal,C:\Personal AI & ML PROJECTS\AI IN HEALTHCARE\MY PROJECT E PAARVAI\Dataset Katarak\train\normal\aug_0_8172_jpeg.rf.aab46f0f7c5ba1e0d74a24de27faface.jpg,8eeebee65cab7b9f025d249d068eefbdde1caf3a7a6cf3e9e9f791684be2f2ce,e19e9ea11e64d8a5,VF_00896,1,train
dataset_katarak,train,aug_0_8175_jpeg.rf.148e2587b7bcd62aa0dbf8549c092882.jpg,normal,C:\Personal AI & ML PROJECTS\AI IN HEALTHCARE\MY PROJECT E PAARVAI\Dataset Katarak\train\normal\aug_0_8175_jpeg.rf.148e2587b7bcd62aa0dbf8549c092882.jpg,cc39375bf87fa0166dac18f78b86157f925c7189c67f649610af497b4c0435c8,b48bcb348ed3bcc0,VF_00897,1,train
dataset_katarak,train,aug_0_8180_jpeg.rf.3b9dfc1e83ed6c8c91757bfaabcf5946.jpg,normal,C:\Personal AI & ML PROJECTS\AI IN HEALTHCARE\MY PROJECT E PAARVAI\Dataset Katarak\train\normal\aug_0_8180_jpeg.rf.3b9dfc1e83ed6c8c91757bfaabcf5946.jpg,fd5f28832ba826a523b0fb8fe667659f1027592c0eb63eab698712e78f6c703c,a13192da1e0fbdb8,VF_00898,1,train
dataset_katarak,train,aug_0_8222_jpeg.rf.feaa75a71b3b36220a50e4fdc1bdf980.jpg,normal,C:\Personal AI & ML PROJECTS\AI IN HEALTHCARE\MY PROJECT E PAARVAI\Dataset Katarak\train\normal\aug_0_8222_jpeg.rf.feaa75a71b3b36220a50e4fdc1bdf980.jpg,15c7ab86ecb955131da175a90ba8fab0cf07556f0f787afa3e7f6b5f5ddf2617,a0709f8f183cbcb3,VF_00899,1,train
dataset_katarak,train,aug_0_8239_jpeg.rf.781ddd500b6f8dcf66cf47f9c410b102.jpg,normal,C:\Personal AI & ML PROJECTS\AI IN HEALTHCARE\MY PROJECT E PAARVAI\Dataset Katarak\train\normal\aug_0_8239_jpeg.rf.781ddd500b6f8dcf66cf47f9c410b102.jpg,67fb02a92e2bdec81fdd6c1afa702f87da0d2d1b58b3cb6da714fbaecf5f3ace,b412cdcf1ca470bb,VF_00900,1,train
dataset_katarak,train,aug_0_8265_jpeg.rf.c365aed10a49359e99a78f9b263fe615.jpg,normal,C:\Personal AI & ML PROJECTS\AI IN HEALTHCARE\MY PROJECT E PAARVAI\Dataset Katarak\train\normal\aug_0_8265_jpeg.rf.c365aed10a49359e99a78f9b263fe615.jpg,d5865635bd63c371091359a07e57369601162353489f42c4d9316340d2fd529c,f270c9c94e76f4a0,VF_00901,1,train
dataset_katarak,train,aug_0_8275_jpeg.rf.05b07f9c3d59137d320d4fcbde07121a.jpg,normal,C:\Personal AI & ML PROJECTS\AI IN HEALTHCARE\MY PROJECT E PAARVAI\Dataset Katarak\train\normal\aug_0_8275_jpeg.rf.05b07f9c3d59137d320d4fcbde07121a.jpg,16fd513333f64b546bf7f35cf94fcf56c8ca01c53074084671c4b509180acec7,b47ccb4a35b552c2,VF_00902,1,train
dataset_katarak,train,aug_0_8277_jpeg.rf.8207b783f0dafd49c7c8ccb3b651423a.jpg,normal,C:\Personal AI & ML PROJECTS\AI IN HEALTHCARE\MY PROJECT E PAARVAI\Dataset Katarak\train\normal\aug_0_8277_jpeg.rf.8207b783f0dafd49c7c8ccb3b651423a.jpg,8d03aa06f267142b23280f29ab1bf7a3d2068c59ebc297f62731ae618d4d2b6d,e09787383a61d7e1,VF_00903,1,train
dataset_katarak,train,aug_0_8278_jpeg.rf.fbc67d4ef8b0568f80202adbe53d9ef4.jpg,normal,C:\Personal AI & ML PROJECTS\AI IN HEALTHCARE\MY PROJECT E PAARVAI\Dataset Katarak\train\normal\aug_0_8278_jpeg.rf.fbc67d4ef8b0568f80202adbe53d9ef4.jpg,e9eb1e1665571e4a992a14a8bb0619570bd31039a0b8b5720a2e28ead5877d33,e7d89aa55e629984,VF_00904,1,train
dataset_katarak,train,aug_0_8334_jpeg.rf.930a98f15869cefd61c654f07624e437.jpg,normal,C:\Personal AI & ML PROJECTS\AI IN HEALTHCARE\MY PROJECT E PAARVAI\Dataset Katarak\train\normal\aug_0_8334_jpeg.rf.930a98f15869cefd61c654f07624e437.jpg,05d6c8b607125bea98fc402b2ad50030de8f1dd4572d6c37cc44fdf8d1327b3a,f221cd96b6619327,VF_00906,1,train
dataset_katarak,train,aug_0_8342_jpeg.rf.72fba2012c9cd2252b2f6936148d6121.jpg,normal,C:\Personal AI & ML PROJECTS\AI IN HEALTHCARE\MY PROJECT E PAARVAI\Dataset Katarak\train\normal\aug_0_8342_jpeg.rf.72fba2012c9cd2252b2f6936148d6121.jpg,e310d6b83ed486aec6958d8f7f5dd615a19d18ca70a2c5a4245d1f73c0b347aa,e7869a5839696571,VF_00907,1,train
dataset_katarak,train,aug_0_8351_jpeg.rf.17b5cb5431dc53d2ed854a865b39fc58.jpg,normal,C:\Personal AI & ML PROJECTS\AI IN HEALTHCARE\MY PROJECT E PAARVAI\Dataset Katarak\train\normal\aug_0_8351_jpeg.rf.17b5cb5431dc53d2ed854a865b39fc58.jpg,d9f0a908d221ed9e12f59006646601709b6290c35f5738d2092c8958c822a84d,f7a6ccc2b3618998,VF_00908,1,train
dataset_katarak,train,aug_0_8364_jpeg.rf.8472feb2ca211445a88f9769de7bfde8.jpg,normal,C:\Personal AI & ML PROJECTS\AI IN HEALTHCARE\MY PROJECT E PAARVAI\Dataset Katarak\train\normal\aug_0_8364_jpeg.rf.8472feb2ca211445a88f9769de7bfde8.jpg,ec5db50802c3730bddac6167f6084983c93107299cf0cd5e7d9fe26da40aef61,a7ac9ce2631df2c0,VF_00909,1,train
dataset_katarak,train,aug_0_8388_jpeg.rf.cf8468198e26000c2234a9377e4eb4f1.jpg,normal,C:\Personal AI & ML PROJECTS\AI IN HEALTHCARE\MY PROJECT E PAARVAI\Dataset Katarak\train\normal\aug_0_8388_jpeg.rf.cf8468198e26000c2234a9377e4eb4f1.jpg,767d43a0f343f533ef204e5da0346f5ed5fc2751cc2a9b749dbe6ce512ebfcd2,aa2a8595563a7aea,VF_00913,1,train
dataset_katarak,train,aug_0_839_jpeg.rf.ac4010a1730f87affe83776988d38666.jpg,normal,C:\Personal AI & ML PROJECTS\AI IN HEALTHCARE\MY PROJECT E PAARVAI\Dataset Katarak\train\normal\aug_0_839_jpeg.rf.ac4010a1730f87affe83776988d38666.jpg,592a3207d5b26b7bcb5c054a273554bdf6f42aed74a54fee77e019ff2249986b,e5679a7861a54696,VF_00915,1,train
dataset_katarak,train,aug_0_8452_jpeg.rf.702cb8d0aca458a8b15d37d23535be51.jpg,normal,C:\Personal AI & ML PROJECTS\AI IN HEALTHCARE\MY PROJECT E PAARVAI\Dataset Katarak\train\normal\aug_0_8452_jpeg.rf.702cb8d0aca458a8b15d37d23535be51.jpg,a8fc5691a19f4dd3c1a1d5524c2244ba173b7fc18326f6066faccf542c32bd9a,9a728d693e3670b1,VF_00917,1,train
dataset_katarak,train,aug_0_8466_jpeg.rf.7b9d5fd97a2fecb116a335fe6735d7a3.jpg,normal,C:\Personal AI & ML PROJECTS\AI IN HEALTHCARE\MY PROJECT E PAARVAI\Dataset Katarak\train\normal\aug_0_8466_jpeg.rf.7b9d5fd97a2fecb116a335fe6735d7a3.jpg,f7550903bcb9682948cfd334c3b92f3010fbf92964883e4c8486b903eaadc6fc,a065da9969b5d4c6,VF_00919,1,train
dataset_katarak,train,aug_0_8471_jpeg.rf.5163c3c6342ed6c83013db8466154685.jpg,normal,C:\Personal AI & ML PROJECTS\AI IN HEALTHCARE\MY PROJECT E PAARVAI\Dataset Katarak\train\normal\aug_0_8471_jpeg.rf.5163c3c6342ed6c83013db8466154685.jpg,8f3f2b4de5d90f0c4b9b022c765a36f1a6270cbf1eb86a900f20636940077892,f474d3d390858bd2,VF_00920,1,train
dataset_katarak,train,aug_0_847_jpeg.rf.f90a43263c4ef9277ee80462c061cc05.jpg,normal,C:\Personal AI & ML PROJECTS\AI IN HEALTHCARE\MY PROJECT E PAARVAI\Dataset Katarak\train\normal\aug_0_847_jpeg.rf.f90a43263c4ef9277ee80462c061cc05.jpg,894a51e2f4b0debb6dac0df3e756def6cce06c65f653f8435b1ac15a54da065f,b6e9c9b64638b740,VF_00921,1,train
dataset_katarak,train,aug_0_84_jpeg.rf.fffbe814b7fb8753524cd216f3ea0a48.jpg,normal,C:\Personal AI & ML PROJECTS\AI IN HEALTHCARE\MY PROJECT E PAARVAI\Dataset Katarak\train\normal\aug_0_84_jpeg.rf.fffbe814b7fb8753524cd216f3ea0a48.jpg,d563dedc3869b6d1b987fc48ca979ecab2893e37a84d7bb92eec78456c5e7ebe,e343949c73e3e09c,VF_00923,1,train
dataset_katarak,train,aug_0_8532_jpeg.rf.cd3fec7bc7f5152e0d783c11e905ebe9.jpg,normal,C:\Personal AI & ML PROJECTS\AI IN HEALTHCARE\MY PROJECT E PAARVAI\Dataset Katarak\train\normal\aug_0_8532_jpeg.rf.cd3fec7bc7f5152e0d783c11e905ebe9.jpg,18fe86be74e8e2ff40e4360300eabc2f90d1044bfaa1654c1c749901ecebfebd,f77288c8b52592b6,VF_00925,1,train
dataset_katarak,train,aug_0_8542_jpeg.rf.a8141ca50b73bc19fe98b27a1d267192.jpg,normal,C:\Personal AI & ML PROJECTS\AI IN HEALTHCARE\MY PROJECT E PAARVAI\Dataset Katarak\train\normal\aug_0_8542_jpeg.rf.a8141ca50b73bc19fe98b27a1d267192.jpg,ce2273f2f84ed66831e01d448cea6a798703653f266562554da96c025559e0e5,f08fc3701ff21c23,VF_00926,1,train
dataset_katarak,train,aug_0_8544_jpeg.rf.afd60cbc7669fe127499acc36c9a8b59.jpg,normal,C:\Personal AI & ML PROJECTS\AI IN HEALTHCARE\MY PROJECT E PAARVAI\Dataset Katarak\train\normal\aug_0_8544_jpeg.rf.afd60cbc7669fe127499acc36c9a8b59.jpg,532396b4ce908a51ba8b1aa5070b46e60855915136514ea587e148e298ea3372,f168d6824a59f8ad,VF_00927,1,train
dataset_katarak,train,aug_0_8570_jpeg.rf.b9ceaf698561ec6cc639d30a0d3dd340.jpg,normal,C:\Personal AI & ML PROJECTS\AI IN HEALTHCARE\MY PROJECT E PAARVAI\Dataset Katarak\train\normal\aug_0_8570_jpeg.rf.b9ceaf698561ec6cc639d30a0d3dd340.jpg,9ce8936228cc02842cee6d81fe6ecab7187b7a6f72060db386a6d982c9924466,b5b5d24b7d2d2034,VF_00930,1,train
dataset_katarak,train,aug_0_8678_jpeg.rf.38718161f43f27d5c857e7cfc365b85e.jpg,normal,C:\Personal AI & ML PROJECTS\AI IN HEALTHCARE\MY PROJECT E PAARVAI\Dataset Katarak\train\normal\aug_0_8678_jpeg.rf.38718161f43f27d5c857e7cfc365b85e.jpg,2316f1e6b362343f3afcecc964b1f0393200c1c1b6cd2272b25403cc405ab1df,c3dcdce19b871894,VF_00931,1,train
dataset_katarak,train,aug_0_8687_jpeg.rf.ad020f9372850ac7853f6e0d443fb29f.jpg,normal,C:\Personal AI & ML PROJECTS\AI IN HEALTHCARE\MY PROJECT E PAARVAI\Dataset Katarak\train\normal\aug_0_8687_jpeg.rf.ad020f9372850ac7853f6e0d443fb29f.jpg,bc84f8adf66b5a9cf1970d25dc97121b8deefc8c4fe66670e963468e99cd768f,e3219c1e73e0f067,VF_00932,1,train
dataset_katarak,train,aug_0_8697_jpeg.rf.331792a17e4912c61cac988d9a361e99.jpg,normal,C:\Personal AI & ML PROJECTS\AI IN HEALTHCARE\MY PROJECT E PAARVAI\Dataset Katarak\train\normal\aug_0_8697_jpeg.rf.331792a17e4912c61cac988d9a361e99.jpg,34b584039490b7d87c77ae60aa32c1e0e121c8b15ba2827b0e893f2281ed0f9a,a434cb9b6899a597,VF_00933,1,train
dataset_katarak,train,aug_0_8712_jpeg.rf.245d89dbebfc4b8f4374d0a2b16e5214.jpg,normal,C:\Personal AI & ML PROJECTS\AI IN HEALTHCARE\MY PROJECT E PAARVAI\Dataset Katarak\train\normal\aug_0_8712_jpeg.rf.245d89dbebfc4b8f4374d0a2b16e5214.jpg,68383f7e3c0657239875bde45684f9e68dbc00ea5453cede1bd603cf5d342508,a9978269d4e40fb5,VF_00934,1,train
dataset_katarak,train,aug_0_8730_jpeg.rf.4d64761817805791f63d39a0d0e62531.jpg,normal,C:\Personal AI & ML PROJECTS\AI IN HEALTHCARE\MY PROJECT E PAARVAI\Dataset Katarak\train\normal\aug_0_8730_jpeg.rf.4d64761817805791f63d39a0d0e62531.jpg,6b57d0b9c00a8697893633107ab0238916a65783fd9a1622cb7011698bd88718,f09a87a5e81687ea,VF_00935,1,train
dataset_katarak,train,aug_0_880_jpeg.rf.3f88a1e0c0ae098f0680b562d6537274.jpg,normal,C:\Personal AI & ML PROJECTS\AI IN HEALTHCARE\MY PROJECT E PAARVAI\Dataset Katarak\train\normal\aug_0_880_jpeg.rf.3f88a1e0c0ae098f0680b562d6537274.jpg,29559baf836d3c51f9db8363fa048d0b3ce4fad3508c7bca6f4d2a708e0e753c,96ab89b44ed26dc1,VF_00941,1,train
dataset_katarak,train,aug_0_8819_jpeg.rf.bca6fad45461ec09c142fe26c50d5b6d.jpg,normal,C:\Personal AI & ML PROJECTS\AI IN HEALTHCARE\MY PROJECT E PAARVAI\Dataset Katarak\train\normal\aug_0_8819_jpeg.rf.bca6fad45461ec09c142fe26c50d5b6d.jpg,5f16aa9abbc3a64d61abf8fc7bbdd3580d1bb5428b48b6f5a218ec19846ab1f4,a79a9c231a7481df,VF_00942,1,train
dataset_katarak,train,aug_0_8861_jpeg.rf.3af959df660b7afc96129b80efc4f022.jpg,normal,C:\Personal AI & ML PROJECTS\AI IN HEALTHCARE\MY PROJECT E PAARVAI\Dataset Katarak\train\normal\aug_0_8861_jpeg.rf.3af959df660b7afc96129b80efc4f022.jpg,3bc4ba9f811164a684d299bbb822d5815ea12c25535bd5415a55c17ba76bdfa2,f070438b0f7cfcb0,VF_00943,1,train
dataset_katarak,train,aug_0_8865_jpeg.rf.f0ae606641e65a0578f645f5a5e5a82a.jpg,normal,C:\Personal AI & ML PROJECTS\AI IN HEALTHCARE\MY PROJECT E PAARVAI\Dataset Katarak\train\normal\aug_0_8865_jpeg.rf.f0ae606641e65a0578f645f5a5e5a82a.jpg,a6ad9b5aaa8c351578e542a835824f1b37b9e5d2a4e7e2b682d4ee3c692fe504,b434cb4a87ada9d2,VF_00944,1,train
dataset_katarak,train,aug_0_8866_jpeg.rf.8d2a72c07525f400557a5d66ce94b1b1.jpg,normal,C:\Personal AI & ML PROJECTS\AI IN HEALTHCARE\MY PROJECT E PAARVAI\Dataset Katarak\train\normal\aug_0_8866_jpeg.rf.8d2a72c07525f400557a5d66ce94b1b1.jpg,7482797bdea0c8de11ecd185631f0e6a23b1a7666c45054fe0a35cf999f808aa,f470db8b2b48d8b4,VF_00945,1,train
dataset_katarak,train,aug_0_888_jpeg.rf.cae59580f38b07ba7bb644c4ef10c779.jpg,normal,C:\Personal AI & ML PROJECTS\AI IN HEALTHCARE\MY PROJECT E PAARVAI\Dataset Katarak\train\normal\aug_0_888_jpeg.rf.cae59580f38b07ba7bb644c4ef10c779.jpg,f701d282541f0c7eb938ae65232370146a1b11a601ab3bd5b247209f34bc4d73,f5daca218d96a839,VF_00947,1,train
dataset_katarak,train,aug_0_8895_jpeg.rf.4304cd30780205af133fe307186b59a3.jpg,normal,C:\Personal AI & ML PROJECTS\AI IN HEALTHCARE\MY PROJECT E PAARVAI\Dataset Katarak\train\normal\aug_0_8895_jpeg.rf.4304cd30780205af133fe307186b59a3.jpg,08279c70ad448ca2f0551dfffec4b5b939d9699081201e8692152bc1601ac1dd,e1989ea5a11ee6a9,VF_00948,1,train
dataset_katarak,train,aug_0_8951_jpeg.rf.623b39014897a3f5a8463af55264964c.jpg,normal,C:\Personal AI & ML PROJECTS\AI IN HEALTHCARE\MY PROJECT E PAARVAI\Dataset Katarak\train\normal\aug_0_8951_jpeg.rf.623b39014897a3f5a8463af55264964c.jpg,59d47d7d368fbbad202be7d69fcde5ef87f12ae12641d1945873a13cc7ba7bea,9a37b349c969492d,VF_00952,1,train
dataset_katarak,train,aug_0_8959_jpeg.rf.f412e1f9c1779d5e9b8f4877773ef6ec.jpg,normal,C:\Personal AI & ML PROJECTS\AI IN HEALTHCARE\MY PROJECT E PAARVAI\Dataset Katarak\train\normal\aug_0_8959_jpeg.rf.f412e1f9c1779d5e9b8f4877773ef6ec.jpg,1764cfeea0a4a46cbe99a8797dabd79c9282c8aad5954db95ea0bfa5e064da52,f1999fa4e81aa1d8,VF_00953,1,train
dataset_katarak,train,aug_0_8960_jpeg.rf.60d81f31a840f4373d6b4c501e6a0527.jpg,normal,C:\Personal AI & ML PROJECTS\AI IN HEALTHCARE\MY PROJECT E PAARVAI\Dataset Katarak\train\normal\aug_0_8960_jpeg.rf.60d81f31a840f4373d6b4c501e6a0527.jpg,58be179488bec514be46208461f53882c565792d8cbc90d72b74bfd365b8eefe,fcd2d73808d17a4a,VF_00954,1,train
dataset_katarak,train,aug_0_896_jpeg.rf.75d374868b665a629ab802a14bdb65ad.jpg,normal,C:\Personal AI & ML PROJECTS\AI IN HEALTHCARE\MY PROJECT E PAARVAI\Dataset Katarak\train\normal\aug_0_896_jpeg.rf.75d374868b665a629ab802a14bdb65ad.jpg,5afc6589d371bf218ada436a51c81797ff3d07326af42f343d71780719ee0ff5,e86097975838f875,VF_00955,1,train
dataset_katarak,train,aug_0_901_jpeg.rf.c909820b1030de0c0e0dad7a8772d124.jpg,normal,C:\Personal AI & ML PROJECTS\AI IN HEALTHCARE\MY PROJECT E PAARVAI\Dataset Katarak\train\normal\aug_0_901_jpeg.rf.c909820b1030de0c0e0dad7a8772d124.jpg,4594b7062614919cf229b2b849b178ec54ddcb723dfa5eb98b27dabdce7230fd,b5dada2117c6c899,VF_00956,1,train
dataset_katarak,train,aug_0_9067_jpeg.rf.9b5f455d704c5ba4c1c93f5dbe64a469.jpg,normal,C:\Personal AI & ML PROJECTS\AI IN HEALTHCARE\MY PROJECT E PAARVAI\Dataset Katarak\train\normal\aug_0_9067_jpeg.rf.9b5f455d704c5ba4c1c93f5dbe64a469.jpg,5a9e7c39d72b9e955134c5db121e4442bff7a5dadbc95b5b232a8df9be5648b0,f070cdcf6ef09091,VF_00959,1,train
dataset_katarak,train,aug_0_9070_jpeg.rf.d689b58b96a886145d75e92fdddbafb1.jpg,normal,C:\Personal AI & ML PROJECTS\AI IN HEALTHCARE\MY PROJECT E PAARVAI\Dataset Katarak\train\normal\aug_0_9070_jpeg.rf.d689b58b96a886145d75e92fdddbafb1.jpg,3fd916ab0efbf94ddb09fc4e1318ad94fa968f677ba1ccbd563259fb9f39899a,f08fcd306e89d44e,VF_00960,1,train
dataset_katarak,train,aug_0_9073_jpeg.rf.0d078cf84ede68c8de4c93225c5d153b.jpg,normal,C:\Personal AI & ML PROJECTS\AI IN HEALTHCARE\MY PROJECT E PAARVAI\Dataset Katarak\train\normal\aug_0_9073_jpeg.rf.0d078cf84ede68c8de4c93225c5d153b.jpg,0f692c2b1e87bd8cfa7ab80b308c80220f407ef3a890dd18a0ffd3902cdac9cc,f0649f5a68e107d6,VF_00962,1,train
dataset_katarak,train,aug_0_9079_jpeg.rf.aa51332d3e1d5a79c5f7e484c34c6410.jpg,normal,C:\Personal AI & ML PROJECTS\AI IN HEALTHCARE\MY PROJECT E PAARVAI\Dataset Katarak\train\normal\aug_0_9079_jpeg.rf.aa51332d3e1d5a79c5f7e484c34c6410.jpg,6dbcbdc5fd074bfba24e0adc3395f6dc66a9347eb3b200dfa0dcca99dd70bc66,e1de86a11e67f884,VF_00964,1,train
dataset_katarak,train,aug_0_9080_jpeg.rf.0a3f06f2665c1b8ce5a827c53c8fb7b4.jpg,normal,C:\Personal AI & ML PROJECTS\AI IN HEALTHCARE\MY PROJECT E PAARVAI\Dataset Katarak\train\normal\aug_0_9080_jpeg.rf.0a3f06f2665c1b8ce5a827c53c8fb7b4.jpg,5a6f4462d2e5230a99fadecf477c29f09e5f94eccfae374f19d4e6f162ef4b4a,f470db8b4b48dc94,VF_00965,1,train
dataset_katarak,train,aug_0_9088_jpeg.rf.7659b37fc0dd7199b6621e0fc533f0ab.jpg,normal,C:\Personal AI & ML PROJECTS\AI IN HEALTHCARE\MY PROJECT E PAARVAI\Dataset Katarak\train\normal\aug_0_9088_jpeg.rf.7659b37fc0dd7199b6621e0fc533f0ab.jpg,8d81e9ed2c4e80b20d4ac51f6d34f0c81fa654bf9397845e11dcbbbacd3bacee,a09abdf0c32f9ce0,VF_00966,1,train
dataset_katarak,train,aug_0_9098_jpeg.rf.2531f28cbb5ece8699eabead88f93638.jpg,normal,C:\Personal AI & ML PROJECTS\AI IN HEALTHCARE\MY PROJECT E PAARVAI\Dataset Katarak\train\normal\aug_0_9098_jpeg.rf.2531f28cbb5ece8699eabead88f93638.jpg,a7517c24870df665038c2997ec926bf7f4af1ef7df35811f3c6ae49ec78c7814,adcad2f02d4350be,VF_00967,1,train
dataset_katarak,train,aug_0_911_jpeg.rf.eb2ca0461961fab71622f3527ba63e7f.jpg,normal,C:\Personal AI & ML PROJECTS\AI IN HEALTHCARE\MY PROJECT E PAARVAI\Dataset Katarak\train\normal\aug_0_911_jpeg.rf.eb2ca0461961fab71622f3527ba63e7f.jpg,9e2e3999f81b28fd06e326da9d3980fc1f304eda2deebbffb03bc34259a45eba,b5c2c2adc4d6cae8,VF_00968,1,train
dataset_katarak,train,aug_0_9155_jpeg.rf.70f386085da120a3ee97152035fd376d.jpg,normal,C:\Personal AI & ML PROJECTS\AI IN HEALTHCARE\MY PROJECT E PAARVAI\Dataset Katarak\train\normal\aug_0_9155_jpeg.rf.70f386085da120a3ee97152035fd376d.jpg,3b259c9c8cb2fad554b4ba9cd66425c2454af294c3f47b2e752642196560bd90,e19e966978e5c198,VF_00969,1,train
dataset_katarak,train,aug_0_9185_jpeg.rf.1133d401dea60a620592a70ae3b7087f.jpg,normal,C:\Personal AI & ML PROJECTS\AI IN HEALTHCARE\MY PROJECT E PAARVAI\Dataset Katarak\train\normal\aug_0_9185_jpeg.rf.1133d401dea60a620592a70ae3b7087f.jpg,5ede06e0470eb790d5c716c8c546e7a22e682cd02b3bc0f5a8489650865eca59,a525de56ca98689b,VF_00971,1,train
dataset_katarak,train,aug_0_9190_jpeg.rf.e66ce52ee1b0aaf8534b07a4cae211a5.jpg,normal,C:\Personal AI & ML PROJECTS\AI IN HEALTHCARE\MY PROJECT E PAARVAI\Dataset Katarak\train\normal\aug_0_9190_jpeg.rf.e66ce52ee1b0aaf8534b07a4cae211a5.jpg,cfd617925568a21e2b94e1282e7b66ad8bb0b1b828261719309d30d63ba17dd5,ad6c8294f4b78f42,VF_00972,1,train
dataset_katarak,train,aug_0_9195_jpeg.rf.0cfbbc7bfff0089e09241b9038e1c5df.jpg,normal,C:\Personal AI & ML PROJECTS\AI IN HEALTHCARE\MY PROJECT E PAARVAI\Dataset Katarak\train\normal\aug_0_9195_jpeg.rf.0cfbbc7bfff0089e09241b9038e1c5df.jpg,fd613a5b1044433aade40aca22505e453aa0e8c881c6a477674190e4767ed1bb,e1e49e1e28787565,VF_00973,1,train
dataset_katarak,train,aug_0_9202_jpeg.rf.410e8aef66a52c91f811219cb565fb5d.jpg,normal,C:\Personal AI & ML PROJECTS\AI IN HEALTHCARE\MY PROJECT E PAARVAI\Dataset Katarak\train\normal\aug_0_9202_jpeg.rf.410e8aef66a52c91f811219cb565fb5d.jpg,9fdbecb127e575923099a988fa46bdf3c4454a8cfe7544ca28d5aa326cd93039,e88597787ae5c194,VF_00974,1,train
dataset_katarak,train,aug_0_9203_jpeg.rf.0c497cfc08e9829435ca5ee80048c7f4.jpg,normal,C:\Personal AI & ML PROJECTS\AI IN HEALTHCARE\MY PROJECT E PAARVAI\Dataset Katarak\train\normal\aug_0_9203_jpeg.rf.0c497cfc08e9829435ca5ee80048c7f4.jpg,429d39ade0817a5e2ead54e2746580436270f6ce08414edff05471e278f96962,f48bc17c0f90fc0b,VF_00975,1,train
dataset_katarak,train,aug_0_9210_jpeg.rf.181360d9462ad268defc866f85200cce.jpg,normal,C:\Personal AI & ML PROJECTS\AI IN HEALTHCARE\MY PROJECT E PAARVAI\Dataset Katarak\train\normal\aug_0_9210_jpeg.rf.181360d9462ad268defc866f85200cce.jpg,06936e337735b2766c3b8d912e8ad1d7c4e51b2937ec454158a502bcf77bdc87,b2e6e6920f49724b,VF_00976,1,train
dataset_katarak,train,aug_0_9225_jpeg.rf.e68b3d725c1169ebc39bd8ee7033500f.jpg,normal,C:\Personal AI & ML PROJECTS\AI IN HEALTHCARE\MY PROJECT E PAARVAI\Dataset Katarak\train\normal\aug_0_9225_jpeg.rf.e68b3d725c1169ebc39bd8ee7033500f.jpg,59b1c8675ffe9a794a1d5505b72e35d808b1003463637afd7cd7afda63761667,e1ba9ee1cb0e6858,VF_00979,1,train
dataset_katarak,train,aug_0_928_jpeg.rf.79a42baf42d204e5ca22ba02149bdffb.jpg,normal,C:\Personal AI & ML PROJECTS\AI IN HEALTHCARE\MY PROJECT E PAARVAI\Dataset Katarak\train\normal\aug_0_928_jpeg.rf.79a42baf42d204e5ca22ba02149bdffb.jpg,c689744923b50e073fc44b982588dc3c25397da6d56f57ae09dfc500573b6195,e5869a7861a5e656,VF_00980,1,train
dataset_katarak,train,aug_0_9312_jpeg.rf.4a19dc81f801515befb6213ad2f6c9cf.jpg,normal,C:\Personal AI & ML PROJECTS\AI IN HEALTHCARE\MY PROJECT E PAARVAI\Dataset Katarak\train\normal\aug_0_9312_jpeg.rf.4a19dc81f801515befb6213ad2f6c9cf.jpg,b96da72090a364300a344050c7fd1266a8337d2f348273acb39b56aea3989d4c,c262e70d9c1e0e7e,VF_00982,1,train
dataset_katarak,train,aug_0_932_jpeg.rf.239184be73e75032dc2542c812e3873f.jpg,normal,C:\Personal AI & ML PROJECTS\AI IN HEALTHCARE\MY PROJECT E PAARVAI\Dataset Katarak\train\normal\aug_0_932_jpeg.rf.239184be73e75032dc2542c812e3873f.jpg,c0be5443c4f32c20b927743b0cab1145b6bdf84c5bac17746466f9dbe4c9036c,e064971ae8e9e555,VF_00983,1,train
dataset_katarak,train,aug_0_9332_jpeg.rf.3b3db3ea1e8f84ac98239533a3129a9e.jpg,normal,C:\Personal AI & ML PROJECTS\AI IN HEALTHCARE\MY PROJECT E PAARVAI\Dataset Katarak\train\normal\aug_0_9332_jpeg.rf.3b3db3ea1e8f84ac98239533a3129a9e.jpg,190a917f501e232cf54d2f261182dcbbaafad0098f4e02f02a9a5199b01f6aa6,e5989ec7615e462a,VF_00984,1,train
dataset_katarak,train,aug_0_9336_jpeg.rf.f036c4ccb2f22c7c963303d4591de955.jpg,normal,C:\Personal AI & ML PROJECTS\AI IN HEALTHCARE\MY PROJECT E PAARVAI\Dataset Katarak\train\normal\aug_0_9336_jpeg.rf.f036c4ccb2f22c7c963303d4591de955.jpg,456edec5d2f21354ce6d0b23ddecc5ca1f8629f9491abdc292c3f6224d9a63a4,b5cacaad8e522b29,VF_00985,1,train
dataset_katarak,train,aug_0_9364_jpeg.rf.a2085c25d6769a020006598aee91d80e.jpg,normal,C:\Personal AI & ML PROJECTS\AI IN HEALTHCARE\MY PROJECT E PAARVAI\Dataset Katarak\train\normal\aug_0_9364_jpeg.rf.a2085c25d6769a020006598aee91d80e.jpg,034563354e0decbc19e069ef6a70f87647696d514a26d5948ddb4467da26f072,cf9cf4629c46722c,VF_00987,1,train
dataset_katarak,train,aug_0_9387_jpeg.rf.3fc38917e2993d317e2beac7fc5f1999.jpg,normal,C:\Personal AI & ML PROJECTS\AI IN HEALTHCARE\MY PROJECT E PAARVAI\Dataset Katarak\train\normal\aug_0_9387_jpeg.rf.3fc38917e2993d317e2beac7fc5f1999.jpg,b37a13520d74d653076e9b8caddf6b178da23a7bb5419c2228ff49811b424f3a,adc2daad80d64b6a,VF_00989,1,train
dataset_katarak,train,aug_0_9403_jpeg.rf.1a98589c151e3802fcb5a28ddb45f406.jpg,normal,C:\Personal AI & ML PROJECTS\AI IN HEALTHCARE\MY PROJECT E PAARVAI\Dataset Katarak\train\normal\aug_0_9403_jpeg.rf.1a98589c151e3802fcb5a28ddb45f406.jpg,b97dbde02827c5738875031fa36a8c650e512bbc6b87ae5dbbc95655411898dc,b22ccdd3300fb3f0,VF_00990,1,train
dataset_katarak,train,aug_0_9450_jpeg.rf.1c20f10e37a0ed36cf3b786837fa0d89.jpg,normal,C:\Personal AI & ML PROJECTS\AI IN HEALTHCARE\MY PROJECT E PAARVAI\Dataset Katarak\train\normal\aug_0_9450_jpeg.rf.1c20f10e37a0ed36cf3b786837fa0d89.jpg,796f19b611ccc908dd1ab5a3b28cbc13e52f96f13d378869e7d6174ee89339c4,b4cbcb6c623087b6,VF_00993,1,train
dataset_katarak,train,aug_0_9490_jpeg.rf.9c6f0a59e12e59e2de04b4c457de0df7.jpg,normal,C:\Personal AI & ML PROJECTS\AI IN HEALTHCARE\MY PROJECT E PAARVAI\Dataset Katarak\train\normal\aug_0_9490_jpeg.rf.9c6f0a59e12e59e2de04b4c457de0df7.jpg,73fee562122afd3771f96c18c2854b57c66d1cb66089b5b1cd59d00e59e8bd18,a0219f8ef93da670,VF_00995,1,train
dataset_katarak,train,aug_0_9509_jpeg.rf.7a2787b69a4fd7c40ce79fe3f5e6ce10.jpg,normal,C:\Personal AI & ML PROJECTS\AI IN HEALTHCARE\MY PROJECT E PAARVAI\Dataset Katarak\train\normal\aug_0_9509_jpeg.rf.7a2787b69a4fd7c40ce79fe3f5e6ce10.jpg,ab3bd5164ed38c212a99dfa6c0bf0e45ec831d77ebb7b19c481d1bf224abe820,b40a8ab58ff24fc1,VF_00997,1,train
dataset_katarak,train,aug_0_9520_jpeg.rf.87c76585faebd2a969f7c016f10a09d6.jpg,normal,C:\Personal AI & ML PROJECTS\AI IN HEALTHCARE\MY PROJECT E PAARVAI\Dataset Katarak\train\normal\aug_0_9520_jpeg.rf.87c76585faebd2a969f7c016f10a09d6.jpg,c76cf4e2e448c658ec35673fab676d7a339d3629e547157325cd242a3722d681,b8a7c57a246dd0c6,VF_00998,1,train
dataset_katarak,train,aug_0_9521_jpeg.rf.c24b94ef90a63caf41db70e37e8a31a4.jpg,normal,C:\Personal AI & ML PROJECTS\AI IN HEALTHCARE\MY PROJECT E PAARVAI\Dataset Katarak\train\normal\aug_0_9521_jpeg.rf.c24b94ef90a63caf41db70e37e8a31a4.jpg,e73dc08462326580c459e61356f4e8b68ae02a4f5a0c14c2dcb9a1ec21233c56,a1da8e213e62897f,VF_00999,1,train
dataset_katarak,train,aug_0_9527_jpeg.rf.176390b84fd977af1ed90ae807b0dcca.jpg,normal,C:\Personal AI & ML PROJECTS\AI IN HEALTHCARE\MY PROJECT E PAARVAI\Dataset Katarak\train\normal\aug_0_9527_jpeg.rf.176390b84fd977af1ed90ae807b0dcca.jpg,0e5caf0dc0be2878775c6349d61b7c1d361666133073e447a872ac9f67599a2e,b4cccb90b40bd3f4,VF_01000,1,train
dataset_katarak,train,aug_0_9533_jpeg.rf.acac2c1ea54adc3f8e6d4d21600af21a.jpg,normal,C:\Personal AI & ML PROJECTS\AI IN HEALTHCARE\MY PROJECT E PAARVAI\Dataset Katarak\train\normal\aug_0_9533_jpeg.rf.acac2c1ea54adc3f8e6d4d21600af21a.jpg,9d2e9230a2bd29ab8e59e6d120178be27775f3a54204e29fb707b54553f352f5,b45bcbb4245ba2a9,VF_01001,1,train
dataset_katarak,train,aug_0_9548_jpeg.rf.ee63af62cf2cc99d95310d8d4103dfc3.jpg,normal,C:\Personal AI & ML PROJECTS\AI IN HEALTHCARE\MY PROJECT E PAARVAI\Dataset Katarak\train\normal\aug_0_9548_jpeg.rf.ee63af62cf2cc99d95310d8d4103dfc3.jpg,efb699b1c030476697b19df44eb13e94607796e2cb28b5583b7fcedfe89db65d,b2d3cd2c34f0338b,VF_01003,1,train
dataset_katarak,train,aug_0_9550_jpeg.rf.348429d151a8484b2aaedf9898837eee.jpg,normal,C:\Personal AI & ML PROJECTS\AI IN HEALTHCARE\MY PROJECT E PAARVAI\Dataset Katarak\train\normal\aug_0_9550_jpeg.rf.348429d151a8484b2aaedf9898837eee.jpg,2c57700d4474c5c2dac11640bfb112e0f11e6108fbd4ec524e269a5af79dccdb,b48fdb74284bb4c8,VF_01004,1,train
dataset_katarak,train,aug_0_955_jpeg.rf.dc1f2be895ddc9c0d1f2b08ce7653706.jpg,normal,C:\Personal AI & ML PROJECTS\AI IN HEALTHCARE\MY PROJECT E PAARVAI\Dataset Katarak\train\normal\aug_0_955_jpeg.rf.dc1f2be895ddc9c0d1f2b08ce7653706.jpg,b2e99bc1623b89f9133c257765eb126ddf53514e962aa567b52f779f55215c90,f59e9e20386fe0c4,VF_01005,1,train
dataset_katarak,train,aug_0_956_jpeg.rf.3bbdeedff298d749f691a3ee614cac6e.jpg,normal,C:\Personal AI & ML PROJECTS\AI IN HEALTHCARE\MY PROJECT E PAARVAI\Dataset Katarak\train\normal\aug_0_956_jpeg.rf.3bbdeedff298d749f691a3ee614cac6e.jpg,a70f81071ec21216b7e16a1b1d7012dc81a1aeb43a0a2da7a7aa5ead1ad8055f,e847c17ed0a09737,VF_01006,1,train
dataset_katarak,train,aug_0_9614_jpeg.rf.865d131cacb757e90b584c418125a696.jpg,normal,C:\Personal AI & ML PROJECTS\AI IN HEALTHCARE\MY PROJECT E PAARVAI\Dataset Katarak\train\normal\aug_0_9614_jpeg.rf.865d131cacb757e90b584c418125a696.jpg,65830d5c2fc6df7575453597fdcb799f6a18bf288f1cdae2d5560842f4edadb6,f5cecaa19758c8a1,VF_01007,1,train
dataset_katarak,train,aug_0_9617_jpeg.rf.15e937faf83edbc007c326a7e87f7507.jpg,normal,C:\Personal AI & ML PROJECTS\AI IN HEALTHCARE\MY PROJECT E PAARVAI\Dataset Katarak\train\normal\aug_0_9617_jpeg.rf.15e937faf83edbc007c326a7e87f7507.jpg,19991070f5cbb360743a8e14aa6f945e9144b3db7381cc89921697c3e4ca8cd5,b414cb4a8dad3dd2,VF_01008,1,train
dataset_katarak,train,aug_0_9622_jpeg.rf.592a43a73154d246114c609b4ee89c6e.jpg,normal,C:\Personal AI & ML PROJECTS\AI IN HEALTHCARE\MY PROJECT E PAARVAI\Dataset Katarak\train\normal\aug_0_9622_jpeg.rf.592a43a73154d246114c609b4ee89c6e.jpg,6b90fe9d8b11bdab8ea9a00f39551ac9e39e99bf9fd7322b6b3ac13058bc15c0,b2898d36addbb04a,VF_01010,1,train
dataset_katarak,train,aug_0_9623_jpeg.rf.7cf8827b4222396f9f94af622943f1dd.jpg,normal,C:\Personal AI & ML PROJECTS\AI IN HEALTHCARE\MY PROJECT E PAARVAI\Dataset Katarak\train\normal\aug_0_9623_jpeg.rf.7cf8827b4222396f9f94af622943f1dd.jpg,65c17f17368a2e678c92b1bfc9a8c14404fd190c1ccefd4a83272c4a1f803767,aad5956a7a95a81c,VF_01011,1,train
dataset_katarak,train,aug_0_9626_jpeg.rf.01ca40b550da661917424962289d13ff.jpg,normal,C:\Personal AI & ML PROJECTS\AI IN HEALTHCARE\MY PROJECT E PAARVAI\Dataset Katarak\train\normal\aug_0_9626_jpeg.rf.01ca40b550da661917424962289d13ff.jpg,95ffd3d2f638a7f551261b15fd12021e3a2708a5f84577690f9eb06894ec5515,b4cbcab52d42338d,VF_01012,1,train
dataset_katarak,train,aug_0_9652_jpeg.rf.14f13c0242fd01cddb4623775b757268.jpg,normal,C:\Personal AI & ML PROJECTS\AI IN HEALTHCARE\MY PROJECT E PAARVAI\Dataset Katarak\train\normal\aug_0_9652_jpeg.rf.14f13c0242fd01cddb4623775b757268.jpg,530e0196d105541b80e4efcea93fa1dc31457d6dd73769fd7fa28bf7ba38e3f9,f531ca5787e0c856,VF_01013,1,train
dataset_katarak,train,aug_0_9660_jpeg.rf.283c5e08fefc8f095c95eef1b9cdfc0b.jpg,normal,C:\Personal AI & ML PROJECTS\AI IN HEALTHCARE\MY PROJECT E PAARVAI\Dataset Katarak\train\normal\aug_0_9660_jpeg.rf.283c5e08fefc8f095c95eef1b9cdfc0b.jpg,362b8dd97cc10a88cfe231046c942a8edb78812557d1445370c565234c63cc68,a5dadea1cb652864,VF_01015,1,train
dataset_katarak,train,aug_0_9667_jpeg.rf.9ae8c6adad19a8c06f9b7d831816a9fe.jpg,normal,C:\Personal AI & ML PROJECTS\AI IN HEALTHCARE\MY PROJECT E PAARVAI\Dataset Katarak\train\normal\aug_0_9667_jpeg.rf.9ae8c6adad19a8c06f9b7d831816a9fe.jpg,8ff7bc680d60ba652facf028aa9f38f6815c3064e9010d22fa1b8aaad6c4c5c8,b49bc3746c42bd0d,VF_01016,1,train
dataset_katarak,train,aug_0_968_jpeg.rf.27ab57c599f134cd6c034cfb04045b60.jpg,normal,C:\Personal AI & ML PROJECTS\AI IN HEALTHCARE\MY PROJECT E PAARVAI\Dataset Katarak\train\normal\aug_0_968_jpeg.rf.27ab57c599f134cd6c034cfb04045b60.jpg,c4af05c59e8a1a11189f5de7296f16092f930095f640cd142f3010290003fb10,a5ca9a253a9ea996,VF_01017,1,train
dataset_katarak,train,aug_0_9734_jpeg.rf.b4ebf64ff1dee1de550873fe1a08af11.jpg,normal,C:\Personal AI & ML PROJECTS\AI IN HEALTHCARE\MY PROJECT E PAARVAI\Dataset Katarak\train\normal\aug_0_9734_jpeg.rf.b4ebf64ff1dee1de550873fe1a08af11.jpg,47fe80f1afbf2ceb3dc8ed8066f1840a0e8a293a69f55e66ccc1abd0e62d90e2,f68d8876b45a9a68,VF_01019,1,train
dataset_katarak,train,aug_0_9743_jpeg.rf.65cd135c098013ef9b9ce815935a0de7.jpg,normal,C:\Personal AI & ML PROJECTS\AI IN HEALTHCARE\MY PROJECT E PAARVAI\Dataset Katarak\train\normal\aug_0_9743_jpeg.rf.65cd135c098013ef9b9ce815935a0de7.jpg,886667b9b6794c13a52645aa292d3160c3e798550a04305797c3611bfb57e6ad,a7c99a655a34a936,VF_01020,1,train
dataset_katarak,train,aug_0_9825_jpeg.rf.9f2a7ea31ef5b486a5dde82f72c3985e.jpg,normal,C:\Personal AI & ML PROJECTS\AI IN HEALTHCARE\MY PROJECT E PAARVAI\Dataset Katarak\train\normal\aug_0_9825_jpeg.rf.9f2a7ea31ef5b486a5dde82f72c3985e.jpg,a3cb63a76d9edfe4d6b236fc479279ee64bbec9bfa76b61678728deb0597f16f,b4cbcb342c9390cf,VF_01023,1,train
dataset_katarak,train,aug_0_9868_jpeg.rf.f5c6651ea73e147b351f36693f232562.jpg,normal,C:\Personal AI & ML PROJECTS\AI IN HEALTHCARE\MY PROJECT E PAARVAI\Dataset Katarak\train\normal\aug_0_9868_jpeg.rf.f5c6651ea73e147b351f36693f232562.jpg,ea2733d3f2250e7dfda1abf5c27db2ce0eb583d2d908b02ae23e777cae3ce4a9,bd1a90af0ff44ac2,VF_01025,1,train
dataset_katarak,train,aug_0_9907_jpeg.rf.6d682e89374ebe40476a1c8b9a8a320b.jpg,normal,C:\Personal AI & ML PROJECTS\AI IN HEALTHCARE\MY PROJECT E PAARVAI\Dataset Katarak\train\normal\aug_0_9907_jpeg.rf.6d682e89374ebe40476a1c8b9a8a320b.jpg,d01c8e361f1051c86e1cbca7102c0c5776d33fe0e7fc7ac8220bea6f8ec8860b,ef0f90581b93ea62,VF_01027,1,train
dataset_katarak,train,aug_0_9922_jpeg.rf.88ff6f21b22a785944913742819e8d5e.jpg,normal,C:\Personal AI & ML PROJECTS\AI IN HEALTHCARE\MY PROJECT E PAARVAI\Dataset Katarak\train\normal\aug_0_9922_jpeg.rf.88ff6f21b22a785944913742819e8d5e.jpg,3d35e681386b1d63870d0a6ec7e3e8dd0b33caa6a94d9100926c574b4a46dc32,a7469c1d23e0766e,VF_01029,1,train
dataset_katarak,train,aug_0_9936_jpeg.rf.f6088fae3f4deb666eccca694177ab70.jpg,normal,C:\Personal AI & ML PROJECTS\AI IN HEALTHCARE\MY PROJECT E PAARVAI\Dataset Katarak\train\normal\aug_0_9936_jpeg.rf.f6088fae3f4deb666eccca694177ab70.jpg,a5727b2056cc3d70f9505ecef1599aab304936ce3f94c0c89cc5d3a00a3410a0,b434cb8b4a7e8d0d,VF_01030,1,train
dataset_katarak,train,aug_0_9951_jpeg.rf.f1b3a7636993eb9e0311e22c4c5bddee.jpg,normal,C:\Personal AI & ML PROJECTS\AI IN HEALTHCARE\MY PROJECT E PAARVAI\Dataset Katarak\train\normal\aug_0_9951_jpeg.rf.f1b3a7636993eb9e0311e22c4c5bddee.jpg,c517d680eb567980cd69939a468e0b573e91aa050f29bd519a84bf643bcc730c,a268b160e6c7d9f2,VF_01031,1,train
dataset_katarak,train,aug_0_995_jpeg.rf.9e0fbccb0b4339f5a1a86bb418c7fa72.jpg,normal,C:\Personal AI & ML PROJECTS\AI IN HEALTHCARE\MY PROJECT E PAARVAI\Dataset Katarak\train\normal\aug_0_995_jpeg.rf.9e0fbccb0b4339f5a1a86bb418c7fa72.jpg,68316c60eadffc551e0f9b86541787dc728c7505763bf3447e9d0d773bf485aa,b0d3cb4b6c2d34ac,VF_01032,1,train
dataset_katarak,train,aug_0_1022_jpeg.rf.bb4220c2d9491dbf216e347ac1302526.jpg,immature,C:\Personal AI & ML PROJECTS\AI IN HEALTHCARE\MY PROJECT E PAARVAI\Dataset Katarak\train\immature\aug_0_1022_jpeg.rf.bb4220c2d9491dbf216e347ac1302526.jpg,acebbe201c48eddd2c2a860f73811117bfda9442018282126794d24627165d1e,e09f87601fe2b8c5,VF_01034,1,train
dataset_katarak,train,aug_0_1027_jpeg.rf.c7c09a3a6ae65ef09dd1e56fc709a9b0.jpg,immature,C:\Personal AI & ML PROJECTS\AI IN HEALTHCARE\MY PROJECT E PAARVAI\Dataset Katarak\train\immature\aug_0_1027_jpeg.rf.c7c09a3a6ae65ef09dd1e56fc709a9b0.jpg,1a3843aa58b9bbf100878a1f05d15ebf0b8aba6c5f739a208410ffdb77a1ac96,e1619e9e1e38e8b8,VF_01035,1,train
dataset_katarak,train,aug_0_1038_jpeg.rf.b8fbd820304f0ea465dc1fa0e7e738c6.jpg,immature,C:\Personal AI & ML PROJECTS\AI IN HEALTHCARE\MY PROJECT E PAARVAI\Dataset Katarak\train\immature\aug_0_1038_jpeg.rf.b8fbd820304f0ea465dc1fa0e7e738c6.jpg,271c1516d3eb17a9ba0a8ca91e29963bfab829df434f6b46e8bdaf5047d1c215,e48a0f3570f62cd6,VF_01036,1,train
dataset_katarak,train,aug_0_1040_jpeg.rf.e393d8abb9d2a9badac9c2d718fc3489.jpg,immature,C:\Personal AI & ML PROJECTS\AI IN HEALTHCARE\MY PROJECT E PAARVAI\Dataset Katarak\train\immature\aug_0_1040_jpeg.rf.e393d8abb9d2a9badac9c2d718fc3489.jpg,3777ec0b6a5b4b60b14d136f483132c2b4d33e0baf1b6a5dfdfa6eed6a0382bc,a39e9e65b00736b8,VF_01037,1,train
dataset_katarak,train,aug_0_1042_jpeg.rf.0e30ca5061f44e9a49f50d7fa576ee20.jpg,immature,C:\Personal AI & ML PROJECTS\AI IN HEALTHCARE\MY PROJECT E PAARVAI\Dataset Katarak\train\immature\aug_0_1042_jpeg.rf.0e30ca5061f44e9a49f50d7fa576ee20.jpg,83d7990b47e15bd29256816c154a97e9f4bfaf00d782cd5082c1a8450333cd05,fc82d27c82f46dc2,VF_01038,1,train
dataset_katarak,train,aug_0_1043_jpeg.rf.2786c9be04dc9287ac33e8d89b4f0cb2.jpg,immature,C:\Personal AI & ML PROJECTS\AI IN HEALTHCARE\MY PROJECT E PAARVAI\Dataset Katarak\train\immature\aug_0_1043_jpeg.rf.2786c9be04dc9287ac33e8d89b4f0cb2.jpg,ba1072bd145c49ff8485479694fb569b4d4e5319bc8f40d936723b9352fb7fa5,e8dad72198a4435f,VF_01039,1,train
dataset_katarak,train,aug_0_1047_jpeg.rf.deafe2a4043330d698720569ab2d7a92.jpg,immature,C:\Personal AI & ML PROJECTS\AI IN HEALTHCARE\MY PROJECT E PAARVAI\Dataset Katarak\train\immature\aug_0_1047_jpeg.rf.deafe2a4043330d698720569ab2d7a92.jpg,7a80bb720fbcadaf579e243d8c10b66fbe146cfdd8b11cb9aab72576a98796ec,b0308f8b75ec7323,VF_01040,1,train
dataset_katarak,train,aug_0_1068_jpeg.rf.b5936be37cddb8f821620abff6709918.jpg,immature,C:\Personal AI & ML PROJECTS\AI IN HEALTHCARE\MY PROJECT E PAARVAI\Dataset Katarak\train\immature\aug_0_1068_jpeg.rf.b5936be37cddb8f821620abff6709918.jpg,20b0630152b96a58598d5b89e2f989dc35e728f9d01d5923c9d6aaf76bb897de,b48b8b342a4bfc9c,VF_01041,1,train
dataset_katarak,train,aug_0_1083_jpeg.rf.2e89cc61c7d81f377ff3bb6e5fc845c9.jpg,immature,C:\Personal AI & ML PROJECTS\AI IN HEALTHCARE\MY PROJECT E PAARVAI\Dataset Katarak\train\immature\aug_0_1083_jpeg.rf.2e89cc61c7d81f377ff3bb6e5fc845c9.jpg,57d8e13a9b53cdc0e7d099b1f93d9e3bda222fd0d53500060c520cf6b6a1d4f3,a1dea629dea12897,VF_01042,1,train
dataset_katarak,train,aug_0_1091_jpeg.rf.02c0f8878fb9279dd3e236fc8b86b0aa.jpg,immature,C:\Personal AI & ML PROJECTS\AI IN HEALTHCARE\MY PROJECT E PAARVAI\Dataset Katarak\train\immature\aug_0_1091_jpeg.rf.02c0f8878fb9279dd3e236fc8b86b0aa.jpg,ffacfe41522bf75a02bba028dc6c53291dcde948b2a9c940413a9b1746467a4f,f420cb8b4cf4c5e3,VF_01043,1,train
dataset_katarak,train,aug_0_109_jpeg.rf.1ec7b55af86742fce4da1af5e4c1cb12.jpg,immature,C:\Personal AI & ML PROJECTS\AI IN HEALTHCARE\MY PROJECT E PAARVAI\Dataset Katarak\train\immature\aug_0_109_jpeg.rf.1ec7b55af86742fce4da1af5e4c1cb12.jpg,70eecc62ec46c631d35e2b8ff975a3dedf69785e92a67c9ff88a837c63a5041b,9aa7c5120f48367f,VF_01044,1,train
dataset_katarak,train,aug_0_1107_jpeg.rf.e9014c6a0037a39ef2592c0e7a55eec3.jpg,immature,C:\Personal AI & ML PROJECTS\AI IN HEALTHCARE\MY PROJECT E PAARVAI\Dataset Katarak\train\immature\aug_0_1107_jpeg.rf.e9014c6a0037a39ef2592c0e7a55eec3.jpg,bfe8f56e9aaccb73dd50fcc7b4f93471ba8cc432f219cb198b14bf0cd9e343b1,a0708bcf0b94f4fc,VF_01045,1,train
dataset_katarak,train,aug_0_1155_jpeg.rf.65c1a30e318d79ae3a0181b5fded4701.jpg,immature,C:\Personal AI & ML PROJECTS\AI IN HEALTHCARE\MY PROJECT E PAARVAI\Dataset Katarak\train\immature\aug_0_1155_jpeg.rf.65c1a30e318d79ae3a0181b5fded4701.jpg,7c5de12d6a3543008691688a6ff15a2c2d5d31550ddb28333c2e599f1fea3eba,bdcf8275ad70160a,VF_01047,1,train
dataset_katarak,train,aug_0_1167_jpeg.rf.559244518ea6501d1199dbfc62faabab.jpg,immature,C:\Personal AI & ML PROJECTS\AI IN HEALTHCARE\MY PROJECT E PAARVAI\Dataset Katarak\train\immature\aug_0_1167_jpeg.rf.559244518ea6501d1199dbfc62faabab.jpg,5e41cd75657037f2dfcb717a2714518972e01214d341c1ba50e2457232ea376d,c161629e1e3d3d99,VF_01048,1,train
dataset_katarak,train,aug_0_1176_jpeg.rf.9e67be34e0c7ddc433513e6a299e7d6b.jpg,immature,C:\Personal AI & ML PROJECTS\AI IN HEALTHCARE\MY PROJECT E PAARVAI\Dataset Katarak\train\immature\aug_0_1176_jpeg.rf.9e67be34e0c7ddc433513e6a299e7d6b.jpg,6232da19917aa1354aec2a0f629e90fe13b470a71ff98a5a12a900ac3bfeb52a,a6d9c827875a3167,VF_01049,1,train
dataset_katarak,train,aug_0_1229_jpeg.rf.14d2f67f6cd415ffc29efbfea1f21374.jpg,immature,C:\Personal AI & ML PROJECTS\AI IN HEALTHCARE\MY PROJECT E PAARVAI\Dataset Katarak\train\immature\aug_0_1229_jpeg.rf.14d2f67f6cd415ffc29efbfea1f21374.jpg,301a23605ace66d93a907cc0c6f969b536476f9fda51ef44806a4ecc0bf80e9c,e841872e7af5e0c6,VF_01050,1,train
dataset_katarak,train,aug_0_1237_jpeg.rf.5b24235d6737bdaa7f70d9ec2ab8d68a.jpg,immature,C:\Personal AI & ML PROJECTS\AI IN HEALTHCARE\MY PROJECT E PAARVAI\Dataset Katarak\train\immature\aug_0_1237_jpeg.rf.5b24235d6737bdaa7f70d9ec2ab8d68a.jpg,2ec8dedc05e787b05ace2703250424022014e7e89fe4a388044bf338f3725002,e275c9cfa4942713,VF_01052,1,train
dataset_katarak,train,aug_0_1261_jpeg.rf.cdbeac195d0528367de1b760de8a3c17.jpg,immature,C:\Personal AI & ML PROJECTS\AI IN HEALTHCARE\MY PROJECT E PAARVAI\Dataset Katarak\train\immature\aug_0_1261_jpeg.rf.cdbeac195d0528367de1b760de8a3c17.jpg,0bd2791dd01c865306af1d42bd2e064aba35f4603171a4bf44b87447e4aff364,8252bdcb623da63c,VF_01054,1,train
dataset_katarak,train,aug_0_1263_jpeg.rf.b795ade2e6622a6274ad0603ea7e907c.jpg,immature,C:\Personal AI & ML PROJECTS\AI IN HEALTHCARE\MY PROJECT E PAARVAI\Dataset Katarak\train\immature\aug_0_1263_jpeg.rf.b795ade2e6622a6274ad0603ea7e907c.jpg,6a4241f5437ba8925b5803ec4d6f6c73d15e417da613c5a12c1679a0555d7d2c,b235cdcbb02c9c33,VF_01055,1,train
dataset_katarak,train,aug_0_1283_jpeg.rf.161a1ca76ddec691b468a6ddfc56dd61.jpg,immature,C:\Personal AI & ML PROJECTS\AI IN HEALTHCARE\MY PROJECT E PAARVAI\Dataset Katarak\train\immature\aug_0_1283_jpeg.rf.161a1ca76ddec691b468a6ddfc56dd61.jpg,296f1c10cf77914d3cc49f878dc01c05b3b591a2f4128537c396336fdfc35d03,cd0d913a50ad6be3,VF_01056,1,train
dataset_katarak,train,aug_0_1303_jpeg.rf.88204c0870bb3e16f88ca134e4fafff7.jpg,immature,C:\Personal AI & ML PROJECTS\AI IN HEALTHCARE\MY PROJECT E PAARVAI\Dataset Katarak\train\immature\aug_0_1303_jpeg.rf.88204c0870bb3e16f88ca134e4fafff7.jpg,cd1dbe44f00c4ff80619e67876c71b12d2e64205b9afe20d624edf5394eac1b6,82acec64e2cbcacd,VF_01058,1,train
dataset_katarak,train,aug_0_130_jpeg.rf.ec905fc45117c0ba6296139362cfc32a.jpg,immature,C:\Personal AI & ML PROJECTS\AI IN HEALTHCARE\MY PROJECT E PAARVAI\Dataset Katarak\train\immature\aug_0_130_jpeg.rf.ec905fc45117c0ba6296139362cfc32a.jpg,87dfbe9de23432898a04a8ff2f33cd29d713ecd88fa5888a088f3770f4402da9,931bcdece5233226,VF_01059,1,train
dataset_katarak,train,aug_0_1310_jpeg.rf.835fa3cf3469fc3d05e28ea19d61f7b9.jpg,immature,C:\Personal AI & ML PROJECTS\AI IN HEALTHCARE\MY PROJECT E PAARVAI\Dataset Katarak\train\immature\aug_0_1310_jpeg.rf.835fa3cf3469fc3d05e28ea19d61f7b9.jpg,ff1379659125409e5317463d7fac72db1cec9b9041e2c5d97fb38f06cd0cad39,b1bb9a21a18796dc,VF_01060,1,train
dataset_katarak,train,aug_0_1361_jpeg.rf.7e5ee88c3a6b917d671b889c390911c3.jpg,immature,C:\Personal AI & ML PROJECTS\AI IN HEALTHCARE\MY PROJECT E PAARVAI\Dataset Katarak\train\immature\aug_0_1361_jpeg.rf.7e5ee88c3a6b917d671b889c390911c3.jpg,aa1906ed23bac3df14cf4589158e31eb0279c174a4243363bbdcca9d08112bb3,bd3cd2c2410dcb7a,VF_01062,1,train
dataset_katarak,train,aug_0_1382_jpeg.rf.0ab21c9c6057a2a6f12f93091b8d9704.jpg,immature,C:\Personal AI & ML PROJECTS\AI IN HEALTHCARE\MY PROJECT E PAARVAI\Dataset Katarak\train\immature\aug_0_1382_jpeg.rf.0ab21c9c6057a2a6f12f93091b8d9704.jpg,bb665df8a4e6a21358451f9080bb51de40cbf45bbd411f4b80cf0e12ad241ca5,a121a0ded69737b1,VF_01063,1,train
dataset_katarak,train,aug_0_1426_jpeg.rf.20b14ae68b4d007c30e676c11735f50e.jpg,immature,C:\Personal AI & ML PROJECTS\AI IN HEALTHCARE\MY PROJECT E PAARVAI\Dataset Katarak\train\immature\aug_0_1426_jpeg.rf.20b14ae68b4d007c30e676c11735f50e.jpg,027b6866389891763c763400d7066185511c388cace553804cbc1b7b847fa489,e36b9c9c56c3628a,VF_01065,1,train
dataset_katarak,train,aug_0_1431_jpeg.rf.b1297918ef5041b7fe7b98b01f63254b.jpg,immature,C:\Personal AI & ML PROJECTS\AI IN HEALTHCARE\MY PROJECT E PAARVAI\Dataset Katarak\train\immature\aug_0_1431_jpeg.rf.b1297918ef5041b7fe7b98b01f63254b.jpg,b65e633974f8da983bfdf1f8851626098b8307e504a69c1da8c7bacb4267f3ac,92cdb3324dd26933,VF_01066,1,train
dataset_katarak,train,aug_0_1440_jpeg.rf.6490848fffa19ce103d09a80c5edd780.jpg,immature,C:\Personal AI & ML PROJECTS\AI IN HEALTHCARE\MY PROJECT E PAARVAI\Dataset Katarak\train\immature\aug_0_1440_jpeg.rf.6490848fffa19ce103d09a80c5edd780.jpg,b6fda140f1ca6632a7aba5329b3dca67c0749cc128c72f64f11b5fee9b3833b0,bdc2c33d42a3cd94,VF_01067,1,train
dataset_katarak,train,aug_0_1450_jpeg.rf.e47cc40ed9496ef06912982c3350af49.jpg,immature,C:\Personal AI & ML PROJECTS\AI IN HEALTHCARE\MY PROJECT E PAARVAI\Dataset Katarak\train\immature\aug_0_1450_jpeg.rf.e47cc40ed9496ef06912982c3350af49.jpg,c71272f43922bdc675e659fb04a503adba67b4defb75595dec05d2e9123cf8a8,9b5bc4e42437333a,VF_01068,1,train
dataset_katarak,train,aug_0_1465_jpeg.rf.c55ab977a2838ae2992693a9a4215d26.jpg,immature,C:\Personal AI & ML PROJECTS\AI IN HEALTHCARE\MY PROJECT E PAARVAI\Dataset Katarak\train\immature\aug_0_1465_jpeg.rf.c55ab977a2838ae2992693a9a4215d26.jpg,b50e28bdac761540f247051ca688a8f5aae51e14786ee067f771c3bbf319e258,e1809e7af0a4479f,VF_01069,1,train
dataset_katarak,train,aug_0_1474_jpeg.rf.583a21ff3b805b684d25a26db1e94ffe.jpg,immature,C:\Personal AI & ML PROJECTS\AI IN HEALTHCARE\MY PROJECT E PAARVAI\Dataset Katarak\train\immature\aug_0_1474_jpeg.rf.583a21ff3b805b684d25a26db1e94ffe.jpg,f4bc768c183be92c061725147436b33c9cb4812613bea3cc4da609723061c639,f474b383830b2d3d,VF_01070,1,train
dataset_katarak,train,aug_0_1487_jpeg.rf.d51a7329310e30d1b417821aad625dd4.jpg,immature,C:\Personal AI & ML PROJECTS\AI IN HEALTHCARE\MY PROJECT E PAARVAI\Dataset Katarak\train\immature\aug_0_1487_jpeg.rf.d51a7329310e30d1b417821aad625dd4.jpg,447c0c6496a057535a276415a751f87692b3b6cfe225fdf80c48d6d21e630058,b4d3ca2ea7f112c2,VF_01072,1,train
dataset_katarak,train,aug_0_1498_jpeg.rf.4b915940e140d79fdb386a7518b68b08.jpg,immature,C:\Personal AI & ML PROJECTS\AI IN HEALTHCARE\MY PROJECT E PAARVAI\Dataset Katarak\train\immature\aug_0_1498_jpeg.rf.4b915940e140d79fdb386a7518b68b08.jpg,01d5853daa924761e765f2e80fe67c071a403ff900e2cb0a6f0fa904f100fbee,b0cf8b64bc03368f,VF_01073,1,train
dataset_katarak,train,aug_0_14_jpeg.rf.443d23259154d889e5b86b8895788d33.jpg,immature,C:\Personal AI & ML PROJECTS\AI IN HEALTHCARE\MY PROJECT E PAARVAI\Dataset Katarak\train\immature\aug_0_14_jpeg.rf.443d23259154d889e5b86b8895788d33.jpg,4e83094107a0a0108da4c089bf98e781615747f53f428e671ab154ff734ef9f4,e1439e3df1c2c60b,VF_01074,1,train
dataset_katarak,train,aug_0_1510_jpeg.rf.8858b726aa78f476ff71302102b93969.jpg,immature,C:\Personal AI & ML PROJECTS\AI IN HEALTHCARE\MY PROJECT E PAARVAI\Dataset Katarak\train\immature\aug_0_1510_jpeg.rf.8858b726aa78f476ff71302102b93969.jpg,9e61977633e3f899aa94cc25fa2e3199f0a5eddb50979108011b7950d6400ba3,c56d9a925a87a46e,VF_01075,1,train
dataset_katarak,train,aug_0_151_jpeg.rf.fe97e56024d225ffede068da7a97ae57.jpg,immature,C:\Personal AI & ML PROJECTS\AI IN HEALTHCARE\MY PROJECT E PAARVAI\Dataset Katarak\train\immature\aug_0_151_jpeg.rf.fe97e56024d225ffede068da7a97ae57.jpg,73c69d1b5479c3572ac7c19ae8d7453851478f8350db0e39125b5310cd1d6fdc,f091cf8f74352b42,VF_01076,1,train
dataset_katarak,train,aug_0_1542_jpeg.rf.6c52bcae067d9ac996d3711fd641e32d.jpg,immature,C:\Personal AI & ML PROJECTS\AI IN HEALTHCARE\MY PROJECT E PAARVAI\Dataset Katarak\train\immature\aug_0_1542_jpeg.rf.6c52bcae067d9ac996d3711fd641e32d.jpg,b9f87f61cf9784d4d3c7cae49ac8ae179f5368b1e9bf930ef19b7835b0701843,a08f8d326d4fd22d,VF_01077,1,train
dataset_katarak,train,aug_0_1583_jpeg.rf.1b83717d32d8a1791a7d498b9e331d51.jpg,immature,C:\Personal AI & ML PROJECTS\AI IN HEALTHCARE\MY PROJECT E PAARVAI\Dataset Katarak\train\immature\aug_0_1583_jpeg.rf.1b83717d32d8a1791a7d498b9e331d51.jpg,df0d520d5a7dba3ba2e1f1827b4ee87ef3b07700d8ef05914ab58d768298d654,e3609e9ee138d866,VF_01079,1,train
dataset_katarak,train,aug_0_158_jpeg.rf.125fe1bb29728643d727d265df74156f.jpg,immature,C:\Personal AI & ML PROJECTS\AI IN HEALTHCARE\MY PROJECT E PAARVAI\Dataset Katarak\train\immature\aug_0_158_jpeg.rf.125fe1bb29728643d727d265df74156f.jpg,2ae6dfed11b22803fa52e404d360f5d85e758276dddda4ade727447d71668f59,a39c81131f78cd67,VF_01080,1,train
dataset_katarak,train,aug_0_1616_jpeg.rf.d8772eba9e42476c4a0a23e7255cf29f.jpg,immature,C:\Personal AI & ML PROJECTS\AI IN HEALTHCARE\MY PROJECT E PAARVAI\Dataset Katarak\train\immature\aug_0_1616_jpeg.rf.d8772eba9e42476c4a0a23e7255cf29f.jpg,5afcb722aee57659cd05accccf996d405a0973608db702beb7a52e267e7e9018,b257cdcb90248dd3,VF_01081,1,train
dataset_katarak,train,aug_0_161_jpeg.rf.410650142aa973f9811141d2609f8524.jpg,immature,C:\Personal AI & ML PROJECTS\AI IN HEALTHCARE\MY PROJECT E PAARVAI\Dataset Katarak\train\immature\aug_0_161_jpeg.rf.410650142aa973f9811141d2609f8524.jpg,93ce85a3e897ffab20f7e636ca40a73ffab31e6bc7bd27b6b84645415f442983,b4e9cb97a5589720,VF_01082,1,train
dataset_katarak,train,aug_0_1628_jpeg.rf.a078a41d63b210191c4a8fa0cd57ef66.jpg,immature,C:\Personal AI & ML PROJECTS\AI IN HEALTHCARE\MY PROJECT E PAARVAI\Dataset Katarak\train\immature\aug_0_1628_jpeg.rf.a078a41d63b210191c4a8fa0cd57ef66.jpg,76188de3590c034340d2c4efafeeeb665869be2f4b1456e4f8253678f90e38ea,f48bf46c833d620b,VF_01083,1,train
dataset_katarak,train,aug_0_1635_jpeg.rf.21f4b0a83f05d33fb9100e9f1885d03b.jpg,immature,C:\Personal AI & ML PROJECTS\AI IN HEALTHCARE\MY PROJECT E PAARVAI\Dataset Katarak\train\immature\aug_0_1635_jpeg.rf.21f4b0a83f05d33fb9100e9f1885d03b.jpg,53444fe1c02f4ad4771b08b458c1fa405d1f31439d62d8a47fa1cd9dee4c7c19,b060d68f4b1f695c,VF_01084,1,train
dataset_katarak,train,aug_0_164_jpeg.rf.c02584708ac8155a780124ea664d6f73.jpg,immature,C:\Personal AI & ML PROJECTS\AI IN HEALTHCARE\MY PROJECT E PAARVAI\Dataset Katarak\train\immature\aug_0_164_jpeg.rf.c02584708ac8155a780124ea664d6f73.jpg,49d5d535e1415b34222901368c809ba5e50079a66e854dee97c083aa93e801d4,e161dc9c5e78a9a1,VF_01085,1,train
dataset_katarak,train,aug_0_1652_jpeg.rf.ffa5fee77b079f5d2ddd1e48130c8eb2.jpg,immature,C:\Personal AI & ML PROJECTS\AI IN HEALTHCARE\MY PROJECT E PAARVAI\Dataset Katarak\train\immature\aug_0_1652_jpeg.rf.ffa5fee77b079f5d2ddd1e48130c8eb2.jpg,561b372ec5641f66abcfb64df0529064fc79dba2755bd0a4100892e0e887860b,a36389cd1f97849c,VF_01086,1,train
dataset_katarak,train,aug_0_1673_jpeg.rf.7177bfd99de2416bf98310725ec5bb77.jpg,immature,C:\Personal AI & ML PROJECTS\AI IN HEALTHCARE\MY PROJECT E PAARVAI\Dataset Katarak\train\immature\aug_0_1673_jpeg.rf.7177bfd99de2416bf98310725ec5bb77.jpg,df5f3055ed52284f2a726ef0acc3275d89c0c2b054648ba7bcf1fa9479ad421b,b4d6db686820a7a7,VF_01090,1,train
dataset_katarak,train,aug_0_1676_jpeg.rf.13ae291bb804f994d52e695eb5896666.jpg,immature,C:\Personal AI & ML PROJECTS\AI IN HEALTHCARE\MY PROJECT E PAARVAI\Dataset Katarak\train\immature\aug_0_1676_jpeg.rf.13ae291bb804f994d52e695eb5896666.jpg,f3174c56fdcf9ceb825e40cf4d80b522aac2768d472a1ef026a277afc0b4ccfe,e161969e2998b87e,VF_01091,1,train
dataset_katarak,train,aug_0_1680_jpeg.rf.96c130746c94940bc4b0286d44beee2f.jpg,immature,C:\Personal AI & ML PROJECTS\AI IN HEALTHCARE\MY PROJECT E PAARVAI\Dataset Katarak\train\immature\aug_0_1680_jpeg.rf.96c130746c94940bc4b0286d44beee2f.jpg,ffa148082082770a5e603f5cfec64899ff0f4030613178d5fdeffabb2fc903db,eed18d6a95429a6c,VF_01092,1,train
dataset_katarak,train,aug_0_1681_jpeg.rf.4bb411637a09c7416447323d04e0cb58.jpg,immature,C:\Personal AI & ML PROJECTS\AI IN HEALTHCARE\MY PROJECT E PAARVAI\Dataset Katarak\train\immature\aug_0_1681_jpeg.rf.4bb411637a09c7416447323d04e0cb58.jpg,8826981078a906caa887cc1dac8b0d1f6906459cb27bdac0d5aa82e2662189fd,a19882217f349ddf,VF_01093,1,train
dataset_katarak,train,aug_0_1743_jpeg.rf.969766f26b93577d7389a28618d8c6a2.jpg,immature,C:\Personal AI & ML PROJECTS\AI IN HEALTHCARE\MY PROJECT E PAARVAI\Dataset Katarak\train\immature\aug_0_1743_jpeg.rf.969766f26b93577d7389a28618d8c6a2.jpg,f72fd689282775e7397858aa561358d27d4c136fe5a3e715ea43df129d1b0243,e1de86e1566a9a25,VF_01097,1,train
dataset_katarak,train,aug_0_1762_jpeg.rf.9d2fabb2660399bb8dbe07f8956f4ce0.jpg,immature,C:\Personal AI & ML PROJECTS\AI IN HEALTHCARE\MY PROJECT E PAARVAI\Dataset Katarak\train\immature\aug_0_1762_jpeg.rf.9d2fabb2660399bb8dbe07f8956f4ce0.jpg,f227e176bf41e24103fd8891b779eea49de622fbb72103a465153658d25fd89d,e06097971718f8fa,VF_01098,1,train
dataset_katarak,train,aug_0_1786_jpeg.rf.c1d68e7b17067da597b0f1f30e54d1df.jpg,immature,C:\Personal AI & ML PROJECTS\AI IN HEALTHCARE\MY PROJECT E PAARVAI\Dataset Katarak\train\immature\aug_0_1786_jpeg.rf.c1d68e7b17067da597b0f1f30e54d1df.jpg,1ac3b86b9da601a17429fb98456dd692a88e627d55d32081aea5a0b868fa47ed,fcb5975868b2b1c0,VF_01099,1,train
dataset_katarak,train,aug_0_1801_jpeg.rf.79183aa0c934e9f851b3134b6efe5357.jpg,immature,C:\Personal AI & ML PROJECTS\AI IN HEALTHCARE\MY PROJECT E PAARVAI\Dataset Katarak\train\immature\aug_0_1801_jpeg.rf.79183aa0c934e9f851b3134b6efe5357.jpg,dbfb05cc3265d99cbf873c74448b7ef96fadd0fbd3e1bd57ea3e06c0ac996725,a91d82f33d18ee68,VF_01101,1,train
dataset_katarak,train,aug_0_1810_jpeg.rf.e646cd52973548b4616babbe59df46c9.jpg,immature,C:\Personal AI & ML PROJECTS\AI IN HEALTHCARE\MY PROJECT E PAARVAI\Dataset Katarak\train\immature\aug_0_1810_jpeg.rf.e646cd52973548b4616babbe59df46c9.jpg,1c28e296d7c3b1c77a705544866593592f1dcebdc9a71552a90b633f246ce7b1,931bd8cccdc9c2e4,VF_01102,1,train
dataset_katarak,train,aug_0_1818_jpeg.rf.b21cae173207eb2311b7488b7c68c85b.jpg,immature,C:\Personal AI & ML PROJECTS\AI IN HEALTHCARE\MY PROJECT E PAARVAI\Dataset Katarak\train\immature\aug_0_1818_jpeg.rf.b21cae173207eb2311b7488b7c68c85b.jpg,14c2d6dbe28ea8bcf99a10ac4f5be8d84a8fffec83fbf5d1e2b16c165c494321,99e7c4900f4f3e49,VF_01103,1,train
dataset_katarak,train,aug_0_1827_jpeg.rf.be59dc1365e8110ecd7d6632d017d62c.jpg,immature,C:\Personal AI & ML PROJECTS\AI IN HEALTHCARE\MY PROJECT E PAARVAI\Dataset Katarak\train\immature\aug_0_1827_jpeg.rf.be59dc1365e8110ecd7d6632d017d62c.jpg,e8f9581517609cb74e07699343582ebf98acec3fd9e110d69acaa962a545be70,e121de9e96c5781a,VF_01105,1,train
dataset_katarak,train,aug_0_1850_jpeg.rf.914eaa989dc76855a5eb6752229ebe3c.jpg,immature,C:\Personal AI & ML PROJECTS\AI IN HEALTHCARE\MY PROJECT E PAARVAI\Dataset Katarak\train\immature\aug_0_1850_jpeg.rf.914eaa989dc76855a5eb6752229ebe3c.jpg,1f1c6d9013a71e66c544db57c0670f54decb26b8225380ca3ac155b2cc748677,bb1bc0c4235b33f8,VF_01106,1,train
dataset_katarak,train,aug_0_1856_jpeg.rf.7613d6425109009715d33ed914837ce8.jpg,immature,C:\Personal AI & ML PROJECTS\AI IN HEALTHCARE\MY PROJECT E PAARVAI\Dataset Katarak\train\immature\aug_0_1856_jpeg.rf.7613d6425109009715d33ed914837ce8.jpg,4738496819ef654cf65a24be7fb9d7850af6be56bfd9025ba4a361eb636aaf0e,ceb1914e17392796,VF_01107,1,train
dataset_katarak,train,aug_0_185_jpeg.rf.e3f5f338f19cf9a0fe4c0167a512936f.jpg,immature,C:\Personal AI & ML PROJECTS\AI IN HEALTHCARE\MY PROJECT E PAARVAI\Dataset Katarak\train\immature\aug_0_185_jpeg.rf.e3f5f338f19cf9a0fe4c0167a512936f.jpg,4940673a28e003dfa0fe6285838b8e2efb7923a03ff41fc3c4107bc6a57dc3c5,a03582da53bfcbe0,VF_01108,1,train
dataset_katarak,train,aug_0_1866_jpeg.rf.d3078c501eeb7acdc96b75e305b0df5f.jpg,immature,C:\Personal AI & ML PROJECTS\AI IN HEALTHCARE\MY PROJECT E PAARVAI\Dataset Katarak\train\immature\aug_0_1866_jpeg.rf.d3078c501eeb7acdc96b75e305b0df5f.jpg,1e008df42edac60b3041aafb2d111ad35ef20cf8fead70a4e7cd3cc75c2571a6,c64e99b931766661,VF_01110,1,train
dataset_katarak,train,aug_0_1872_jpeg.rf.f58cbf631a4f9aa1dc51dc0d5146745a.jpg,immature,C:\Personal AI & ML PROJECTS\AI IN HEALTHCARE\MY PROJECT E PAARVAI\Dataset Katarak\train\immature\aug_0_1872_jpeg.rf.f58cbf631a4f9aa1dc51dc0d5146745a.jpg,85d6dfb67e42fb6e1545022ee77f12dc0f239e35114aab17112726d9adf0e65f,af14d07b2fa0b592,VF_01111,1,train
dataset_katarak,train,aug_0_1957_jpeg.rf.79722ff7ed124f7f3a48526883a2c315.jpg,immature,C:\Personal AI & ML PROJECTS\AI IN HEALTHCARE\MY PROJECT E PAARVAI\Dataset Katarak\train\immature\aug_0_1957_jpeg.rf.79722ff7ed124f7f3a48526883a2c315.jpg,a09e19ece695be91fd5267eb1337780133d1497e5e8c93e5b4b706a00d495c86,bdc2b22d527f8834,VF_01114,1,train
dataset_katarak,train,aug_0_1958_jpeg.rf.6d4f830b4bbff37f7ab43f22c9d7f2fd.jpg,immature,C:\Personal AI & ML PROJECTS\AI IN HEALTHCARE\MY PROJECT E PAARVAI\Dataset Katarak\train\immature\aug_0_1958_jpeg.rf.6d4f830b4bbff37f7ab43f22c9d7f2fd.jpg,a93603ca51c80549c635cbcc66fd0d90af58b5ce8e5c0abbdfcf3431c9fd4dab,f529deda61a1a416,VF_01115,1,train
dataset_katarak,train,aug_0_196_jpeg.rf.5feaf9a2744dc6a3d7947e51a00501ea.jpg,immature,C:\Personal AI & ML PROJECTS\AI IN HEALTHCARE\MY PROJECT E PAARVAI\Dataset Katarak\train\immature\aug_0_196_jpeg.rf.5feaf9a2744dc6a3d7947e51a00501ea.jpg,6d0b3a9d493731c5ddd0b0a35f70cd4cdc0c58cb5d71c16b816037a434dbee0c,b53dd2d24248af4b,VF_01117,1,train
dataset_katarak,train,aug_0_1975_jpeg.rf.9adac5b65916e3f31c2c62b9ad1cba9f.jpg,immature,C:\Personal AI & ML PROJECTS\AI IN HEALTHCARE\MY PROJECT E PAARVAI\Dataset Katarak\train\immature\aug_0_1975_jpeg.rf.9adac5b65916e3f31c2c62b9ad1cba9f.jpg,5566c3a226f52e7e42703b944e5c45708f624f4b8b8ec4daeaa15d20408869d9,93e4d933cd24d619,VF_01118,1,train
dataset_katarak,train,aug_0_1977_jpeg.rf.96e1a266b790ead573b8d30dedfc3fd0.jpg,immature,C:\Personal AI & ML PROJECTS\AI IN HEALTHCARE\MY PROJECT E PAARVAI\Dataset Katarak\train\immature\aug_0_1977_jpeg.rf.96e1a266b790ead573b8d30dedfc3fd0.jpg,e3052c3d9572a76f4775ce18e610558b129e5779948a597eea0dff95471f375b,ed6d90d052a3ae65,VF_01119,1,train
dataset_katarak,train,aug_0_1985_jpeg.rf.4e39ce2887953a1b2a3b3b73d6f8aa1b.jpg,immature,C:\Personal AI & ML PROJECTS\AI IN HEALTHCARE\MY PROJECT E PAARVAI\Dataset Katarak\train\immature\aug_0_1985_jpeg.rf.4e39ce2887953a1b2a3b3b73d6f8aa1b.jpg,87d8fc696c0606f408e7a8543be6370ed0bcbd086079d2119fe0930025587740,ef50989ee3582e61,VF_01120,1,train
dataset_katarak,train,aug_0_1993_jpeg.rf.ad5e515e7ee78302b74fc797ed61f829.jpg,immature,C:\Personal AI & ML PROJECTS\AI IN HEALTHCARE\MY PROJECT E PAARVAI\Dataset Katarak\train\immature\aug_0_1993_jpeg.rf.ad5e515e7ee78302b74fc797ed61f829.jpg,0c8edc9786cb43d82b67e925cdcb5bf851aa9a8b554338d19f6c9849333c381b,b535d2d24250cdcf,VF_01121,1,train
dataset_katarak,train,aug_0_2021_jpeg.rf.1973ee9f7f55f202ad5f077e9eabea9f.jpg,immature,C:\Personal AI & ML PROJECTS\AI IN HEALTHCARE\MY PROJECT E PAARVAI\Dataset Katarak\train\immature\aug_0_2021_jpeg.rf.1973ee9f7f55f202ad5f077e9eabea9f.jpg,0dd55b48e418a82e73a6086ac08c5ef9b509817c3c8a40a45c37bdf315e68d48,e161279f9e1e11d8,VF_01123,1,train
dataset_katarak,train,aug_0_2022_jpeg.rf.35c633f2fb2da7b4ddf895cb771c2e49.jpg,immature,C:\Personal AI & ML PROJECTS\AI IN HEALTHCARE\MY PROJECT E PAARVAI\Dataset Katarak\train\immature\aug_0_2022_jpeg.rf.35c633f2fb2da7b4ddf895cb771c2e49.jpg,e452e36a5d456cb86a79b40dcd5514c9b3dca9719dd40a331db865903a7a0fc6,e1759e84607b4f64,VF_01124,1,train
dataset_katarak,train,aug_0_2038_jpeg.rf.b984b4d75b180715075712e488cf9787.jpg,immature,C:\Personal AI & ML PROJECTS\AI IN HEALTHCARE\MY PROJECT E PAARVAI\Dataset Katarak\train\immature\aug_0_2038_jpeg.rf.b984b4d75b180715075712e488cf9787.jpg,71fad72956b521f019faba47b971c0de9643855f7991209d728ec9a0f024f5ef,c5d86a651c83757a,VF_01126,1,train
dataset_katarak,train,aug_0_2055_jpeg.rf.b21787096fcfa9f0c19cda3bf9d41201.jpg,immature,C:\Personal AI & ML PROJECTS\AI IN HEALTHCARE\MY PROJECT E PAARVAI\Dataset Katarak\train\immature\aug_0_2055_jpeg.rf.b21787096fcfa9f0c19cda3bf9d41201.jpg,8937ea5d6fe6138aa08eeef0b2a516aa5fad84e1fe8cbaba8eded31e1f8ee343,e59ade31e85662c8,VF_01128,1,train
dataset_katarak,train,aug_0_2059_jpeg.rf.e4993d782d965150f8d6f244c074d366.jpg,immature,C:\Personal AI & ML PROJECTS\AI IN HEALTHCARE\MY PROJECT E PAARVAI\Dataset Katarak\train\immature\aug_0_2059_jpeg.rf.e4993d782d965150f8d6f244c074d366.jpg,b51447827f7ae6ce90499e73a3d6ed29aba816b40d1a8b7d88c1f24b75dfa8f8,b614c9cbb4348fd2,VF_01129,1,train
dataset_katarak,train,aug_0_2067_jpeg.rf.9b37860b51384de4dd8735d59b76eb60.jpg,immature,C:\Personal AI & ML PROJECTS\AI IN HEALTHCARE\MY PROJECT E PAARVAI\Dataset Katarak\train\immature\aug_0_2067_jpeg.rf.9b37860b51384de4dd8735d59b76eb60.jpg,18e8a4b7479ff3620ec08e940e69faf71492475ba570bfb78896d460941a2935,f08fcf74c063870d,VF_01130,1,train
dataset_katarak,train,aug_0_2079_jpeg.rf.89b76d9c1c39f9ae73944336dc707814.jpg,immature,C:\Personal AI & ML PROJECTS\AI IN HEALTHCARE\MY PROJECT E PAARVAI\Dataset Katarak\train\immature\aug_0_2079_jpeg.rf.89b76d9c1c39f9ae73944336dc707814.jpg,55be778dd762721da644655052a47835760ba02df4eca03a41ec2f02a83934ae,f362c29f0d3c65e0,VF_01131,1,train
dataset_katarak,train,aug_0_209_jpeg.rf.94c383f3e0e888d5a1c8697833cc6d44.jpg,immature,C:\Personal AI & ML PROJECTS\AI IN HEALTHCARE\MY PROJECT E PAARVAI\Dataset Katarak\train\immature\aug_0_209_jpeg.rf.94c383f3e0e888d5a1c8697833cc6d44.jpg,b3a68efc495f2092d165bf01e243f765555f591c137092f314c53b912e0973e2,c798d867f818c53a,VF_01133,1,train
dataset_katarak,train,aug_0_2100_jpeg.rf.a78a60073fd2348b387609ac2ac2bbfd.jpg,immature,C:\Personal AI & ML PROJECTS\AI IN HEALTHCARE\MY PROJECT E PAARVAI\Dataset Katarak\train\immature\aug_0_2100_jpeg.rf.a78a60073fd2348b387609ac2ac2bbfd.jpg,432de9d954780bf43a2d889fe4b55b36d1f10f26f02acf2c773b68e9bb0ec211,a121a1c7d79745d9,VF_01134,1,train
dataset_katarak,train,aug_0_2106_jpeg.rf.1e109703215afefffd5a9364ad4a6b33.jpg,immature,C:\Personal AI & ML PROJECTS\AI IN HEALTHCARE\MY PROJECT E PAARVAI\Dataset Katarak\train\immature\aug_0_2106_jpeg.rf.1e109703215afefffd5a9364ad4a6b33.jpg,f4b8ddf72376bcda79814b9ecdefc5a9f5daee9c34e34df5a604b483f6cd6c83,9ba4c43bc4dc22dd,VF_01135,1,train
dataset_katarak,train,aug_0_2138_jpeg.rf.8d7d06edd6e843b5975619ee03b779a2.jpg,immature,C:\Personal AI & ML PROJECTS\AI IN HEALTHCARE\MY PROJECT E PAARVAI\Dataset Katarak\train\immature\aug_0_2138_jpeg.rf.8d7d06edd6e843b5975619ee03b779a2.jpg,d45b25008b43e9dae2c89ae1710701bc996958987dc718f43e2b32ca416de85a,ce0e9591b1726676,VF_01137,1,train
dataset_katarak,train,aug_0_2146_jpeg.rf.718f877c39073ea2d415ef8106ef8ec6.jpg,immature,C:\Personal AI & ML PROJECTS\AI IN HEALTHCARE\MY PROJECT E PAARVAI\Dataset Katarak\train\immature\aug_0_2146_jpeg.rf.718f877c39073ea2d415ef8106ef8ec6.jpg,ec923e587a07bb29f77fcf33e4d4f27459ededf66a38d51a0f0bef6542274a14,9313cccccce2e6e4,VF_01138,1,train
dataset_katarak,train,aug_0_2147_jpeg.rf.230aca65ea5c050d047b746882327176.jpg,immature,C:\Personal AI & ML PROJECTS\AI IN HEALTHCARE\MY PROJECT E PAARVAI\Dataset Katarak\train\immature\aug_0_2147_jpeg.rf.230aca65ea5c050d047b746882327176.jpg,9c3b4e4045c8edcc3029e004f9dee64ec85f3e76a68259f32e531992ecfdcf4e,e776980761780ea7,VF_01139,1,train
dataset_katarak,train,aug_0_2150_jpeg.rf.29ce422e96c26b7d474423acdb99c837.jpg,immature,C:\Personal AI & ML PROJECTS\AI IN HEALTHCARE\MY PROJECT E PAARVAI\Dataset Katarak\train\immature\aug_0_2150_jpeg.rf.29ce422e96c26b7d474423acdb99c837.jpg,d669418816b1b538c92d6cb4637fe564cb6ed2c99e0a07db73d7499bbf8d64e1,e8c38628bd75f0d2,VF_01140,1,train
dataset_katarak,train,aug_0_2151_jpeg.rf.841be1966a5e0903b596f3d0d7142d2a.jpg,immature,C:\Personal AI & ML PROJECTS\AI IN HEALTHCARE\MY PROJECT E PAARVAI\Dataset Katarak\train\immature\aug_0_2151_jpeg.rf.841be1966a5e0903b596f3d0d7142d2a.jpg,8ecc70bc06d66a1941cda6ee9dce70b254a1401e225180a2033db938f11f49aa,d6c9dc666a38b542,VF_01141,1,train
dataset_katarak,train,aug_0_2152_jpeg.rf.7ad1a19ab664102a594ec54e1821e707.jpg,immature,C:\Personal AI & ML PROJECTS\AI IN HEALTHCARE\MY PROJECT E PAARVAI\Dataset Katarak\train\immature\aug_0_2152_jpeg.rf.7ad1a19ab664102a594ec54e1821e707.jpg,734c47c46f2b964e34ea7706eb99f7c59b66eef4da87cdbce7f1fd568a14e2d8,fc4a97a66c403d0f,VF_01142,1,train
dataset_katarak,train,aug_0_2170_jpeg.rf.ee53b963e70c45e3bf2bca5932f9b7ba.jpg,immature,C:\Personal AI & ML PROJECTS\AI IN HEALTHCARE\MY PROJECT E PAARVAI\Dataset Katarak\train\immature\aug_0_2170_jpeg.rf.ee53b963e70c45e3bf2bca5932f9b7ba.jpg,63f57d45b48ac7c18fd1df7a412b228a252d204070a44b7298d542543853b744,f08d8f70f40b68f4,VF_01143,1,train
dataset_katarak,train,aug_0_2181_jpeg.rf.ea72627b25db1d7d6756a07c266ae1aa.jpg,immature,C:\Personal AI & ML PROJECTS\AI IN HEALTHCARE\MY PROJECT E PAARVAI\Dataset Katarak\train\immature\aug_0_2181_jpeg.rf.ea72627b25db1d7d6756a07c266ae1aa.jpg,ed2bbad1add7079065fbc89d0c5483bdb4645f1aa41af2990c5925c95e6c687c,bdc2d22d47f0cb84,VF_01144,1,train
dataset_katarak,train,aug_0_2197_jpeg.rf.6366ff1fd9e8dc2efb9e6fd7149a870a.jpg,immature,C:\Personal AI & ML PROJECTS\AI IN HEALTHCARE\MY PROJECT E PAARVAI\Dataset Katarak\train\immature\aug_0_2197_jpeg.rf.6366ff1fd9e8dc2efb9e6fd7149a870a.jpg,98e1adc3595a5b4f7856b904110ecf71110346ffc24d6158bae61a1bc900ee43,f39ccd72c649e0b0,VF_01145,1,train
dataset_katarak,train,aug_0_2199_jpeg.rf.7c637841f43c4ffc93628ef5e862f093.jpg,immature,C:\Personal AI & ML PROJECTS\AI IN HEALTHCARE\MY PROJECT E PAARVAI\Dataset Katarak\train\immature\aug_0_2199_jpeg.rf.7c637841f43c4ffc93628ef5e862f093.jpg,92136af989d35e60dff2cc55df5340426746c2e0f50a0e213b04f12e29719246,f4dbca31e1422bc9,VF_01146,1,train
dataset_katarak,train,aug_0_2205_jpeg.rf.aa2831a2e91f8265febc34dcd553551a.jpg,immature,C:\Personal AI & ML PROJECTS\AI IN HEALTHCARE\MY PROJECT E PAARVAI\Dataset Katarak\train\immature\aug_0_2205_jpeg.rf.aa2831a2e91f8265febc34dcd553551a.jpg,1a5fd9ddf1517342dcb170d011c0ea8925df2a4845329766f2571350e90e6dc2,b2c5c9320d7b3639,VF_01147,1,train
dataset_katarak,train,aug_0_2209_jpeg.rf.3643fd94dcdd11de6d769986f1c821ef.jpg,immature,C:\Personal AI & ML PROJECTS\AI IN HEALTHCARE\MY PROJECT E PAARVAI\Dataset Katarak\train\immature\aug_0_2209_jpeg.rf.3643fd94dcdd11de6d769986f1c821ef.jpg,0e7674639b52e72990abb79bee6d4716774f069aa000c717bb7be800587a5619,fc489784684db33d,VF_01148,1,train
dataset_katarak,train,aug_0_2229_jpeg.rf.589402250e7589d98a5fca2ee43cc1b4.jpg,immature,C:\Personal AI & ML PROJECTS\AI IN HEALTHCARE\MY PROJECT E PAARVAI\Dataset Katarak\train\immature\aug_0_2229_jpeg.rf.589402250e7589d98a5fca2ee43cc1b4.jpg,ae51d9fe8114ebdc35c0c148b505351458314256f17565b007ace9342c70dd0d,e29dc5621fa0b867,VF_01150,1,train
dataset_katarak,train,aug_0_2233_jpeg.rf.3ac375152a79af68d5d55ccab5c2ddf9.jpg,immature,C:\Personal AI & ML PROJECTS\AI IN HEALTHCARE\MY PROJECT E PAARVAI\Dataset Katarak\train\immature\aug_0_2233_jpeg.rf.3ac375152a79af68d5d55ccab5c2ddf9.jpg,a33d7248f11eb3f72e12e2f47998b8ec061b732fb7937b93ef319b93b5f3acb1,b034cbcb2f34b4b4,VF_01151,1,train
dataset_katarak,train,aug_0_2246_jpeg.rf.2619cbb069ac55ebb7ed60f7578c996c.jpg,immature,C:\Personal AI & ML PROJECTS\AI IN HEALTHCARE\MY PROJECT E PAARVAI\Dataset Katarak\train\immature\aug_0_2246_jpeg.rf.2619cbb069ac55ebb7ed60f7578c996c.jpg,0528141045cb8793d4e07d085096502a2c7dcc6f54ba13c599677506d0fbc8b1,b4cb922d3377c00f,VF_01154,1,train
dataset_katarak,train,aug_0_2283_jpeg.rf.ff8a667df4d8dd5e5396938ec93f1122.jpg,immature,C:\Personal AI & ML PROJECTS\AI IN HEALTHCARE\MY PROJECT E PAARVAI\Dataset Katarak\train\immature\aug_0_2283_jpeg.rf.ff8a667df4d8dd5e5396938ec93f1122.jpg,2bdd8c54a4027ccbc2cb300d915b422d47dce53655ab0c746312e5db67c5d865,a68897377952a34b,VF_01156,1,train
dataset_katarak,train,aug_0_2286_jpeg.rf.88c6d76df19f4a148a1d85729ca3c965.jpg,immature,C:\Personal AI & ML PROJECTS\AI IN HEALTHCARE\MY PROJECT E PAARVAI\Dataset Katarak\train\immature\aug_0_2286_jpeg.rf.88c6d76df19f4a148a1d85729ca3c965.jpg,e4302bf907bca7d45bee79b4be2c334b8090c0ea927bf68925a4be8da123eab6,e06096970b69f8be,VF_01157,1,train
dataset_katarak,train,aug_0_2297_jpeg.rf.c34a34f631fdb569db8cb9e40543bc5a.jpg,immature,C:\Personal AI & ML PROJECTS\AI IN HEALTHCARE\MY PROJECT E PAARVAI\Dataset Katarak\train\immature\aug_0_2297_jpeg.rf.c34a34f631fdb569db8cb9e40543bc5a.jpg,fe7f69d1bde9260c2914d84b672b63ccd27ca6d5dfb7082b8604f7bf190c0857,a13b9e21219e7ee8,VF_01158,1,train
dataset_katarak,train,aug_0_2339_jpeg.rf.178009f9cab11012b12c30bf8fb4f79f.jpg,immature,C:\Personal AI & ML PROJECTS\AI IN HEALTHCARE\MY PROJECT E PAARVAI\Dataset Katarak\train\immature\aug_0_2339_jpeg.rf.178009f9cab11012b12c30bf8fb4f79f.jpg,30e1c10ac0f154bb1cb02247c81733f33af698cdebea3cbf4f17a1d6387c6100,e19e9e613d46b889,VF_01159,1,train
dataset_katarak,train,aug_0_2347_jpeg.rf.f0a7037eb99e390aab6a8b77980c1d1f.jpg,immature,C:\Personal AI & ML PROJECTS\AI IN HEALTHCARE\MY PROJECT E PAARVAI\Dataset Katarak\train\immature\aug_0_2347_jpeg.rf.f0a7037eb99e390aab6a8b77980c1d1f.jpg,b4ed48dec8abfe670602ebb277f0afebde99070ee8eb47df410657d552f7b0a6,ec5a93a56cf03d21,VF_01160,1,train
dataset_katarak,train,aug_0_2349_jpeg.rf.a319f5eb06f839c349ab686901951d1e.jpg,immature,C:\Personal AI & ML PROJECTS\AI IN HEALTHCARE\MY PROJECT E PAARVAI\Dataset Katarak\train\immature\aug_0_2349_jpeg.rf.a319f5eb06f839c349ab686901951d1e.jpg,d008902304f334e5eeccc16927ce34759d28e0e644670b14e70c6b68149b32fa,9ae3c51a03683e3f,VF_01161,1,train
dataset_katarak,train,aug_0_2382_jpeg.rf.01bfddffcba6ae0496b8c08dd3578d79.jpg,immature,C:\Personal AI & ML PROJECTS\AI IN HEALTHCARE\MY PROJECT E PAARVAI\Dataset Katarak\train\immature\aug_0_2382_jpeg.rf.01bfddffcba6ae0496b8c08dd3578d79.jpg,074e712f36ba941040690b7bce165421d157d71fc9b2feb825b2a568dde1ec36,b232cfcd2cc4c437,VF_01162,1,train
dataset_katarak,train,aug_0_2402_jpeg.rf.5dca582b1f6002881a90a0179d6b71b2.jpg,immature,C:\Personal AI & ML PROJECTS\AI IN HEALTHCARE\MY PROJECT E PAARVAI\Dataset Katarak\train\immature\aug_0_2402_jpeg.rf.5dca582b1f6002881a90a0179d6b71b2.jpg,5dd4215e3a585d7059240003186aa769030f30d010d25c00e0d18f124789d9bb,b4cb70344bb44f72,VF_01164,1,train
dataset_katarak,train,aug_0_2406_jpeg.rf.6d562fd07724c4857ec1196afd2c1175.jpg,immature,C:\Personal AI & ML PROJECTS\AI IN HEALTHCARE\MY PROJECT E PAARVAI\Dataset Katarak\train\immature\aug_0_2406_jpeg.rf.6d562fd07724c4857ec1196afd2c1175.jpg,b475e94dc6f180f9ab856a946d536f4128b62c5dac7b0697e24c39c60547f482,f525de9a5ac089c9,VF_01165,1,train
dataset_katarak,train,aug_0_2427_jpeg.rf.4fc0eafcdfd1fde6b68441ffc7ece8f8.jpg,immature,C:\Personal AI & ML PROJECTS\AI IN HEALTHCARE\MY PROJECT E PAARVAI\Dataset Katarak\train\immature\aug_0_2427_jpeg.rf.4fc0eafcdfd1fde6b68441ffc7ece8f8.jpg,0b06419ca2a8927de98e0cae0654f03bf688c00ef6048e5a8fe11341bf753a0f,b416cb68a8a3a797,VF_01169,1,train
dataset_katarak,train,aug_0_2446_jpeg.rf.ed5b4780b81da73315e63f9c02939c60.jpg,immature,C:\Personal AI & ML PROJECTS\AI IN HEALTHCARE\MY PROJECT E PAARVAI\Dataset Katarak\train\immature\aug_0_2446_jpeg.rf.ed5b4780b81da73315e63f9c02939c60.jpg,c6a82d17bcdb5613f436305c740c1b3abaad78e7d91af6d2b83cc5214ccb2d97,a0708fcf2f90f0ec,VF_01170,1,train
dataset_katarak,train,aug_0_2524_jpeg.rf.e5a331ac00e5c7532c6a6820b8c25e29.jpg,immature,C:\Personal AI & ML PROJECTS\AI IN HEALTHCARE\MY PROJECT E PAARVAI\Dataset Katarak\train\immature\aug_0_2524_jpeg.rf.e5a331ac00e5c7532c6a6820b8c25e29.jpg,a2132d164e23872bdcdce21213f99c92b6b09d1ec78e8514aea865b7d8cab3c9,b4cbc3344bb7ad10,VF_01173,1,train
dataset_katarak,train,aug_0_2539_jpeg.rf.97be28cf87b42e5d7c80ce97f5629396.jpg,immature,C:\Personal AI & ML PROJECTS\AI IN HEALTHCARE\MY PROJECT E PAARVAI\Dataset Katarak\train\immature\aug_0_2539_jpeg.rf.97be28cf87b42e5d7c80ce97f5629396.jpg,89e7e0568eb311a71668b241158e3ba23d0734e004db9675baa3bf30126b3a76,e535e1d716523dc0,VF_01174,1,train
dataset_katarak,train,aug_0_2546_jpeg.rf.b72d9cb19f7292cd9eae16e9cbd8845e.jpg,immature,C:\Personal AI & ML PROJECTS\AI IN HEALTHCARE\MY PROJECT E PAARVAI\Dataset Katarak\train\immature\aug_0_2546_jpeg.rf.b72d9cb19f7292cd9eae16e9cbd8845e.jpg,4251b37b16b43ad8f9b5321d7c668cfc6bedb07625f34c647bd0e99f54740902,b08fd3b4033eec62,VF_01175,1,train
dataset_katarak,train,aug_0_2552_jpeg.rf.69926ccd12705e6de6dae9d40cdf4c80.jpg,immature,C:\Personal AI & ML PROJECTS\AI IN HEALTHCARE\MY PROJECT E PAARVAI\Dataset Katarak\train\immature\aug_0_2552_jpeg.rf.69926ccd12705e6de6dae9d40cdf4c80.jpg,e29f0b663527c1ca132287bb8a8705f2634b1e387ccf947217bb7d940284a3f5,f5d2da25611ea0e9,VF_01176,1,train
dataset_katarak,train,aug_0_2554_jpeg.rf.349ce53f4f6dcbaef2e010020d569eab.jpg,immature,C:\Personal AI & ML PROJECTS\AI IN HEALTHCARE\MY PROJECT E PAARVAI\Dataset Katarak\train\immature\aug_0_2554_jpeg.rf.349ce53f4f6dcbaef2e010020d569eab.jpg,189cbb46a33af666322d40ec335da89ee5cd3937abc4843e4770fd423b3aa217,c763d89878e1c785,VF_01177,1,train
dataset_katarak,train,aug_0_2591_jpeg.rf.92c0c2e2217db801c44794047d9964c7.jpg,immature,C:\Personal AI & ML PROJECTS\AI IN HEALTHCARE\MY PROJECT E PAARVAI\Dataset Katarak\train\immature\aug_0_2591_jpeg.rf.92c0c2e2217db801c44794047d9964c7.jpg,91f871eb0a6bf11e4a4cf6be12dbaa14f1fec72620c0992aa652e097f918fb67,ba2acf52362c4bf0,VF_01178,1,train
dataset_katarak,train,aug_0_2609_jpeg.rf.def94dce966a324a325de92b39641d06.jpg,immature,C:\Personal AI & ML PROJECTS\AI IN HEALTHCARE\MY PROJECT E PAARVAI\Dataset Katarak\train\immature\aug_0_2609_jpeg.rf.def94dce966a324a325de92b39641d06.jpg,2d5fdcaeb344173e5f5d482f63f21ebb9ed2cce9d14a5c178309d7f56ac9ced2,e2758bcf25b02752,VF_01179,1,train
dataset_katarak,train,aug_0_2623_jpeg.rf.e1dee0abede5b3cd87ae40cf074a535f.jpg,immature,C:\Personal AI & ML PROJECTS\AI IN HEALTHCARE\MY PROJECT E PAARVAI\Dataset Katarak\train\immature\aug_0_2623_jpeg.rf.e1dee0abede5b3cd87ae40cf074a535f.jpg,4ec1ace1b8027acb3fc68423bdbafbbbb4eda1b917d1154da7eb25481b466e68,e19ee5688ef002fc,VF_01180,1,train
dataset_katarak,train,aug_0_2627_jpeg.rf.1e3460045f0d78368edf87927732cf93.jpg,immature,C:\Personal AI & ML PROJECTS\AI IN HEALTHCARE\MY PROJECT E PAARVAI\Dataset Katarak\train\immature\aug_0_2627_jpeg.rf.1e3460045f0d78368edf87927732cf93.jpg,42ec7129018c77f7c7d151ea8fa213f1f8163b8b946ba0a522719650b2b16e32,b235cbcbb42c8d32,VF_01181,1,train
dataset_katarak,train,aug_0_2650_jpeg.rf.0c1985fef0c9708b70c45568d0fd9b71.jpg,immature,C:\Personal AI & ML PROJECTS\AI IN HEALTHCARE\MY PROJECT E PAARVAI\Dataset Katarak\train\immature\aug_0_2650_jpeg.rf.0c1985fef0c9708b70c45568d0fd9b71.jpg,edb901f46bc7a270ee292449203351ca80bd686f56312ff8f2e9f628a5271551,9858c56dc57a16e6,VF_01184,1,train
dataset_katarak,train,aug_0_2670_jpeg.rf.04c2cf2eff0bc808cb8adf7c23f20ac5.jpg,immature,C:\Personal AI & ML PROJECTS\AI IN HEALTHCARE\MY PROJECT E PAARVAI\Dataset Katarak\train\immature\aug_0_2670_jpeg.rf.04c2cf2eff0bc808cb8adf7c23f20ac5.jpg,4c28dae66a985e9d2c2abd76f8016b70aa8941a3e0cbd1367dbb6aacf6c0a264,e868878713da9e2e,VF_01186,1,train
dataset_katarak,train,aug_0_2680_jpeg.rf.f858d5d34807995c63ef1dea086ca914.jpg,immature,C:\Personal AI & ML PROJECTS\AI IN HEALTHCARE\MY PROJECT E PAARVAI\Dataset Katarak\train\immature\aug_0_2680_jpeg.rf.f858d5d34807995c63ef1dea086ca914.jpg,00a685ef4ac402f45a9583ccd094928496f32ad733a799665fd4f2bf684b9c6b,a9e2832c39e96da5,VF_01187,1,train
dataset_katarak,train,aug_0_270_jpeg.rf.8bd28d87fa34256cdfe4d979134819e0.jpg,immature,C:\Personal AI & ML PROJECTS\AI IN HEALTHCARE\MY PROJECT E PAARVAI\Dataset Katarak\train\immature\aug_0_270_jpeg.rf.8bd28d87fa34256cdfe4d979134819e0.jpg,282a84035d42204d05dd4be412e9338f62107d958dd0bd03b7eda95bf16f18aa,ba3ac4850ef7da30,VF_01188,1,train
dataset_katarak,train,aug_0_2714_jpeg.rf.f26dcd4ae6e89b534030a1c660c79b25.jpg,immature,C:\Personal AI & ML PROJECTS\AI IN HEALTHCARE\MY PROJECT E PAARVAI\Dataset Katarak\train\immature\aug_0_2714_jpeg.rf.f26dcd4ae6e89b534030a1c660c79b25.jpg,a6b82841dad6d3bf995620b0e1ee4ee98fbdd60afbbe7d13a6e0fa1d29320ebd,a7d8b8279e3861c6,VF_01189,1,train
dataset_katarak,train,aug_0_2748_jpeg.rf.39645900e0afde5857ba182a6cbc811a.jpg,immature,C:\Personal AI & ML PROJECTS\AI IN HEALTHCARE\MY PROJECT E PAARVAI\Dataset Katarak\train\immature\aug_0_2748_jpeg.rf.39645900e0afde5857ba182a6cbc811a.jpg,a38f93ff26e91db2cc41365237cd702169aef56e456bf6e95e12645609fb6a89,b0c9cb342fd5a41b,VF_01191,1,train
dataset_katarak,train,aug_0_2765_jpeg.rf.170f35683326c633bc21b66191c9aa1f.jpg,immature,C:\Personal AI & ML PROJECTS\AI IN HEALTHCARE\MY PROJECT E PAARVAI\Dataset Katarak\train\immature\aug_0_2765_jpeg.rf.170f35683326c633bc21b66191c9aa1f.jpg,4b28ad138cf9193856e8885a50e0552ec2d049b563d07257beea7871d7b273e3,a18a9f64b4473ea9,VF_01192,1,train
dataset_katarak,train,aug_0_2767_jpeg.rf.d0b925bec3bd89321832e6d63caa29cc.jpg,immature,C:\Personal AI & ML PROJECTS\AI IN HEALTHCARE\MY PROJECT E PAARVAI\Dataset Katarak\train\immature\aug_0_2767_jpeg.rf.d0b925bec3bd89321832e6d63caa29cc.jpg,f9e3b168427cec25457e6fdd0fdc25e7c9dd3b9b45b0c3ecc9d1e78806a80973,a53b9a21a51e7e68,VF_01193,1,train
dataset_katarak,train,aug_0_2769_jpeg.rf.71ad64d5ae4ef44bf782cf807c071217.jpg,immature,C:\Personal AI & ML PROJECTS\AI IN HEALTHCARE\MY PROJECT E PAARVAI\Dataset Katarak\train\immature\aug_0_2769_jpeg.rf.71ad64d5ae4ef44bf782cf807c071217.jpg,4fbd7c062c4bf469e6e836c0f0dd241a1ef75523b9e7e8c6d597d692f20ae4e9,e8bc97c1f828c0f5,VF_01194,1,train
dataset_katarak,train,aug_0_2781_jpeg.rf.343182f4c21294daebf851cd5995dd53.jpg,immature,C:\Personal AI & ML PROJECTS\AI IN HEALTHCARE\MY PROJECT E PAARVAI\Dataset Katarak\train\immature\aug_0_2781_jpeg.rf.343182f4c21294daebf851cd5995dd53.jpg,f7308c0657cb688dd2cab8d837863c075ba4d4aac7394582107c6000a0ff8ad8,b9788292f9ab84f4,VF_01195,1,train
dataset_katarak,train,aug_0_2797_jpeg.rf.37b03c22e32cd49604a245e6d45ae197.jpg,immature,C:\Personal AI & ML PROJECTS\AI IN HEALTHCARE\MY PROJECT E PAARVAI\Dataset Katarak\train\immature\aug_0_2797_jpeg.rf.37b03c22e32cd49604a245e6d45ae197.jpg,6198608cab252c5457405104b714b19850c64759ad0c6e1f54c667213f37acc9,b09fd47c4be069a1,VF_01197,1,train
dataset_katarak,train,aug_0_2828_jpeg.rf.6a5ac816be04e6b8a1fc3047d9ff6839.jpg,immature,C:\Personal AI & ML PROJECTS\AI IN HEALTHCARE\MY PROJECT E PAARVAI\Dataset Katarak\train\immature\aug_0_2828_jpeg.rf.6a5ac816be04e6b8a1fc3047d9ff6839.jpg,fc9a529917d17aa9dd3f834682a52d03d8dedc4ba9c263470453b01ab90a321d,ee5693a16c6b3903,VF_01200,1,train
dataset_katarak,train,aug_0_2843_jpeg.rf.90beae9cbc8091eed464a1eb7486bfa3.jpg,immature,C:\Personal AI & ML PROJECTS\AI IN HEALTHCARE\MY PROJECT E PAARVAI\Dataset Katarak\train\immature\aug_0_2843_jpeg.rf.90beae9cbc8091eed464a1eb7486bfa3.jpg,b1727ef39986deb86ee6c3445d965d7962dd1ec14e73237b1de5b8b036a2b500,f527d49a5a9099c9,VF_01201,1,train
dataset_katarak,train,aug_0_284_jpeg.rf.3ece4b50a9d9641467cac62f5962f06c.jpg,immature,C:\Personal AI & ML PROJECTS\AI IN HEALTHCARE\MY PROJECT E PAARVAI\Dataset Katarak\train\immature\aug_0_284_jpeg.rf.3ece4b50a9d9641467cac62f5962f06c.jpg,b0a3b50be6155c1f8083943e377286cbf1cb74f8d126fe89f84bc63804a68077,b0cd92345ff04b33,VF_01202,1,train
dataset_katarak,train,aug_0_2878_jpeg.rf.8adfcfbc7e73cac7671bee877971829c.jpg,immature,C:\Personal AI & ML PROJECTS\AI IN HEALTHCARE\MY PROJECT E PAARVAI\Dataset Katarak\train\immature\aug_0_2878_jpeg.rf.8adfcfbc7e73cac7671bee877971829c.jpg,48a29ad3c0d5be39b9f353fed47caf6bfc3882bb3a873dcd93c3279d673543d4,e82597cc985bc3e2,VF_01203,1,train
dataset_katarak,train,aug_0_2897_jpeg.rf.5d494d736b715c9366f36dff6a6e24a1.jpg,immature,C:\Personal AI & ML PROJECTS\AI IN HEALTHCARE\MY PROJECT E PAARVAI\Dataset Katarak\train\immature\aug_0_2897_jpeg.rf.5d494d736b715c9366f36dff6a6e24a1.jpg,2afda647dd68fd084a5320d68033da3bf128c982ce22e21dae8f378968315e5f,b0353eca5a6868f5,VF_01204,1,train
dataset_katarak,train,aug_0_2906_jpeg.rf.96a9b7b2b11376655c7c1f4cab1cd96a.jpg,immature,C:\Personal AI & ML PROJECTS\AI IN HEALTHCARE\MY PROJECT E PAARVAI\Dataset Katarak\train\immature\aug_0_2906_jpeg.rf.96a9b7b2b11376655c7c1f4cab1cd96a.jpg,e61ac39c82b9ba2d3550ce6c7f9a32bd9665275cac24d6a0e15264ba718d60de,e897e77805169f50,VF_01205,1,train
dataset_katarak,train,aug_0_2979_jpeg.rf.2f36bcd2e161f78fb0630992a2a05088.jpg,immature,C:\Personal AI & ML PROJECTS\AI IN HEALTHCARE\MY PROJECT E PAARVAI\Dataset Katarak\train\immature\aug_0_2979_jpeg.rf.2f36bcd2e161f78fb0630992a2a05088.jpg,0b4d9f52f7f384b67812620e19a86e2e7cb719054bf60e7c8bb9ac13ae7f239a,a29c89321f7e8c67,VF_01210,1,train
dataset_katarak,train,aug_0_297_jpeg.rf.24eeb5bdea9d8314f534fd32e2f79033.jpg,immature,C:\Personal AI & ML PROJECTS\AI IN HEALTHCARE\MY PROJECT E PAARVAI\Dataset Katarak\train\immature\aug_0_297_jpeg.rf.24eeb5bdea9d8314f534fd32e2f79033.jpg,ca4c2df0605d3adfce67a9e40bff0ba7a7826ae2870a42a05cbfcd88c70d9659,e161e7870764d89e,VF_01211,1,train
dataset_katarak,train,aug_0_3005_jpeg.rf.d4e3d47a8f4fe2e53e51c7ed6ff51fa0.jpg,immature,C:\Personal AI & ML PROJECTS\AI IN HEALTHCARE\MY PROJECT E PAARVAI\Dataset Katarak\train\immature\aug_0_3005_jpeg.rf.d4e3d47a8f4fe2e53e51c7ed6ff51fa0.jpg,4980448f07afb33f0c559fad2858ad94cd5148ef0bde9fcdfae4ec3dd8c3fe0f,92368dcdadb692d0,VF_01213,1,train
dataset_katarak,train,aug_0_3014_jpeg.rf.11712fdf88f53d3ae2183c7964977419.jpg,immature,C:\Personal AI & ML PROJECTS\AI IN HEALTHCARE\MY PROJECT E PAARVAI\Dataset Katarak\train\immature\aug_0_3014_jpeg.rf.11712fdf88f53d3ae2183c7964977419.jpg,31c90ecdacede06eb3305e97c5fadea2111914d8809d95e354cf229eca60bddc,b034c3cb4b5bcccc,VF_01214,1,train
dataset_katarak,train,aug_0_3015_jpeg.rf.de9d3945ceee337d38d37c172f2a72cf.jpg,immature,C:\Personal AI & ML PROJECTS\AI IN HEALTHCARE\MY PROJECT E PAARVAI\Dataset Katarak\train\immature\aug_0_3015_jpeg.rf.de9d3945ceee337d38d37c172f2a72cf.jpg,398427f37bb0d931e125b61ee4a6f0f38fc9a652dae78acabf465cc5531d97c2,b19fd2600f03f41f,VF_01215,1,train
dataset_katarak,train,aug_0_3022_jpeg.rf.1b7fc7e0d1fa24035bebf9e99b5cfd11.jpg,immature,C:\Personal AI & ML PROJECTS\AI IN HEALTHCARE\MY PROJECT E PAARVAI\Dataset Katarak\train\immature\aug_0_3022_jpeg.rf.1b7fc7e0d1fa24035bebf9e99b5cfd11.jpg,39df97ac3fcbea85d9d00621eabb6384c6068009e46669ea45daa279c8e98ec8,b0cf8930ed4bb02f,VF_01216,1,train
dataset_katarak,train,aug_0_3079_jpeg.rf.062e419000103f8d5fc06e8160f131e5.jpg,immature,C:\Personal AI & ML PROJECTS\AI IN HEALTHCARE\MY PROJECT E PAARVAI\Dataset Katarak\train\immature\aug_0_3079_jpeg.rf.062e419000103f8d5fc06e8160f131e5.jpg,3ad33241c6cb79ad01554422a74ae1ecbe4325d47aebf9cd0344686df5e81190,b4e9cb97a46892a3,VF_01220,1,train
dataset_katarak,train,aug_0_3097_jpeg.rf.b32a9ebe7460e3926079db5343ac38f7.jpg,immature,C:\Personal AI & ML PROJECTS\AI IN HEALTHCARE\MY PROJECT E PAARVAI\Dataset Katarak\train\immature\aug_0_3097_jpeg.rf.b32a9ebe7460e3926079db5343ac38f7.jpg,9aff052168d51877a7b38d9a38ef30b11b83c7f8d50a1552fea59d35bdb3917a,e161259e1e9e79d0,VF_01221,1,train
dataset_katarak,train,aug_0_3119_jpeg.rf.cef3a340efbed2a1bd7d86f37a339f7d.jpg,immature,C:\Personal AI & ML PROJECTS\AI IN HEALTHCARE\MY PROJECT E PAARVAI\Dataset Katarak\train\immature\aug_0_3119_jpeg.rf.cef3a340efbed2a1bd7d86f37a339f7d.jpg,928a8bfcde58a4b99b8b6019142aeb988812d138f64179d5c585e2d412b65070,ba38c4850ef6fa32,VF_01222,1,train
dataset_katarak,train,aug_0_3124_jpeg.rf.614454c0c9a41c53819ab2bc65f7b744.jpg,immature,C:\Personal AI & ML PROJECTS\AI IN HEALTHCARE\MY PROJECT E PAARVAI\Dataset Katarak\train\immature\aug_0_3124_jpeg.rf.614454c0c9a41c53819ab2bc65f7b744.jpg,8889bb250683094b81f9c91396e65c91972adc6f7b54cabaedee8adb7336c1ad,f262f2d58d872383,VF_01223,1,train
dataset_katarak,train,aug_0_3140_jpeg.rf.283ad7ec30525ed0d1b0c85b7a279466.jpg,immature,C:\Personal AI & ML PROJECTS\AI IN HEALTHCARE\MY PROJECT E PAARVAI\Dataset Katarak\train\immature\aug_0_3140_jpeg.rf.283ad7ec30525ed0d1b0c85b7a279466.jpg,05a6a29fe48bb7e4ca354444a1c046bb78b371460c570bd79ba5069891927691,b224cdd2b40d5b3e,VF_01225,1,train
dataset_katarak,train,aug_0_3153_jpeg.rf.99d5a91d0d3da356f5c62c57cce20ab0.jpg,immature,C:\Personal AI & ML PROJECTS\AI IN HEALTHCARE\MY PROJECT E PAARVAI\Dataset Katarak\train\immature\aug_0_3153_jpeg.rf.99d5a91d0d3da356f5c62c57cce20ab0.jpg,1ad75583fe5053ebaa419459fe22002c2508371d5d8221aad0d0b980c8c507f9,a525dadaa3a1391e,VF_01226,1,train
dataset_katarak,train,aug_0_3163_jpeg.rf.191d83e3e7290d96264a81f34e7cac0d.jpg,immature,C:\Personal AI & ML PROJECTS\AI IN HEALTHCARE\MY PROJECT E PAARVAI\Dataset Katarak\train\immature\aug_0_3163_jpeg.rf.191d83e3e7290d96264a81f34e7cac0d.jpg,6f8e278c661a024d522d4e90ba503901ce733a7c0cca420ee59be4f887243011,f986826dfd64c40b,VF_01227,1,train
dataset_katarak,train,aug_0_3171_jpeg.rf.30a6c611874d94f77bace7969b748541.jpg,immature,C:\Personal AI & ML PROJECTS\AI IN HEALTHCARE\MY PROJECT E PAARVAI\Dataset Katarak\train\immature\aug_0_3171_jpeg.rf.30a6c611874d94f77bace7969b748541.jpg,bb5d279448a2960a4dd5c6b59b7938a2de90a8aa738c319cafbd8e9d7c517e5a,f7679898709581e6,VF_01229,1,train
dataset_katarak,train,aug_0_3193_jpeg.rf.a6f2223bbb2a240233f3ce01b90e266e.jpg,immature,C:\Personal AI & ML PROJECTS\AI IN HEALTHCARE\MY PROJECT E PAARVAI\Dataset Katarak\train\immature\aug_0_3193_jpeg.rf.a6f2223bbb2a240233f3ce01b90e266e.jpg,ec98593c127876fae4389bfe1d78d2e40a768fe80644fb3dc6325ef891842cd6,a52582ca7ab18fe3,VF_01230,1,train
dataset_katarak,train,aug_0_3199_jpeg.rf.8ec3ea0401ac6583b7119e64ff6ae45a.jpg,immature,C:\Personal AI & ML PROJECTS\AI IN HEALTHCARE\MY PROJECT E PAARVAI\Dataset Katarak\train\immature\aug_0_3199_jpeg.rf.8ec3ea0401ac6583b7119e64ff6ae45a.jpg,336c4b2d37f014e20ebecf1e5112cf6f5b054792a5797af1f437f9a3dad15afe,efae9861c3262e92,VF_01231,1,train
dataset_katarak,train,aug_0_3219_jpeg.rf.eaabb049bf477fbf7f7c81c0b923f3a5.jpg,immature,C:\Personal AI & ML PROJECTS\AI IN HEALTHCARE\MY PROJECT E PAARVAI\Dataset Katarak\train\immature\aug_0_3219_jpeg.rf.eaabb049bf477fbf7f7c81c0b923f3a5.jpg,c60522a383f61a77061193d0735a24350f893ab4a82bbe22deaee65742019a2e,ee5e93a16c483b0b,VF_01232,1,train
dataset_katarak,train,aug_0_3232_jpeg.rf.a9873d121c0e6967675d655300292ff9.jpg,immature,C:\Personal AI & ML PROJECTS\AI IN HEALTHCARE\MY PROJECT E PAARVAI\Dataset Katarak\train\immature\aug_0_3232_jpeg.rf.a9873d121c0e6967675d655300292ff9.jpg,2748212803c2678d63ce865885c42ed6324e94cbda8981ed6dfa78cf9eef676f,c28f0f3570f23cd2,VF_01234,1,train
dataset_katarak,train,aug_0_3261_jpeg.rf.bf6d1d9e5a7f72834f26073f949864b7.jpg,immature,C:\Personal AI & ML PROJECTS\AI IN HEALTHCARE\MY PROJECT E PAARVAI\Dataset Katarak\train\immature\aug_0_3261_jpeg.rf.bf6d1d9e5a7f72834f26073f949864b7.jpg,163b38f055cc9491fdabb573c9885785087d0bf19c32bace0e60c7f6131da111,b034cbcb6b2aa4ec,VF_01237,1,train
dataset_katarak,train,aug_0_3263_jpeg.rf.29b7ee9a92bafdc6f07b2dd6d70a678f.jpg,immature,C:\Personal AI & ML PROJECTS\AI IN HEALTHCARE\MY PROJECT E PAARVAI\Dataset Katarak\train\immature\aug_0_3263_jpeg.rf.29b7ee9a92bafdc6f07b2dd6d70a678f.jpg,cf6e3da85a5dd3858915be0c9de96fc57232289b39b08a7492e84cae0075dabd,b436cacab5258bb1,VF_01238,1,train
dataset_katarak,train,aug_0_3312_jpeg.rf.6ced0c94d739beed464622526d69db70.jpg,immature,C:\Personal AI & ML PROJECTS\AI IN HEALTHCARE\MY PROJECT E PAARVAI\Dataset Katarak\train\immature\aug_0_3312_jpeg.rf.6ced0c94d739beed464622526d69db70.jpg,ba9b2c26a5d7e03f44e4058a8341b0953f7f2515945ff6b33b089df56925a0b8,eca193586c1e31fc,VF_01240,1,train
dataset_katarak,train,aug_0_3340_jpeg.rf.3c41e2899934ca80451c29a42bcca707.jpg,immature,C:\Personal AI & ML PROJECTS\AI IN HEALTHCARE\MY PROJECT E PAARVAI\Dataset Katarak\train\immature\aug_0_3340_jpeg.rf.3c41e2899934ca80451c29a42bcca707.jpg,7daee60849afed14d07b6ee145bd6dcba412555e4eff5c2b7218a7eb5fe128b6,e5259adc95c992a6,VF_01241,1,train
dataset_katarak,train,aug_0_3363_jpeg.rf.2557b14f3cecce4eee0666f080e799ba.jpg,immature,C:\Personal AI & ML PROJECTS\AI IN HEALTHCARE\MY PROJECT E PAARVAI\Dataset Katarak\train\immature\aug_0_3363_jpeg.rf.2557b14f3cecce4eee0666f080e799ba.jpg,d9f9da57843b2eca132768921c1369660692cf592dca7b8b5537baa590e04934,a525a6dadada4643,VF_01243,1,train
dataset_katarak,train,aug_0_3369_jpeg.rf.c91ffb938fde7b01368201f5f3817ecc.jpg,immature,C:\Personal AI & ML PROJECTS\AI IN HEALTHCARE\MY PROJECT E PAARVAI\Dataset Katarak\train\immature\aug_0_3369_jpeg.rf.c91ffb938fde7b01368201f5f3817ecc.jpg,ff2651795f3a7f677ff1f0388dad1c6c46fcedc66a1db3271cabfb1131916af1,ce4e91b176466e0d,VF_01244,1,train
dataset_katarak,train,aug_0_3378_jpeg.rf.d57dc258fff3ffd5e1ffabe8e246aa36.jpg,immature,C:\Personal AI & ML PROJECTS\AI IN HEALTHCARE\MY PROJECT E PAARVAI\Dataset Katarak\train\immature\aug_0_3378_jpeg.rf.d57dc258fff3ffd5e1ffabe8e246aa36.jpg,eab37cadfc035c2af0ef83ce9c45c9595d954e0e7dcfd41bbe9f622217d71a77,cef1956e914cd268,VF_01246,1,train
dataset_katarak,train,aug_0_3385_jpeg.rf.7f14af037da2d936681422e598cbeca2.jpg,immature,C:\Personal AI & ML PROJECTS\AI IN HEALTHCARE\MY PROJECT E PAARVAI\Dataset Katarak\train\immature\aug_0_3385_jpeg.rf.7f14af037da2d936681422e598cbeca2.jpg,ff77dd704f2dd5838d048bac4d9b0171b3924fa6061bcd8ba6d9738ba79c910f,d0dde2608f35e833,VF_01247,1,train
dataset_katarak,train,aug_0_3400_jpeg.rf.1c73bbb02ebdddd0eec41eb49fc3f0fc.jpg,immature,C:\Personal AI & ML PROJECTS\AI IN HEALTHCARE\MY PROJECT E PAARVAI\Dataset Katarak\train\immature\aug_0_3400_jpeg.rf.1c73bbb02ebdddd0eec41eb49fc3f0fc.jpg,24807f4e504d778b3559538324817e11fc771018cd75fe5efc331c576f752e90,f19fc2600f07f41e,VF_01249,1,train
dataset_katarak,train,aug_0_3411_jpeg.rf.8f87e1f67edee5015349223bc3df848a.jpg,immature,C:\Personal AI & ML PROJECTS\AI IN HEALTHCARE\MY PROJECT E PAARVAI\Dataset Katarak\train\immature\aug_0_3411_jpeg.rf.8f87e1f67edee5015349223bc3df848a.jpg,468fb829eed45154765c346690f93af66a17c4fc9399769ca31aa635e12d0b11,b4cfcb34281bb4cc,VF_01250,1,train
dataset_katarak,train,aug_0_3413_jpeg.rf.2078457c82b749884fce36fdf1b5af80.jpg,immature,C:\Personal AI & ML PROJECTS\AI IN HEALTHCARE\MY PROJECT E PAARVAI\Dataset Katarak\train\immature\aug_0_3413_jpeg.rf.2078457c82b749884fce36fdf1b5af80.jpg,c80799bafb1192a9b1aa17307b1ee6c694b1c8dc0c73dab29928246a0df5f94e,a91fc2f23d18e64a,VF_01251,1,train
dataset_katarak,train,aug_0_341_jpeg.rf.38af7ddd9a55a7e86e99945c9c64cbd4.jpg,immature,C:\Personal AI & ML PROJECTS\AI IN HEALTHCARE\MY PROJECT E PAARVAI\Dataset Katarak\train\immature\aug_0_341_jpeg.rf.38af7ddd9a55a7e86e99945c9c64cbd4.jpg,f16b1ec7ffa7d660785b9b0c0eac359e42ba883cd383aa2a029f5843d2fb5ac0,eca59358ce232997,VF_01252,1,train
dataset_katarak,train,aug_0_3428_jpeg.rf.5329f4396300df9fa82ade92a87086b7.jpg,immature,C:\Personal AI & ML PROJECTS\AI IN HEALTHCARE\MY PROJECT E PAARVAI\Dataset Katarak\train\immature\aug_0_3428_jpeg.rf.5329f4396300df9fa82ade92a87086b7.jpg,c6d0ff2311440834453aa7d526861145b4e5e4619c93207a8b17fb675ce94656,b474c2c202ddcf8f,VF_01253,1,train
dataset_katarak,train,aug_0_3435_jpeg.rf.baa3c493bc81d300a28004ff073825a8.jpg,immature,C:\Personal AI & ML PROJECTS\AI IN HEALTHCARE\MY PROJECT E PAARVAI\Dataset Katarak\train\immature\aug_0_3435_jpeg.rf.baa3c493bc81d300a28004ff073825a8.jpg,a4c43f2df2b8e83964c44338646309ace6e2f966d21e2597bcbf075c3caa785c,e525de9878e1a583,VF_01255,1,train
dataset_katarak,train,aug_0_3441_jpeg.rf.972b5eb74d8b3bf7e0df462f111c6f89.jpg,immature,C:\Personal AI & ML PROJECTS\AI IN HEALTHCARE\MY PROJECT E PAARVAI\Dataset Katarak\train\immature\aug_0_3441_jpeg.rf.972b5eb74d8b3bf7e0df462f111c6f89.jpg,c17c27ace1e6ae9210149d71caec78a2f2d1ab5eeaa476bd6c3cb60b1c388fa5,a5da9a25a11eb9e1,VF_01256,1,train
dataset_katarak,train,aug_0_3448_jpeg.rf.9cbee19022c8814ab8a28e1b21183e1c.jpg,immature,C:\Personal AI & ML PROJECTS\AI IN HEALTHCARE\MY PROJECT E PAARVAI\Dataset Katarak\train\immature\aug_0_3448_jpeg.rf.9cbee19022c8814ab8a28e1b21183e1c.jpg,17f6ff91c800fa9d11bc71584254dd52aacce977d3e426ced65e57ccca9b68fc,b0708bcb2db4f0d6,VF_01257,1,train
dataset_katarak,train,aug_0_3459_jpeg.rf.d5cd7c33a121f28a5ff11ea1971d1357.jpg,immature,C:\Personal AI & ML PROJECTS\AI IN HEALTHCARE\MY PROJECT E PAARVAI\Dataset Katarak\train\immature\aug_0_3459_jpeg.rf.d5cd7c33a121f28a5ff11ea1971d1357.jpg,5614a139908054bf74a2c0eade25f2617f2fc2acf4af76bcca10f9864921dcaf,e1039e3df8f2e2c0,VF_01258,1,train
dataset_katarak,train,aug_0_3475_jpeg.rf.0676a1ec2afeb36c7a6f2f50d9f7f08a.jpg,immature,C:\Personal AI & ML PROJECTS\AI IN HEALTHCARE\MY PROJECT E PAARVAI\Dataset Katarak\train\immature\aug_0_3475_jpeg.rf.0676a1ec2afeb36c7a6f2f50d9f7f08a.jpg,d348d9006ddee81eae8027863f283c11984173fcdeb6817e5f87afd0f4462f1d,a5daba259e1e21c6,VF_01260,1,train
dataset_katarak,train,aug_0_3496_jpeg.rf.d7e0a9c4519eb0e937085824e180b047.jpg,immature,C:\Personal AI & ML PROJECTS\AI IN HEALTHCARE\MY PROJECT E PAARVAI\Dataset Katarak\train\immature\aug_0_3496_jpeg.rf.d7e0a9c4519eb0e937085824e180b047.jpg,2bd563ab683c8719cd55a7db02199f5e6ce3f98125f96ff77873a68ed9d15b50,b4cbcb340bc3b44b,VF_01262,1,train
dataset_katarak,train,aug_0_3517_jpeg.rf.edb1e51aebc88c441794812bdf13f897.jpg,immature,C:\Personal AI & ML PROJECTS\AI IN HEALTHCARE\MY PROJECT E PAARVAI\Dataset Katarak\train\immature\aug_0_3517_jpeg.rf.edb1e51aebc88c441794812bdf13f897.jpg,2b58252ce773879d36527a70ff239105f42ae72cb43a02216686c7e3ac444ef2,b0308b9bbcfc3670,VF_01264,1,train
dataset_katarak,train,aug_0_3519_jpeg.rf.b49be8f2c4653375947f30f6e10a135a.jpg,immature,C:\Personal AI & ML PROJECTS\AI IN HEALTHCARE\MY PROJECT E PAARVAI\Dataset Katarak\train\immature\aug_0_3519_jpeg.rf.b49be8f2c4653375947f30f6e10a135a.jpg,8685ce3b028a5d3394e758798ea7676bd0d58792d6a2de113e9888fc03acfc58,e161c7871754d89e,VF_01265,1,train
dataset_katarak,train,aug_0_3531_jpeg.rf.707be07128a00395cb7eeb9a5b0cb703.jpg,immature,C:\Personal AI & ML PROJECTS\AI IN HEALTHCARE\MY PROJECT E PAARVAI\Dataset Katarak\train\immature\aug_0_3531_jpeg.rf.707be07128a00395cb7eeb9a5b0cb703.jpg,293b82e8fc8f2d4722645c9fea8b2e0cc58af6d620bf21a1a76bee6a304d6cd9,e520decee9ca6381,VF_01266,1,train
dataset_katarak,train,aug_0_3539_jpeg.rf.ef02c55458c7f7c21f09dfb29556cccb.jpg,immature,C:\Personal AI & ML PROJECTS\AI IN HEALTHCARE\MY PROJECT E PAARVAI\Dataset Katarak\train\immature\aug_0_3539_jpeg.rf.ef02c55458c7f7c21f09dfb29556cccb.jpg,8c150b538c26dbe776af599683e77751548cc2e0966a1467b368c4126c90874e,e19f62610fc23d63,VF_01267,1,train
dataset_katarak,train,aug_0_3547_jpeg.rf.7b17048ea1c7a512c800fb15694cb36d.jpg,immature,C:\Personal AI & ML PROJECTS\AI IN HEALTHCARE\MY PROJECT E PAARVAI\Dataset Katarak\train\immature\aug_0_3547_jpeg.rf.7b17048ea1c7a512c800fb15694cb36d.jpg,cc21cf7dfc8e386008cb12be12982f651daaea6f9a25a2386606dee87ecb5865,b1649acea1789667,VF_01268,1,train
dataset_katarak,train,aug_0_3554_jpeg.rf.ced494d68a19e7dd374cd38551b53821.jpg,immature,C:\Personal AI & ML PROJECTS\AI IN HEALTHCARE\MY PROJECT E PAARVAI\Dataset Katarak\train\immature\aug_0_3554_jpeg.rf.ced494d68a19e7dd374cd38551b53821.jpg,b2621c5970967c2a7469b90af4982c184c5c67608b6b8751392e1f2a7c29ca5c,df267e981860f187,VF_01270,1,train
dataset_katarak,train,aug_0_357_jpeg.rf.7d4d68795d173fef9edb54457c91d1a0.jpg,immature,C:\Personal AI & ML PROJECTS\AI IN HEALTHCARE\MY PROJECT E PAARVAI\Dataset Katarak\train\immature\aug_0_357_jpeg.rf.7d4d68795d173fef9edb54457c91d1a0.jpg,c49cb423423d7d32e5e489b1c3ce1f04c5fe49c2aabedac832eca1864baf5a3f,e3829c7b61844edb,VF_01271,1,train
dataset_katarak,train,aug_0_3595_jpeg.rf.dba433e779069ba13b7bdcdb886ec3be.jpg,immature,C:\Personal AI & ML PROJECTS\AI IN HEALTHCARE\MY PROJECT E PAARVAI\Dataset Katarak\train\immature\aug_0_3595_jpeg.rf.dba433e779069ba13b7bdcdb886ec3be.jpg,373b4c73796cd160ef34d8971ce5e857527adc427a78e58392c1c31a3515b30e,f521d78f0e52d898,VF_01272,1,train
dataset_katarak,train,aug_0_3607_jpeg.rf.16f94e44fbb8c8fa3f0b001e876890f5.jpg,immature,C:\Personal AI & ML PROJECTS\AI IN HEALTHCARE\MY PROJECT E PAARVAI\Dataset Katarak\train\immature\aug_0_3607_jpeg.rf.16f94e44fbb8c8fa3f0b001e876890f5.jpg,2f253e6eeb08820113124c1780e8225fefdf2e14719d67973bc96fcb5047cfd2,a73798d883e5b11a,VF_01273,1,train
dataset_katarak,train,aug_0_3618_jpeg.rf.57b6de3061639a8665ba6fa978db619f.jpg,immature,C:\Personal AI & ML PROJECTS\AI IN HEALTHCARE\MY PROJECT E PAARVAI\Dataset Katarak\train\immature\aug_0_3618_jpeg.rf.57b6de3061639a8665ba6fa978db619f.jpg,60ffa00bae7638f586807cea562a51a25f8efd9c1bc33b092fd3641821a81b83,f38cdd72f20d6430,VF_01274,1,train
dataset_katarak,train,aug_0_3620_jpeg.rf.5a74a6a84442c4d28b13151516ef54c2.jpg,immature,C:\Personal AI & ML PROJECTS\AI IN HEALTHCARE\MY PROJECT E PAARVAI\Dataset Katarak\train\immature\aug_0_3620_jpeg.rf.5a74a6a84442c4d28b13151516ef54c2.jpg,dfdbdcfffd777517751589f4666244d4c94bd54256d786121505fafe02019911,f520768f8ecae8c8,VF_01275,1,train
dataset_katarak,train,aug_0_3621_jpeg.rf.036847b82053183f07b7c9d68ea4592e.jpg,immature,C:\Personal AI & ML PROJECTS\AI IN HEALTHCARE\MY PROJECT E PAARVAI\Dataset Katarak\train\immature\aug_0_3621_jpeg.rf.036847b82053183f07b7c9d68ea4592e.jpg,9c662f1028bb27353337d6cb999b7e03b448a068bfab4c84a3d72c62047e6d7d,bcc3c1342f42b5dc,VF_01276,1,train
dataset_katarak,train,aug_0_3646_jpeg.rf.0efa997a2eb152cfefa0484fd37983b5.jpg,immature,C:\Personal AI & ML PROJECTS\AI IN HEALTHCARE\MY PROJECT E PAARVAI\Dataset Katarak\train\immature\aug_0_3646_jpeg.rf.0efa997a2eb152cfefa0484fd37983b5.jpg,591e2870b304f9bf4344f4d751387858a65ae323e3448231d74d4e3b009caa46,a5da9e218517d758,VF_01277,1,train
dataset_katarak,train,aug_0_3661_jpeg.rf.741e5651c04416e2087ceec8bd34db4f.jpg,immature,C:\Personal AI & ML PROJECTS\AI IN HEALTHCARE\MY PROJECT E PAARVAI\Dataset Katarak\train\immature\aug_0_3661_jpeg.rf.741e5651c04416e2087ceec8bd34db4f.jpg,e34120e41ecc6fb5115b7f8628721c0a56358a7ae9f2300490b2f55da489482c,e161c7871e56d89c,VF_01278,1,train
dataset_katarak,train,aug_0_3671_jpeg.rf.b8418b342d27c31d8d5b5902b1a62e4c.jpg,immature,C:\Personal AI & ML PROJECTS\AI IN HEALTHCARE\MY PROJECT E PAARVAI\Dataset Katarak\train\immature\aug_0_3671_jpeg.rf.b8418b342d27c31d8d5b5902b1a62e4c.jpg,c29c7979e81657bfced0331e41c3b322898da3fe9303295259aca3fcd5ba88e5,bb59c0c4c667b706,VF_01280,1,train
dataset_katarak,train,aug_0_3686_jpeg.rf.4dd0721ec0cb4521615c0861d8a29f06.jpg,immature,C:\Personal AI & ML PROJECTS\AI IN HEALTHCARE\MY PROJECT E PAARVAI\Dataset Katarak\train\immature\aug_0_3686_jpeg.rf.4dd0721ec0cb4521615c0861d8a29f06.jpg,f101193b64c2e5b729020743c52a7e592019cb5981338e7e59d8e763f7a51cbc,b0c78b70340bf3bc,VF_01282,1,train
dataset_katarak,train,aug_0_3696_jpeg.rf.ecc23419c2e8ce22ed587a759c494ca4.jpg,immature,C:\Personal AI & ML PROJECTS\AI IN HEALTHCARE\MY PROJECT E PAARVAI\Dataset Katarak\train\immature\aug_0_3696_jpeg.rf.ecc23419c2e8ce22ed587a759c494ca4.jpg,15fa21795f321ba795e0c606f3d49a890e248032f0a28928788fedcba35eaff3,e19ad621e83543de,VF_01284,1,train
dataset_katarak,train,aug_0_36_jpeg.rf.07be8f5820b89ac162d4853aba41dbef.jpg,immature,C:\Personal AI & ML PROJECTS\AI IN HEALTHCARE\MY PROJECT E PAARVAI\Dataset Katarak\train\immature\aug_0_36_jpeg.rf.07be8f5820b89ac162d4853aba41dbef.jpg,a87476b16bd5ee6fb150e0c3b0c8b7e42385b500a65c88401eaf92de08509666,e535c1d21e4a3d8b,VF_01285,1,train
dataset_katarak,train,aug_0_3704_jpeg.rf.fd8e24fe5e3ffcb39f532b95eb90eb51.jpg,immature,C:\Personal AI & ML PROJECTS\AI IN HEALTHCARE\MY PROJECT E PAARVAI\Dataset Katarak\train\immature\aug_0_3704_jpeg.rf.fd8e24fe5e3ffcb39f532b95eb90eb51.jpg,913d7641a37e767daa37b64094c472f516cac1f8e9da71b3efcee4be1b0295c4,ca48b93d9d1f5330,VF_01286,1,train
dataset_katarak,train,aug_0_3741_jpeg.rf.572c0de269e9458f11a726916e12d9fd.jpg,immature,C:\Personal AI & ML PROJECTS\AI IN HEALTHCARE\MY PROJECT E PAARVAI\Dataset Katarak\train\immature\aug_0_3741_jpeg.rf.572c0de269e9458f11a726916e12d9fd.jpg,81b73c59d9723b9d9ed0d320c031d027293da203fb4ab55bc97586c1df6d0604,ef79980761780e27,VF_01287,1,train
dataset_katarak,train,aug_0_3743_jpeg.rf.27fd89a58e5cd777d7eb65a409f2d000.jpg,immature,C:\Personal AI & ML PROJECTS\AI IN HEALTHCARE\MY PROJECT E PAARVAI\Dataset Katarak\train\immature\aug_0_3743_jpeg.rf.27fd89a58e5cd777d7eb65a409f2d000.jpg,fe8666693448070b5755d68364503ff7316300fcb6fedebd4dc27c66d01a98c3,e53587ca1e28a5b5,VF_01288,1,train
dataset_katarak,train,aug_0_3745_jpeg.rf.1f71b50f106aca1f623fcbbf06100473.jpg,immature,C:\Personal AI & ML PROJECTS\AI IN HEALTHCARE\MY PROJECT E PAARVAI\Dataset Katarak\train\immature\aug_0_3745_jpeg.rf.1f71b50f106aca1f623fcbbf06100473.jpg,df13b1c2e9eef281992c6de879b2c77fd859dc98810dd97e719f99eae8e9e581,eca1935a4c0e39de,VF_01289,1,train
dataset_katarak,train,aug_0_3750_jpeg.rf.15af0394937e216b87f8c7410e70c11f.jpg,immature,C:\Personal AI & ML PROJECTS\AI IN HEALTHCARE\MY PROJECT E PAARVAI\Dataset Katarak\train\immature\aug_0_3750_jpeg.rf.15af0394937e216b87f8c7410e70c11f.jpg,5386c122cc99c962020edce24504f997f8de350a69d3b35b0e490ccc9d139b54,e1219adea9c895a7,VF_01290,1,train
dataset_katarak,train,aug_0_3770_jpeg.rf.12eaec6dbb66940a654213cdfa1be87a.jpg,immature,C:\Personal AI & ML PROJECTS\AI IN HEALTHCARE\MY PROJECT E PAARVAI\Dataset Katarak\train\immature\aug_0_3770_jpeg.rf.12eaec6dbb66940a654213cdfa1be87a.jpg,b8f6ed95a3b942ba596087532995f82abc415d7e75b096a43d2ca870df1dc4c6,a8e497d728f85711,VF_01292,1,train
dataset_katarak,train,aug_0_3780_jpeg.rf.813c1c147f2c5e2cb597ede325fcde4a.jpg,immature,C:\Personal AI & ML PROJECTS\AI IN HEALTHCARE\MY PROJECT E PAARVAI\Dataset Katarak\train\immature\aug_0_3780_jpeg.rf.813c1c147f2c5e2cb597ede325fcde4a.jpg,5b0c4d95852f8f346393e09b87be4476c1dc19265a4861c05fe6efdf6084058a,f5dada26612a82e5,VF_01293,1,train
dataset_katarak,train,aug_0_3789_jpeg.rf.92fbec0da09addd6ae03af1fc7853fa4.jpg,immature,C:\Personal AI & ML PROJECTS\AI IN HEALTHCARE\MY PROJECT E PAARVAI\Dataset Katarak\train\immature\aug_0_3789_jpeg.rf.92fbec0da09addd6ae03af1fc7853fa4.jpg,0e693b436393e2998d857f0d2f5f7fec18284a2f8fff2e16bac3e66c3b3446cb,e19ede610f82e10f,VF_01294,1,train
dataset_katarak,train,aug_0_3792_jpeg.rf.78c80c09bcc9277225ceff0b29dd769c.jpg,immature,C:\Personal AI & ML PROJECTS\AI IN HEALTHCARE\MY PROJECT E PAARVAI\Dataset Katarak\train\immature\aug_0_3792_jpeg.rf.78c80c09bcc9277225ceff0b29dd769c.jpg,94283aacec4b944ffa364081edf2cd8afd5f0043672707bd5317fbc1ebd333dd,a525dade82e1399a,VF_01295,1,train
dataset_katarak,train,aug_0_3825_jpeg.rf.238a14db9710046091a18a539f388ba8.jpg,immature,C:\Personal AI & ML PROJECTS\AI IN HEALTHCARE\MY PROJECT E PAARVAI\Dataset Katarak\train\immature\aug_0_3825_jpeg.rf.238a14db9710046091a18a539f388ba8.jpg,047b097e6ef46b0ac6a5423d2c83da7551011a103f0a2692dd0d128043d6a50f,e1809e7be0a4479f,VF_01297,1,train
dataset_katarak,train,aug_0_3848_jpeg.rf.03258c8a53c76948f98dd88becd607cb.jpg,immature,C:\Personal AI & ML PROJECTS\AI IN HEALTHCARE\MY PROJECT E PAARVAI\Dataset Katarak\train\immature\aug_0_3848_jpeg.rf.03258c8a53c76948f98dd88becd607cb.jpg,685d3252641ac26006ebfa6b61e16189648dfd6ca91fe47e05932edb70d8ecfc,e021d79756e8e81b,VF_01298,1,train
dataset_katarak,train,aug_0_3864_jpeg.rf.44e2c85167516962dfcbfda0cf404a8c.jpg,immature,C:\Personal AI & ML PROJECTS\AI IN HEALTHCARE\MY PROJECT E PAARVAI\Dataset Katarak\train\immature\aug_0_3864_jpeg.rf.44e2c85167516962dfcbfda0cf404a8c.jpg,8b57753e2af04bad23f612b1ddd95c4eba4b64b6a33b137bb3707629eec8ac8d,d28dcd70f24f60f0,VF_01299,1,train
dataset_katarak,train,aug_0_3871_jpeg.rf.949fc0187d37fea61d5873e9734811c3.jpg,immature,C:\Personal AI & ML PROJECTS\AI IN HEALTHCARE\MY PROJECT E PAARVAI\Dataset Katarak\train\immature\aug_0_3871_jpeg.rf.949fc0187d37fea61d5873e9734811c3.jpg,a6acb589b525e66d8fbab38fb925113d993fe1c2ce7f6180c13fe36a049632a8,b160f482de8f6a95,VF_01300,1,train
dataset_katarak,train,aug_0_3902_jpeg.rf.e8af028da3f55dd916ed3b8389245e33.jpg,immature,C:\Personal AI & ML PROJECTS\AI IN HEALTHCARE\MY PROJECT E PAARVAI\Dataset Katarak\train\immature\aug_0_3902_jpeg.rf.e8af028da3f55dd916ed3b8389245e33.jpg,196715ee3f7893046fb27d15e3fedc865e628a9b0e2d3eb33a6dc0ba6f39b065,9b1bccc4231333fc,VF_01301,1,train
dataset_katarak,train,aug_0_3927_jpeg.rf.ce865e3b2d61de44be893ab07634d1bf.jpg,immature,C:\Personal AI & ML PROJECTS\AI IN HEALTHCARE\MY PROJECT E PAARVAI\Dataset Katarak\train\immature\aug_0_3927_jpeg.rf.ce865e3b2d61de44be893ab07634d1bf.jpg,867c18aceb516bcea799eeceefd183a1328e7dda6fa438ac71bd780c9cb23c6f,b6c8a734cba55aa1,VF_01302,1,train
dataset_katarak,train,aug_0_3944_jpeg.rf.7e0c29c8460d35dc1893438b6cbeddcd.jpg,immature,C:\Personal AI & ML PROJECTS\AI IN HEALTHCARE\MY PROJECT E PAARVAI\Dataset Katarak\train\immature\aug_0_3944_jpeg.rf.7e0c29c8460d35dc1893438b6cbeddcd.jpg,21c00ec2fdeedaaabf5d53cfc627a3c11142d2d13ed93ba9a310a78caf22bda2,b0708bcf0b94fc9c,VF_01304,1,train
dataset_katarak,train,aug_0_3957_jpeg.rf.ff895194cd1652e843a7ec3c932e500c.jpg,immature,C:\Personal AI & ML PROJECTS\AI IN HEALTHCARE\MY PROJECT E PAARVAI\Dataset Katarak\train\immature\aug_0_3957_jpeg.rf.ff895194cd1652e843a7ec3c932e500c.jpg,77a6a1e69b91eacc639a73f8b164a9eaccd5b254bd884205c2c454f9711a13f1,b23e88cd079637d2,VF_01306,1,train
dataset_katarak,train,aug_0_3975_jpeg.rf.b4c1601bb6f40bad7ef35d61805b58a3.jpg,immature,C:\Personal AI & ML PROJECTS\AI IN HEALTHCARE\MY PROJECT E PAARVAI\Dataset Katarak\train\immature\aug_0_3975_jpeg.rf.b4c1601bb6f40bad7ef35d61805b58a3.jpg,04ccef75ba60da267a8623f6f93b2c15d334898c5c82e47ee0d943077d2c220a,8b3395cc4c6d4dcc,VF_01307,1,train
dataset_katarak,train,aug_0_3977_jpeg.rf.9d5158aae62493677561083f99c3b03c.jpg,immature,C:\Personal AI & ML PROJECTS\AI IN HEALTHCARE\MY PROJECT E PAARVAI\Dataset Katarak\train\immature\aug_0_3977_jpeg.rf.9d5158aae62493677561083f99c3b03c.jpg,f61058493b764e9e6413183c0889b5b29ee35351fba08066b0f2822459589d03,b960b4875707689f,VF_01308,1,train
dataset_katarak,train,aug_0_4008_jpeg.rf.b9d1fd62896b130afe67b813d901073c.jpg,immature,C:\Personal AI & ML PROJECTS\AI IN HEALTHCARE\MY PROJECT E PAARVAI\Dataset Katarak\train\immature\aug_0_4008_jpeg.rf.b9d1fd62896b130afe67b813d901073c.jpg,7cfe19a6d301691e5a879168111a5aec5d3d54a870265fe850c437bd12ab9040,b434d282168dcf7b,VF_01310,1,train
dataset_katarak,train,aug_0_4017_jpeg.rf.905c45659b7c409a6914b62e431c5c9d.jpg,immature,C:\Personal AI & ML PROJECTS\AI IN HEALTHCARE\MY PROJECT E PAARVAI\Dataset Katarak\train\immature\aug_0_4017_jpeg.rf.905c45659b7c409a6914b62e431c5c9d.jpg,0eeebdc39fde8660d7cc5badb8b45c16e3778f55df9278bf8adfb8c5b723afae,b9b99292fda900e6,VF_01312,1,train
dataset_katarak,train,aug_0_4039_jpeg.rf.ca842118fec6d0914a1ad4840521c0a4.jpg,immature,C:\Personal AI & ML PROJECTS\AI IN HEALTHCARE\MY PROJECT E PAARVAI\Dataset Katarak\train\immature\aug_0_4039_jpeg.rf.ca842118fec6d0914a1ad4840521c0a4.jpg,931ede0bd4ba20b904e5a89075fb55a5e08ddfb0b15ea516554b70ec243b31f7,b08f8b342f4bf429,VF_01315,1,train
dataset_katarak,train,aug_0_4040_jpeg.rf.d37811050de4119910129ecbc8e2515a.jpg,immature,C:\Personal AI & ML PROJECTS\AI IN HEALTHCARE\MY PROJECT E PAARVAI\Dataset Katarak\train\immature\aug_0_4040_jpeg.rf.d37811050de4119910129ecbc8e2515a.jpg,50e39177b3aefee66d4d1c8aa04fee2e8071a4cb5227ef36d36a255f2baa0317,a53b9a25a51c7ae8,VF_01316,1,train
dataset_katarak,train,aug_0_4073_jpeg.rf.e51b45108ee45f82dda4f91ccd8dcd76.jpg,immature,C:\Personal AI & ML PROJECTS\AI IN HEALTHCARE\MY PROJECT E PAARVAI\Dataset Katarak\train\immature\aug_0_4073_jpeg.rf.e51b45108ee45f82dda4f91ccd8dcd76.jpg,313b076c8b2f06bf92075b33742654735930d6d32a9c9af123076817a8130394,ad04d27b2fa0b593,VF_01317,1,train
dataset_katarak,train,aug_0_4080_jpeg.rf.def621124da9eddf393c19c78a4c0e81.jpg,immature,C:\Personal AI & ML PROJECTS\AI IN HEALTHCARE\MY PROJECT E PAARVAI\Dataset Katarak\train\immature\aug_0_4080_jpeg.rf.def621124da9eddf393c19c78a4c0e81.jpg,5f52a43bc73cd04e350fad5e34fc2621e4bbb842d4b65ff511026943ec67570e,ee4e95917606662d,VF_01318,1,train
dataset_katarak,train,aug_0_4088_jpeg.rf.df5b8aae7e7f7dcbdf951fade84cff41.jpg,immature,C:\Personal AI & ML PROJECTS\AI IN HEALTHCARE\MY PROJECT E PAARVAI\Dataset Katarak\train\immature\aug_0_4088_jpeg.rf.df5b8aae7e7f7dcbdf951fade84cff41.jpg,0b819340b9e3fbc6fb040e6e8c84a13f85fd6b8705fc66bf26eb3ba7c1bf8580,e19e96611ef698c1,VF_01319,1,train
dataset_katarak,train,aug_0_4091_jpeg.rf.18febd4195204a2e183acd882704f380.jpg,immature,C:\Personal AI & ML PROJECTS\AI IN HEALTHCARE\MY PROJECT E PAARVAI\Dataset Katarak\train\immature\aug_0_4091_jpeg.rf.18febd4195204a2e183acd882704f380.jpg,53bb298a0d29d74f9f869fd3ae72bd833e7c14c3a8a75a0ce46cf704e29431fb,e83c87d53d8af029,VF_01320,1,train
dataset_katarak,train,aug_0_4093_jpeg.rf.32374421b82ad20d7345200fddc02797.jpg,immature,C:\Personal AI & ML PROJECTS\AI IN HEALTHCARE\MY PROJECT E PAARVAI\Dataset Katarak\train\immature\aug_0_4093_jpeg.rf.32374421b82ad20d7345200fddc02797.jpg,e319cf8cd4cf622b289ac6bb457f0bc08b345ae50a22a3ea3411addb8a586abc,b48f8b340b6bfc81,VF_01321,1,train
dataset_katarak,train,aug_0_4115_jpeg.rf.d4732b70ad478d5a20033c2f8fae3b9a.jpg,immature,C:\Personal AI & ML PROJECTS\AI IN HEALTHCARE\MY PROJECT E PAARVAI\Dataset Katarak\train\immature\aug_0_4115_jpeg.rf.d4732b70ad478d5a20033c2f8fae3b9a.jpg,46287ea9bfdf7b2f097041ef6834f4eaae95b3786e375d5825d10f900789a66e,bd3c8283bd8f1274,VF_01322,1,train
dataset_katarak,train,aug_0_4145_jpeg.rf.c2589b26f98d225e3b49b44a014db4d6.jpg,immature,C:\Personal AI & ML PROJECTS\AI IN HEALTHCARE\MY PROJECT E PAARVAI\Dataset Katarak\train\immature\aug_0_4145_jpeg.rf.c2589b26f98d225e3b49b44a014db4d6.jpg,31c840402e3ea7d3c78e3110f6147c94d1340938b1ad67f6d51e9dbeb07cdab5,e1da9e615e36a914,VF_01323,1,train
dataset_katarak,train,aug_0_4154_jpeg.rf.ca7f8fb70a893e538648c37ad8d8b6e4.jpg,immature,C:\Personal AI & ML PROJECTS\AI IN HEALTHCARE\MY PROJECT E PAARVAI\Dataset Katarak\train\immature\aug_0_4154_jpeg.rf.ca7f8fb70a893e538648c37ad8d8b6e4.jpg,6a6bca34832ebb2be74129b4c3fc2f682c133eb2c7cf9af7d4fdce538a45790c,d7276e9818783d91,VF_01325,1,train
dataset_katarak,train,aug_0_4172_jpeg.rf.c76217f0290d045af6f2cc80b1a4f353.jpg,immature,C:\Personal AI & ML PROJECTS\AI IN HEALTHCARE\MY PROJECT E PAARVAI\Dataset Katarak\train\immature\aug_0_4172_jpeg.rf.c76217f0290d045af6f2cc80b1a4f353.jpg,39d303502d8961e9a4247bee5d0db134ac3c3eef1bd8efe5e684a585e45ba10b,a91fc2f2391c665a,VF_01326,1,train
dataset_katarak,train,aug_0_4179_jpeg.rf.caa8256275b85d6688d9e4f5c4985ab2.jpg,immature,C:\Personal AI & ML PROJECTS\AI IN HEALTHCARE\MY PROJECT E PAARVAI\Dataset Katarak\train\immature\aug_0_4179_jpeg.rf.caa8256275b85d6688d9e4f5c4985ab2.jpg,b12f89144b8cb73dc4d32c7168702c74d8027c2323f1d055bcc780e732e30f15,ce4e99b916e60761,VF_01327,1,train
dataset_katarak,train,aug_0_4182_jpeg.rf.0ec110bd8c8c87bc0f20725ec211645f.jpg,immature,C:\Personal AI & ML PROJECTS\AI IN HEALTHCARE\MY PROJECT E PAARVAI\Dataset Katarak\train\immature\aug_0_4182_jpeg.rf.0ec110bd8c8c87bc0f20725ec211645f.jpg,44ca10cfb04ecc34fd18fa9e3540dc9a53a3554bfb0cd3fa318e199dca926c63,e5259ade95c890a7,VF_01328,1,train
dataset_katarak,train,aug_0_4193_jpeg.rf.17a62adb80d753cb87dd1ad3ad1f141a.jpg,immature,C:\Personal AI & ML PROJECTS\AI IN HEALTHCARE\MY PROJECT E PAARVAI\Dataset Katarak\train\immature\aug_0_4193_jpeg.rf.17a62adb80d753cb87dd1ad3ad1f141a.jpg,170bab7a2468e5b9307b379860c64e904f642b395a750c779c2e6d283053ef3b,f791b983b68a8869,VF_01329,1,train
dataset_katarak,train,aug_0_4202_jpeg.rf.51f086e0913512d273c705d5a51e25b9.jpg,immature,C:\Personal AI & ML PROJECTS\AI IN HEALTHCARE\MY PROJECT E PAARVAI\Dataset Katarak\train\immature\aug_0_4202_jpeg.rf.51f086e0913512d273c705d5a51e25b9.jpg,762a7297457366fdd77bffad7474af56467e27a12f817781ad8343e5e496d5f0,a125a7dede5e4848,VF_01330,1,train
dataset_katarak,train,aug_0_4205_jpeg.rf.75a3616fefc956637f932860a756a36d.jpg,immature,C:\Personal AI & ML PROJECTS\AI IN HEALTHCARE\MY PROJECT E PAARVAI\Dataset Katarak\train\immature\aug_0_4205_jpeg.rf.75a3616fefc956637f932860a756a36d.jpg,3edbad9b97bb982b89c2880536fb171c64babae1dbb47ad67451c9bcc6ceeed4,c64298b9b1776371,VF_01331,1,train
dataset_katarak,train,aug_0_4222_jpeg.rf.aa7662e4ae0f3e2c766610cbe0f959e8.jpg,immature,C:\Personal AI & ML PROJECTS\AI IN HEALTHCARE\MY PROJECT E PAARVAI\Dataset Katarak\train\immature\aug_0_4222_jpeg.rf.aa7662e4ae0f3e2c766610cbe0f959e8.jpg,df8b7c3e4e06180261af095edea7e741547b41d055d949a6f81555ceb650533f,b4cbcb35c1422fb2,VF_01333,1,train
dataset_katarak,train,aug_0_4245_jpeg.rf.48d43b2dfa108f85826653b792c6c3f2.jpg,immature,C:\Personal AI & ML PROJECTS\AI IN HEALTHCARE\MY PROJECT E PAARVAI\Dataset Katarak\train\immature\aug_0_4245_jpeg.rf.48d43b2dfa108f85826653b792c6c3f2.jpg,d674eac080e3df6492cfd0d9bf6044b6891756c7eb7757dfbfd778996591c7d2,93baba21a5979a98,VF_01334,1,train
dataset_katarak,train,aug_0_4260_jpeg.rf.1cc1d3e1a7d1b1041ddcf252235405f3.jpg,immature,C:\Personal AI & ML PROJECTS\AI IN HEALTHCARE\MY PROJECT E PAARVAI\Dataset Katarak\train\immature\aug_0_4260_jpeg.rf.1cc1d3e1a7d1b1041ddcf252235405f3.jpg,1381e393e8ffaebc20f57badc4ac8f5fce6c5aff20dd8c33e88fb7c85015ed87,b58b823d0e42bd9d,VF_01335,1,train
dataset_katarak,train,aug_0_426_jpeg.rf.d036d537d3208e180d1aac3eab9955fb.jpg,immature,C:\Personal AI & ML PROJECTS\AI IN HEALTHCARE\MY PROJECT E PAARVAI\Dataset Katarak\train\immature\aug_0_426_jpeg.rf.d036d537d3208e180d1aac3eab9955fb.jpg,a71b9af723afb9a3d90d00dfdfbfb43d598b9dffc329dd57740e83a2141e2ee5,9346b9ceb5609a27,VF_01336,1,train
dataset_katarak,train,aug_0_4299_jpeg.rf.ce0ca2a87f23b3edbb342e0b95f2406d.jpg,immature,C:\Personal AI & ML PROJECTS\AI IN HEALTHCARE\MY PROJECT E PAARVAI\Dataset Katarak\train\immature\aug_0_4299_jpeg.rf.ce0ca2a87f23b3edbb342e0b95f2406d.jpg,52838a802107fae84ea951c03fd1a4ccd3761f0dc472cec405ae6d07bb07fe78,e2609d9f1ef0e0a3,VF_01337,1,train
dataset_katarak,train,aug_0_4301_jpeg.rf.1200d91a230e91232e98f1af2e75ff11.jpg,immature,C:\Personal AI & ML PROJECTS\AI IN HEALTHCARE\MY PROJECT E PAARVAI\Dataset Katarak\train\immature\aug_0_4301_jpeg.rf.1200d91a230e91232e98f1af2e75ff11.jpg,181f5c90bccf6ce90b2003288a4be62e08f14c82d40d14e496eb5ae13a3de27b,fc82b27d82fd08f0,VF_01338,1,train
dataset_katarak,train,aug_0_4306_jpeg.rf.2f73edf2cd98ca30b16df5e9a940150e.jpg,immature,C:\Personal AI & ML PROJECTS\AI IN HEALTHCARE\MY PROJECT E PAARVAI\Dataset Katarak\train\immature\aug_0_4306_jpeg.rf.2f73edf2cd98ca30b16df5e9a940150e.jpg,d04321c2f8eb715872e0e6f731db57cbcb286f66b1ee56a59da80c3229601305,f59ed7600ea1c863,VF_01340,1,train
dataset_katarak,train,aug_0_430_jpeg.rf.e404c7fab55b543a19cf93c7fee160bb.jpg,immature,C:\Personal AI & ML PROJECTS\AI IN HEALTHCARE\MY PROJECT E PAARVAI\Dataset Katarak\train\immature\aug_0_430_jpeg.rf.e404c7fab55b543a19cf93c7fee160bb.jpg,ac12aeb07c05c2ddf01f9f4c18a018dde856489879aa6e3abb866723accd4fec,e3799e84617b4e60,VF_01341,1,train
dataset_katarak,train,aug_0_4326_jpeg.rf.588d9ede44419ec81fb7294b9c700ad6.jpg,immature,C:\Personal AI & ML PROJECTS\AI IN HEALTHCARE\MY PROJECT E PAARVAI\Dataset Katarak\train\immature\aug_0_4326_jpeg.rf.588d9ede44419ec81fb7294b9c700ad6.jpg,6c2b700aa66d8c0a810c2e9876c5f7ca7908fc10e7c674ea610e230640c1cf20,e5ca83211eb57c72,VF_01343,1,train
dataset_katarak,train,aug_0_4378_jpeg.rf.658215bb8f96777b8726ca456a8aa7b0.jpg,immature,C:\Personal AI & ML PROJECTS\AI IN HEALTHCARE\MY PROJECT E PAARVAI\Dataset Katarak\train\immature\aug_0_4378_jpeg.rf.658215bb8f96777b8726ca456a8aa7b0.jpg,3ca409efbf035c737fcf9a6be105299bb74d7cc043a75d958d7bd01d97cf522b,a79c9c65900f72b9,VF_01346,1,train
dataset_katarak,train,aug_0_4379_jpeg.rf.4177e26592f784efe76b97491084928a.jpg,immature,C:\Personal AI & ML PROJECTS\AI IN HEALTHCARE\MY PROJECT E PAARVAI\Dataset Katarak\train\immature\aug_0_4379_jpeg.rf.4177e26592f784efe76b97491084928a.jpg,2f325c0eb80eaebd7f15415d2afc28fb8d20f19e97e415960980bfd8677a3621,e09fc778072ada61,VF_01347,1,train
dataset_katarak,train,aug_0_4387_jpeg.rf.c323431dac0ff732e04a5dcd3c676862.jpg,immature,C:\Personal AI & ML PROJECTS\AI IN HEALTHCARE\MY PROJECT E PAARVAI\Dataset Katarak\train\immature\aug_0_4387_jpeg.rf.c323431dac0ff732e04a5dcd3c676862.jpg,0c5a63ddb23a55ccde9cac6a7058679034af64ea1d43d08ab36baf1c39863281,a1619ede1b4998bc,VF_01348,1,train
dataset_katarak,train,aug_0_4389_jpeg.rf.63cbb2a0419a350ab522ceff73c2d6f3.jpg,immature,C:\Personal AI & ML PROJECTS\AI IN HEALTHCARE\MY PROJECT E PAARVAI\Dataset Katarak\train\immature\aug_0_4389_jpeg.rf.63cbb2a0419a350ab522ceff73c2d6f3.jpg,586e29bcf7717dac6ba0a31356e66a23fa59a4c6c7cbf493de858b685ba624ad,e8c3c76888a38bdd,VF_01349,1,train
dataset_katarak,train,aug_0_4469_jpeg.rf.72de2f06cce3a12922c64cb0054d7c21.jpg,immature,C:\Personal AI & ML PROJECTS\AI IN HEALTHCARE\MY PROJECT E PAARVAI\Dataset Katarak\train\immature\aug_0_4469_jpeg.rf.72de2f06cce3a12922c64cb0054d7c21.jpg,8f13e5ce28a3f9c28edc2678c6380d420eb177b29b52773f9fc8621dc0ddaf8b,f7d9d836600bd154,VF_01354,1,train
dataset_katarak,train,aug_0_4486_jpeg.rf.a3c4bf97427b3638b852ac42cf7ee476.jpg,immature,C:\Personal AI & ML PROJECTS\AI IN HEALTHCARE\MY PROJECT E PAARVAI\Dataset Katarak\train\immature\aug_0_4486_jpeg.rf.a3c4bf97427b3638b852ac42cf7ee476.jpg,e23177ab41da088daa8182abacbd4fb53367c677fd184c482fda52234f1fb9ed,a4cba22d52ee883f,VF_01356,1,train
dataset_katarak,train,aug_0_4514_jpeg.rf.bd8f768f62bcf6befecb50677706ad5d.jpg,immature,C:\Personal AI & ML PROJECTS\AI IN HEALTHCARE\MY PROJECT E PAARVAI\Dataset Katarak\train\immature\aug_0_4514_jpeg.rf.bd8f768f62bcf6befecb50677706ad5d.jpg,dc0cf013e0e169c1cbcc9c012beafc7ac6ffedcd7f44d3d242ab06390a2f12d7,e4eccee4f0c2cb09,VF_01359,1,train
dataset_katarak,train,aug_0_4522_jpeg.rf.b71f6c67eb68051cfc3d325a80250c37.jpg,immature,C:\Personal AI & ML PROJECTS\AI IN HEALTHCARE\MY PROJECT E PAARVAI\Dataset Katarak\train\immature\aug_0_4522_jpeg.rf.b71f6c67eb68051cfc3d325a80250c37.jpg,e49af83b704b02bd3fc09d44601b32f10455a67bb033e77403b754f4ee2922df,a01b9729280f57fe,VF_01360,1,train
dataset_katarak,train,aug_0_4524_jpeg.rf.c4ee2e2c0d195c7a40c5dcc6c4c0ee49.jpg,immature,C:\Personal AI & ML PROJECTS\AI IN HEALTHCARE\MY PROJECT E PAARVAI\Dataset Katarak\train\immature\aug_0_4524_jpeg.rf.c4ee2e2c0d195c7a40c5dcc6c4c0ee49.jpg,1840dae681f852e7d91a4cb8c459f3bafbe423fc4df292e9322024b3f894d46a,b635a2caca4a5e4d,VF_01361,1,train
dataset_katarak,train,aug_0_4552_jpeg.rf.9c3fc24f2fc47882bfc8a6bc672661d4.jpg,immature,C:\Personal AI & ML PROJECTS\AI IN HEALTHCARE\MY PROJECT E PAARVAI\Dataset Katarak\train\immature\aug_0_4552_jpeg.rf.9c3fc24f2fc47882bfc8a6bc672661d4.jpg,8ae8cf76fff7b3e9eb7296771d440586ce4c694a84cadd9d233bc5352a81b82c,bc34c2c26dcdeb22,VF_01362,1,train
dataset_katarak,train,aug_0_4572_jpeg.rf.3dc57845ce2069ab992cb090c4f65223.jpg,immature,C:\Personal AI & ML PROJECTS\AI IN HEALTHCARE\MY PROJECT E PAARVAI\Dataset Katarak\train\immature\aug_0_4572_jpeg.rf.3dc57845ce2069ab992cb090c4f65223.jpg,dcb808a7f5cbf0500e15266b9480e3cfa9b9a86e213895f0376f82960bfec685,bd3db2d2529c88ca,VF_01364,1,train
dataset_katarak,train,aug_0_4601_jpeg.rf.4cfc6a15730c550a6494ee3884d3eb6e.jpg,immature,C:\Personal AI & ML PROJECTS\AI IN HEALTHCARE\MY PROJECT E PAARVAI\Dataset Katarak\train\immature\aug_0_4601_jpeg.rf.4cfc6a15730c550a6494ee3884d3eb6e.jpg,5baa99cc69bea3e705edcbc316ae4503ca0afb2868d5e9fdcf3309e1dc4bc541,f5c8da657a3aa142,VF_01365,1,train
dataset_katarak,train,aug_0_4639_jpeg.rf.a59c6c1b45177f54725c5e516a6c730b.jpg,immature,C:\Personal AI & ML PROJECTS\AI IN HEALTHCARE\MY PROJECT E PAARVAI\Dataset Katarak\train\immature\aug_0_4639_jpeg.rf.a59c6c1b45177f54725c5e516a6c730b.jpg,c1c76bd4ac6fba62ffeaeeb55ceff134e4541eb656f90580abaf80f6853cd49d,cdf2900d7a382f2b,VF_01369,1,train
dataset_katarak,train,aug_0_4674_jpeg.rf.e2a5b21fb5da3963e00b5b01643fb0ef.jpg,immature,C:\Personal AI & ML PROJECTS\AI IN HEALTHCARE\MY PROJECT E PAARVAI\Dataset Katarak\train\immature\aug_0_4674_jpeg.rf.e2a5b21fb5da3963e00b5b01643fb0ef.jpg,7485afefa65d174017236579ff167f41f6230e5578e0c8da12f53d97fcc8a5e4,e76bdc9454c3e20c,VF_01370,1,train
dataset_katarak,train,aug_0_4689_jpeg.rf.9551f08b625fa198c1e746cf655687f5.jpg,immature,C:\Personal AI & ML PROJECTS\AI IN HEALTHCARE\MY PROJECT E PAARVAI\Dataset Katarak\train\immature\aug_0_4689_jpeg.rf.9551f08b625fa198c1e746cf655687f5.jpg,3118db3cf56a68218ccbbb8e4a46effe78a9a330582fd9c7dc666967c77fbac5,d38c9d729b4d2c32,VF_01371,1,train
dataset_katarak,train,aug_0_4697_jpeg.rf.d8f4d4b42bc527132c7cefd3a131dbd5.jpg,immature,C:\Personal AI & ML PROJECTS\AI IN HEALTHCARE\MY PROJECT E PAARVAI\Dataset Katarak\train\immature\aug_0_4697_jpeg.rf.d8f4d4b42bc527132c7cefd3a131dbd5.jpg,f1ad4b28888d4a5c53e3ae6aa95a423f7023f4dab7cd5ed8006ed8f9f771af70,d636d99928c6b531,VF_01373,1,train
dataset_katarak,train,aug_0_469_jpeg.rf.80cdd09cb2736058f70c0935a02632ca.jpg,immature,C:\Personal AI & ML PROJECTS\AI IN HEALTHCARE\MY PROJECT E PAARVAI\Dataset Katarak\train\immature\aug_0_469_jpeg.rf.80cdd09cb2736058f70c0935a02632ca.jpg,3aa958ee6d49a074644004acec70bba106ccf116e2926397ebc4236f1c78d87a,e160f5979e0f0b0b,VF_01374,1,train
dataset_katarak,train,aug_0_4703_jpeg.rf.491e913c06015178e3a737cf86005292.jpg,immature,C:\Personal AI & ML PROJECTS\AI IN HEALTHCARE\MY PROJECT E PAARVAI\Dataset Katarak\train\immature\aug_0_4703_jpeg.rf.491e913c06015178e3a737cf86005292.jpg,3159b58a64f9c72081cd8392587d97fa499be04561ecdfb636b8913bc1dcdf03,a4ca97355e52a54b,VF_01375,1,train
dataset_katarak,train,aug_0_4706_jpeg.rf.5518749c4608855299af09702616c51d.jpg,immature,C:\Personal AI & ML PROJECTS\AI IN HEALTHCARE\MY PROJECT E PAARVAI\Dataset Katarak\train\immature\aug_0_4706_jpeg.rf.5518749c4608855299af09702616c51d.jpg,bb40174f0804b5a0fb3643340ec359ae95e8b9b60b2c3bf46e7e8ca49cdc9406,b535cac2d0bd2d49,VF_01377,1,train
dataset_katarak,train,aug_0_4740_jpeg.rf.77a759c1ddd41ad403303a311f7e7a28.jpg,immature,C:\Personal AI & ML PROJECTS\AI IN HEALTHCARE\MY PROJECT E PAARVAI\Dataset Katarak\train\immature\aug_0_4740_jpeg.rf.77a759c1ddd41ad403303a311f7e7a28.jpg,33c64fb1c8cb04ec7fec3a3abcd8105296aaade3bd00302057112224094da832,a0708f8f24b0f74f,VF_01378,1,train
dataset_katarak,train,aug_0_4741_jpeg.rf.5c3a4bd43d2fed6457009ae319a15114.jpg,immature,C:\Personal AI & ML PROJECTS\AI IN HEALTHCARE\MY PROJECT E PAARVAI\Dataset Katarak\train\immature\aug_0_4741_jpeg.rf.5c3a4bd43d2fed6457009ae319a15114.jpg,2230364866dff5520468df5557c673d9c45ea22e13842ad7463a9cb269cf2609,f76f9c9858c06293,VF_01379,1,train
dataset_katarak,train,aug_0_4772_jpeg.rf.69a28a7a0dfc34cf127f7518b3ee4019.jpg,immature,C:\Personal AI & ML PROJECTS\AI IN HEALTHCARE\MY PROJECT E PAARVAI\Dataset Katarak\train\immature\aug_0_4772_jpeg.rf.69a28a7a0dfc34cf127f7518b3ee4019.jpg,13a85bf9ef4b80bae9e3250ba60dbbbcc00ae220111e4bb8557dc13855837238,a6c98926a7b835a7,VF_01382,1,train
dataset_katarak,train,aug_0_4773_jpeg.rf.f41385640b73309749df845e20fec22c.jpg,immature,C:\Personal AI & ML PROJECTS\AI IN HEALTHCARE\MY PROJECT E PAARVAI\Dataset Katarak\train\immature\aug_0_4773_jpeg.rf.f41385640b73309749df845e20fec22c.jpg,a66ebd986579e0c56a5e5ef8223b55c0b823ef14441f3a661c3153125b8ad427,c2ecac74e0c2cecd,VF_01383,1,train
dataset_katarak,train,aug_0_4805_jpeg.rf.6ab09f4567472a2dc8a340a3b129ade0.jpg,immature,C:\Personal AI & ML PROJECTS\AI IN HEALTHCARE\MY PROJECT E PAARVAI\Dataset Katarak\train\immature\aug_0_4805_jpeg.rf.6ab09f4567472a2dc8a340a3b129ade0.jpg,0c66b640f5075964cce39f15d17aedec0a603dd105d1bdb0046b2c2bd9e27334,b09fd6604be2a50f,VF_01385,1,train
dataset_katarak,train,aug_0_4806_jpeg.rf.4eeb53cd0ec918d663ecd42fd7297d7c.jpg,immature,C:\Personal AI & ML PROJECTS\AI IN HEALTHCARE\MY PROJECT E PAARVAI\Dataset Katarak\train\immature\aug_0_4806_jpeg.rf.4eeb53cd0ec918d663ecd42fd7297d7c.jpg,0cd61824d4a64aaab62469443e6fc80513dc5a2a3e7ab07a01b779debd73fd92,f706b9c8b6619166,VF_01386,1,train
dataset_katarak,train,aug_0_4818_jpeg.rf.a823a2f0d7560f3f18a5ca0ff6c527c5.jpg,immature,C:\Personal AI & ML PROJECTS\AI IN HEALTHCARE\MY PROJECT E PAARVAI\Dataset Katarak\train\immature\aug_0_4818_jpeg.rf.a823a2f0d7560f3f18a5ca0ff6c527c5.jpg,1740989a9bd4aadf2c5d594bd5dc5527f878a5a8185e80294be2125fc3124de0,a91d87c33d18ee68,VF_01387,1,train
dataset_katarak,train,aug_0_4825_jpeg.rf.e3f8e4607029bc09756fae21764eae2f.jpg,immature,C:\Personal AI & ML PROJECTS\AI IN HEALTHCARE\MY PROJECT E PAARVAI\Dataset Katarak\train\immature\aug_0_4825_jpeg.rf.e3f8e4607029bc09756fae21764eae2f.jpg,8254dac00c4f71685f37d5e5e067979afa3379531d8b83ccb5be296d6b5578b8,e896877843279bd1,VF_01388,1,train
dataset_katarak,train,aug_0_4839_jpeg.rf.42a989b529b932d52876610cddae60e3.jpg,immature,C:\Personal AI & ML PROJECTS\AI IN HEALTHCARE\MY PROJECT E PAARVAI\Dataset Katarak\train\immature\aug_0_4839_jpeg.rf.42a989b529b932d52876610cddae60e3.jpg,e9f3ca8257723a7bb8b4501be9ac894567bd3c5a4f1209e7b3b38fdb0ecf8f81,9b1bcce442137b3c,VF_01389,1,train
dataset_katarak,train,aug_0_4842_jpeg.rf.cd8b89543be4d20b24e72cc875c9ccaf.jpg,immature,C:\Personal AI & ML PROJECTS\AI IN HEALTHCARE\MY PROJECT E PAARVAI\Dataset Katarak\train\immature\aug_0_4842_jpeg.rf.cd8b89543be4d20b24e72cc875c9ccaf.jpg,a7751ebaf5da8505a6fd7a599365e228aaea905b1c429f699ca3112dfd7cfbd5,e19e87611ef09867,VF_01390,1,train
dataset_katarak,train,aug_0_4844_jpeg.rf.fbeacc00dca9a1fb71e8619353c74203.jpg,immature,C:\Personal AI & ML PROJECTS\AI IN HEALTHCARE\MY PROJECT E PAARVAI\Dataset Katarak\train\immature\aug_0_4844_jpeg.rf.fbeacc00dca9a1fb71e8619353c74203.jpg,5ff375408e97164df5d3f4ea921baa1da03b1a2de357519fbeb7fe019ab427a2,c6b19b46151b27bc,VF_01391,1,train
dataset_katarak,train,aug_0_4848_jpeg.rf.ae7665f6f8d0d4e242f5b6c4a56c1fee.jpg,immature,C:\Personal AI & ML PROJECTS\AI IN HEALTHCARE\MY PROJECT E PAARVAI\Dataset Katarak\train\immature\aug_0_4848_jpeg.rf.ae7665f6f8d0d4e242f5b6c4a56c1fee.jpg,23cf7d9164b0cf64924684af5ed0f9ab7134bc1d0ee8571e0b4dcdda44912ec0,f474f49383c272d4,VF_01392,1,train
dataset_katarak,train,aug_0_4866_jpeg.rf.b82ed61380333ad4537737a1d7ea1a61.jpg,immature,C:\Personal AI & ML PROJECTS\AI IN HEALTHCARE\MY PROJECT E PAARVAI\Dataset Katarak\train\immature\aug_0_4866_jpeg.rf.b82ed61380333ad4537737a1d7ea1a61.jpg,f4000e14d759bec6108327b1bac1f05dec9cce88a2dce69a1aebc6cd5e5cc539,b4c9ca25b4b1c9cd,VF_01394,1,train
dataset_katarak,train,aug_0_4871_jpeg.rf.5b89c9899a0a788d7e60141262d057d8.jpg,immature,C:\Personal AI & ML PROJECTS\AI IN HEALTHCARE\MY PROJECT E PAARVAI\Dataset Katarak\train\immature\aug_0_4871_jpeg.rf.5b89c9899a0a788d7e60141262d057d8.jpg,7f71ad5b54d07c94eb434051a05e76bac678dceced4a4d2a021886ea80cd51c7,b0cdcf302d3fc4c8,VF_01395,1,train
dataset_katarak,train,aug_0_4876_jpeg.rf.64499f2419235c8d2da885e63336cae8.jpg,immature,C:\Personal AI & ML PROJECTS\AI IN HEALTHCARE\MY PROJECT E PAARVAI\Dataset Katarak\train\immature\aug_0_4876_jpeg.rf.64499f2419235c8d2da885e63336cae8.jpg,8901f8ec459c4a36f33e3d64791f4aabf231ccb429069cfb24b2267efba38cf8,87772acada983589,VF_01396,1,train
dataset_katarak,train,aug_0_4886_jpeg.rf.f2a4b2e3d2e5bbd663d905bbb8af909d.jpg,immature,C:\Personal AI & ML PROJECTS\AI IN HEALTHCARE\MY PROJECT E PAARVAI\Dataset Katarak\train\immature\aug_0_4886_jpeg.rf.f2a4b2e3d2e5bbd663d905bbb8af909d.jpg,1069652a9bd9ebcaf3aba1ed56291f5e82951e66757b86d11feb82ee51ef3dfa,b4e8cb97a85ca760,VF_01397,1,train
dataset_katarak,train,aug_0_4914_jpeg.rf.bba015f74ee4e06c63291591b427a8f9.jpg,immature,C:\Personal AI & ML PROJECTS\AI IN HEALTHCARE\MY PROJECT E PAARVAI\Dataset Katarak\train\immature\aug_0_4914_jpeg.rf.bba015f74ee4e06c63291591b427a8f9.jpg,0e8e4602252dcec81a0671b32a4a0b09d6723f016a19cb026826187460cce922,c646cc999c4e9795,VF_01398,1,train
dataset_katarak,train,aug_0_4935_jpeg.rf.d875082a93affe5cba86b3ca32d533ad.jpg,immature,C:\Personal AI & ML PROJECTS\AI IN HEALTHCARE\MY PROJECT E PAARVAI\Dataset Katarak\train\immature\aug_0_4935_jpeg.rf.d875082a93affe5cba86b3ca32d533ad.jpg,fabfc0ca98653c53f71a71d707e95a5989fabcd3b931d814f864141a7dbb74db,a637a8d8abc72139,VF_01399,1,train
dataset_katarak,train,aug_0_4937_jpeg.rf.651c567879aec920f329af9405e47028.jpg,immature,C:\Personal AI & ML PROJECTS\AI IN HEALTHCARE\MY PROJECT E PAARVAI\Dataset Katarak\train\immature\aug_0_4937_jpeg.rf.651c567879aec920f329af9405e47028.jpg,090459d801a5563a158405aaf859bd8c0a86c9cbc5fdc989d1f7e3bc667bf0b4,a0708bcf0fc5ec9c,VF_01400,1,train
dataset_katarak,train,aug_0_4955_jpeg.rf.4d32e350dac0c9b1f2545e267f1fd9c3.jpg,immature,C:\Personal AI & ML PROJECTS\AI IN HEALTHCARE\MY PROJECT E PAARVAI\Dataset Katarak\train\immature\aug_0_4955_jpeg.rf.4d32e350dac0c9b1f2545e267f1fd9c3.jpg,a087994d84b0700fbdbfe40404003f0e936f92048a8f5ff9d0511f7c397003f9,f4ddd3600f95c861,VF_01401,1,train
dataset_katarak,train,aug_0_4964_jpeg.rf.f9e0111636cc2ccb6560c095b335fda9.jpg,immature,C:\Personal AI & ML PROJECTS\AI IN HEALTHCARE\MY PROJECT E PAARVAI\Dataset Katarak\train\immature\aug_0_4964_jpeg.rf.f9e0111636cc2ccb6560c095b335fda9.jpg,1576e6a70f82a3d52e41ec3223e53bedf73784726eec5ebcc571e6fa4d2a3bb0,f790d86f5278a5c0,VF_01402,1,train
dataset_katarak,train,aug_0_4979_jpeg.rf.fa6fab91fb595c5cb5fb40866defae79.jpg,immature,C:\Personal AI & ML PROJECTS\AI IN HEALTHCARE\MY PROJECT E PAARVAI\Dataset Katarak\train\immature\aug_0_4979_jpeg.rf.fa6fab91fb595c5cb5fb40866defae79.jpg,5ec79c7c2d5643b92e344facdb39b954c7efb3a3f3ea972551c4b4866aeb9a24,e1799c84f19b4770,VF_01403,1,train
dataset_katarak,train,aug_0_49_jpeg.rf.eb3d86a6aacf9fd9a9bb7e56954e2d7c.jpg,immature,C:\Personal AI & ML PROJECTS\AI IN HEALTHCARE\MY PROJECT E PAARVAI\Dataset Katarak\train\immature\aug_0_49_jpeg.rf.eb3d86a6aacf9fd9a9bb7e56954e2d7c.jpg,a49f73ed5db62e3df5f4fb821bebeb70cb81898b7b3a5838ba8ad4401477b11f,a4cbb22c52fe8936,VF_01405,1,train
dataset_katarak,train,aug_0_5005_jpeg.rf.835f8fbae831ddd95c00dd4db240f63d.jpg,immature,C:\Personal AI & ML PROJECTS\AI IN HEALTHCARE\MY PROJECT E PAARVAI\Dataset Katarak\train\immature\aug_0_5005_jpeg.rf.835f8fbae831ddd95c00dd4db240f63d.jpg,f375eee2be2c359c14a8c3c537df80bbcffd78b333233af79eade0013687319f,b6aac934b4cb4b2c,VF_01406,1,train
dataset_katarak,train,aug_0_5012_jpeg.rf.d2e09c835a9a3fe93949f14f9aa9a312.jpg,immature,C:\Personal AI & ML PROJECTS\AI IN HEALTHCARE\MY PROJECT E PAARVAI\Dataset Katarak\train\immature\aug_0_5012_jpeg.rf.d2e09c835a9a3fe93949f14f9aa9a312.jpg,a6e85ab778a5f0d0e1a0d41bf3841f8f532e61a1f9704d05a9832ff096ea213f,ceb19966914c976c,VF_01408,1,train
dataset_katarak,train,aug_0_5013_jpeg.rf.0f869f985f4400f59a45802a6d41ccc7.jpg,immature,C:\Personal AI & ML PROJECTS\AI IN HEALTHCARE\MY PROJECT E PAARVAI\Dataset Katarak\train\immature\aug_0_5013_jpeg.rf.0f869f985f4400f59a45802a6d41ccc7.jpg,c90b85edc3500f61f71c129acd4989eddac49389485cb2a6a3e776c0dddb0731,ecf3916e93856289,VF_01409,1,train
dataset_katarak,train,aug_0_5024_jpeg.rf.222649b33ea69dd98ceae10de44f82c2.jpg,immature,C:\Personal AI & ML PROJECTS\AI IN HEALTHCARE\MY PROJECT E PAARVAI\Dataset Katarak\train\immature\aug_0_5024_jpeg.rf.222649b33ea69dd98ceae10de44f82c2.jpg,baed0f9939c731ce95a8cf4655807f86dbabf44b33c86c354bfdfc2dfedd40ba,ea6e919157a22f61,VF_01410,1,train
dataset_katarak,train,aug_0_502_jpeg.rf.2ed6fdf25d0958a0d5473b92abaefd0a.jpg,immature,C:\Personal AI & ML PROJECTS\AI IN HEALTHCARE\MY PROJECT E PAARVAI\Dataset Katarak\train\immature\aug_0_502_jpeg.rf.2ed6fdf25d0958a0d5473b92abaefd0a.jpg,5e309649f4116da840c81fbdc0071539741c5c12938879fb73da56410aee1645,e56c9a927207a7ac,VF_01411,1,train
dataset_katarak,train,aug_0_5038_jpeg.rf.dd2220300f83f6f315ae124251b68d9f.jpg,immature,C:\Personal AI & ML PROJECTS\AI IN HEALTHCARE\MY PROJECT E PAARVAI\Dataset Katarak\train\immature\aug_0_5038_jpeg.rf.dd2220300f83f6f315ae124251b68d9f.jpg,2118178421f0924769776ac1af7b5786f4d6db77a8ca4933f5746156d3ad0d22,ee5e93a14cfc2868,VF_01412,1,train
dataset_katarak,train,aug_0_5050_jpeg.rf.2651f6b47670c44fed8c3934288cf282.jpg,immature,C:\Personal AI & ML PROJECTS\AI IN HEALTHCARE\MY PROJECT E PAARVAI\Dataset Katarak\train\immature\aug_0_5050_jpeg.rf.2651f6b47670c44fed8c3934288cf282.jpg,3d7dd1a4585eafc15e8e3bfe17a733d9d36c20ec89fb4cf6b60c985492389f58,ee4e8d9191a89793,VF_01413,1,train
dataset_katarak,train,aug_0_5057_jpeg.rf.7fca966d05d428a6183e6c2ba556b990.jpg,immature,C:\Personal AI & ML PROJECTS\AI IN HEALTHCARE\MY PROJECT E PAARVAI\Dataset Katarak\train\immature\aug_0_5057_jpeg.rf.7fca966d05d428a6183e6c2ba556b990.jpg,de9d96f7117a9a7c614c03ef372546fbf01f55d90564c19dfc3ab6d77152bcb2,e4ca87355e96714a,VF_01414,1,train
dataset_katarak,train,aug_0_5063_jpeg.rf.ef670a72d9ee8028771b22abfd9f2688.jpg,immature,C:\Personal AI & ML PROJECTS\AI IN HEALTHCARE\MY PROJECT E PAARVAI\Dataset Katarak\train\immature\aug_0_5063_jpeg.rf.ef670a72d9ee8028771b22abfd9f2688.jpg,e392f883e289a9cec7e8673921163ca55958b5bfc19f8acd90ad9449e7b659c6,f460d78f2be09a94,VF_01415,1,train
dataset_katarak,train,aug_0_506_jpeg.rf.645902f6194f72844f31c6cc95372dfe.jpg,immature,C:\Personal AI & ML PROJECTS\AI IN HEALTHCARE\MY PROJECT E PAARVAI\Dataset Katarak\train\immature\aug_0_506_jpeg.rf.645902f6194f72844f31c6cc95372dfe.jpg,900669fb758ecc179eea7ce0a6971628482dd6b8daa9110741a5abb1fab9ed64,b1b39aa1a187d66c,VF_01416,1,train
dataset_katarak,train,aug_0_5073_jpeg.rf.a0cb855ec66e67129cc2b89e1bd1cb60.jpg,immature,C:\Personal AI & ML PROJECTS\AI IN HEALTHCARE\MY PROJECT E PAARVAI\Dataset Katarak\train\immature\aug_0_5073_jpeg.rf.a0cb855ec66e67129cc2b89e1bd1cb60.jpg,7b8a3f244dbb6a5361445885cc7ef337a83c0c57c5acca42087291bfe57f1a1a,b434b2d3521d8dcb,VF_01417,1,train
dataset_katarak,train,aug_0_5097_jpeg.rf.03d5a6b079f3c4d630e2ac21dc4e31ef.jpg,immature,C:\Personal AI & ML PROJECTS\AI IN HEALTHCARE\MY PROJECT E PAARVAI\Dataset Katarak\train\immature\aug_0_5097_jpeg.rf.03d5a6b079f3c4d630e2ac21dc4e31ef.jpg,da5bfc5bcbed2f76f6f408fb4b693bf85e5bee9be2ed3d32b484143b40e4fa14,e961969668a8f867,VF_01419,1,train
dataset_katarak,train,aug_0_5114_jpeg.rf.cedacde8fdbe8de446672694cb45c707.jpg,immature,C:\Personal AI & ML PROJECTS\AI IN HEALTHCARE\MY PROJECT E PAARVAI\Dataset Katarak\train\immature\aug_0_5114_jpeg.rf.cedacde8fdbe8de446672694cb45c707.jpg,de9ed8388ddbb41b237a7408210ad95754879cad7a73a8d8050d110fb96973aa,f7d9cc36680be405,VF_01422,1,train
dataset_katarak,train,aug_0_5123_jpeg.rf.83621abb5d93f8664ef98cd7dda87d73.jpg,immature,C:\Personal AI & ML PROJECTS\AI IN HEALTHCARE\MY PROJECT E PAARVAI\Dataset Katarak\train\immature\aug_0_5123_jpeg.rf.83621abb5d93f8664ef98cd7dda87d73.jpg,8fcb7367609ff8602350bfa0095b013ec3ee55ce977cc168aeed126ea12c2542,a1de9e61a01eabe8,VF_01423,1,train
dataset_katarak,train,aug_0_512_jpeg.rf.d1d32b56f5cb5e4acff06fae1b4057ff.jpg,immature,C:\Personal AI & ML PROJECTS\AI IN HEALTHCARE\MY PROJECT E PAARVAI\Dataset Katarak\train\immature\aug_0_512_jpeg.rf.d1d32b56f5cb5e4acff06fae1b4057ff.jpg,f5357425ea0163bcf6bcce76a7c352b1e90bdd7f3f3478494aff1a8da05be803,e4ca97355a56a14b,VF_01424,1,train
dataset_katarak,train,aug_0_5162_jpeg.rf.444936f19d63426cbf750180f043f683.jpg,immature,C:\Personal AI & ML PROJECTS\AI IN HEALTHCARE\MY PROJECT E PAARVAI\Dataset Katarak\train\immature\aug_0_5162_jpeg.rf.444936f19d63426cbf750180f043f683.jpg,82e4dde1d5a3db98fef68c172e4311ac2e1662efaaa6c7f49f0bf2febaaf3a6b,a123de9ea0e83a97,VF_01428,1,train
dataset_katarak,train,aug_0_5220_jpeg.rf.130f537e48351163e7e2a6a407b74541.jpg,immature,C:\Personal AI & ML PROJECTS\AI IN HEALTHCARE\MY PROJECT E PAARVAI\Dataset Katarak\train\immature\aug_0_5220_jpeg.rf.130f537e48351163e7e2a6a407b74541.jpg,e0ae92c0d4e5af3b085267a110bbf25abe627ccbaea2d5fa6e4a4146c8e90d30,b48b8b345acbb45c,VF_01430,1,train
dataset_katarak,train,aug_0_5229_jpeg.rf.220d599398d8b5b69871a14179da0bca.jpg,immature,C:\Personal AI & ML PROJECTS\AI IN HEALTHCARE\MY PROJECT E PAARVAI\Dataset Katarak\train\immature\aug_0_5229_jpeg.rf.220d599398d8b5b69871a14179da0bca.jpg,8f05d322a4305bbd7a0e3bd49c1990ea1a219fe8dc04d5ffe88bec74681d43b7,b53492d210bccafb,VF_01431,1,train
dataset_katarak,train,aug_0_5247_jpeg.rf.a536c331166ce8932df504117c52d998.jpg,immature,C:\Personal AI & ML PROJECTS\AI IN HEALTHCARE\MY PROJECT E PAARVAI\Dataset Katarak\train\immature\aug_0_5247_jpeg.rf.a536c331166ce8932df504117c52d998.jpg,db67c82b202cbe42e8cb067d486d8b3da8f085528b8ea55dc0c56deb7ab5e283,b6c1d936087b372a,VF_01433,1,train
dataset_katarak,train,aug_0_527_jpeg.rf.5bfd55a764d9de511edcc45987c88bad.jpg,immature,C:\Personal AI & ML PROJECTS\AI IN HEALTHCARE\MY PROJECT E PAARVAI\Dataset Katarak\train\immature\aug_0_527_jpeg.rf.5bfd55a764d9de511edcc45987c88bad.jpg,e998a7a2981096ba72877bbe27bfa5b4623ec1c5e549f82cac91558483fc6a05,c6b98c679961934e,VF_01434,1,train
dataset_katarak,train,aug_0_5288_jpeg.rf.ce742fb020565fe3d36fc7c69da90efa.jpg,immature,C:\Personal AI & ML PROJECTS\AI IN HEALTHCARE\MY PROJECT E PAARVAI\Dataset Katarak\train\immature\aug_0_5288_jpeg.rf.ce742fb020565fe3d36fc7c69da90efa.jpg,7bbc70ae021c43581004ca29110dfa7face0e872aba80144eb7d322fe13af14b,d2728d8ddf90346c,VF_01435,1,train
dataset_katarak,train,aug_0_5295_jpeg.rf.aac4611382eaf6da92b9799ab9b98c6e.jpg,immature,C:\Personal AI & ML PROJECTS\AI IN HEALTHCARE\MY PROJECT E PAARVAI\Dataset Katarak\train\immature\aug_0_5295_jpeg.rf.aac4611382eaf6da92b9799ab9b98c6e.jpg,6fe60ad1b05634e22947e9911af8bb90eb79f87a22d0e09d7790fdbecb2df36e,b62acbd3342c1b71,VF_01436,1,train
dataset_katarak,train,aug_0_534_jpeg.rf.481de2a035c18bc2f35af9fd1c37915a.jpg,immature,C:\Personal AI & ML PROJECTS\AI IN HEALTHCARE\MY PROJECT E PAARVAI\Dataset Katarak\train\immature\aug_0_534_jpeg.rf.481de2a035c18bc2f35af9fd1c37915a.jpg,12476d687e9df1763b47c51aa329622ecbc9ebc6466218e22fecd424db47274d,b63689c8482dbdb5,VF_01439,1,train
dataset_katarak,train,aug_0_536_jpeg.rf.4d312e22b01959c7979de03475cb7d4f.jpg,immature,C:\Personal AI & ML PROJECTS\AI IN HEALTHCARE\MY PROJECT E PAARVAI\Dataset Katarak\train\immature\aug_0_536_jpeg.rf.4d312e22b01959c7979de03475cb7d4f.jpg,e6fea20f9995090760cb5effc5d64748fa99749bbe84455999ab4231d8d03307,e3611e9ee118d867,VF_01443,1,train
dataset_katarak,train,aug_0_5372_jpeg.rf.fb53cecf2487ae4684bc9d2e460bae26.jpg,immature,C:\Personal AI & ML PROJECTS\AI IN HEALTHCARE\MY PROJECT E PAARVAI\Dataset Katarak\train\immature\aug_0_5372_jpeg.rf.fb53cecf2487ae4684bc9d2e460bae26.jpg,f8e21986e9e8304f2b8e375ea8ef4a1365d4cca6ede84f951a4051625a1781e9,f470cb8be0b4e44b,VF_01444,1,train
dataset_katarak,train,aug_0_5379_jpeg.rf.c8cdacf23ec15bc50b5f1e39cb9b441d.jpg,immature,C:\Personal AI & ML PROJECTS\AI IN HEALTHCARE\MY PROJECT E PAARVAI\Dataset Katarak\train\immature\aug_0_5379_jpeg.rf.c8cdacf23ec15bc50b5f1e39cb9b441d.jpg,927ff7ec3a02abc9d174b1df4c18e4b00886f89ce7470e0b04f7156e8b7df0e9,b344b95ea5609a97,VF_01445,1,train
dataset_katarak,train,aug_0_5403_jpeg.rf.bd8eaa18338ca1b7c295c5cf7e3c19fd.jpg,immature,C:\Personal AI & ML PROJECTS\AI IN HEALTHCARE\MY PROJECT E PAARVAI\Dataset Katarak\train\immature\aug_0_5403_jpeg.rf.bd8eaa18338ca1b7c295c5cf7e3c19fd.jpg,8f3445cfda745767f6ff7de9615c440249c4d7d9fa847ff6b95cd0ce0da677a0,f4cfcb744883c41e,VF_01446,1,train
dataset_katarak,train,aug_0_5431_jpeg.rf.091b8957125c261b2385a4ea6c2dfc05.jpg,immature,C:\Personal AI & ML PROJECTS\AI IN HEALTHCARE\MY PROJECT E PAARVAI\Dataset Katarak\train\immature\aug_0_5431_jpeg.rf.091b8957125c261b2385a4ea6c2dfc05.jpg,7d8a7bf94a117b32527c028d45fe95cea7678847e88bbf94775fca65d59949b7,ea6e919153a2af61,VF_01447,1,train
dataset_katarak,train,aug_0_5439_jpeg.rf.2e5eb5b824cd16d430c3a7a4b9e8882d.jpg,immature,C:\Personal AI & ML PROJECTS\AI IN HEALTHCARE\MY PROJECT E PAARVAI\Dataset Katarak\train\immature\aug_0_5439_jpeg.rf.2e5eb5b824cd16d430c3a7a4b9e8882d.jpg,3cde4d76bd76adc966e65b21ffeea7689da134ff4fe4e3f48ad50df1b6d667ab,f08ffb708fc07403,VF_01448,1,train
dataset_katarak,train,aug_0_5450_jpeg.rf.0156cf18479825b318ebc84daaac7725.jpg,immature,C:\Personal AI & ML PROJECTS\AI IN HEALTHCARE\MY PROJECT E PAARVAI\Dataset Katarak\train\immature\aug_0_5450_jpeg.rf.0156cf18479825b318ebc84daaac7725.jpg,1c85ca930e9d82c0b7123f0f7ef9b17b5b5d1ae2a52766db37b50690fa1b2948,a08f8b702c4fb5dc,VF_01449,1,train
dataset_katarak,train,aug_0_5505_jpeg.rf.493c15f8126c9e1f7a8af18f9890e0a0.jpg,immature,C:\Personal AI & ML PROJECTS\AI IN HEALTHCARE\MY PROJECT E PAARVAI\Dataset Katarak\train\immature\aug_0_5505_jpeg.rf.493c15f8126c9e1f7a8af18f9890e0a0.jpg,a7e8ddda58df8644a98f600b2548ed464f3193d973689326ac769af47121bea2,e59adc65181ea578,VF_01451,1,train
dataset_katarak,train,aug_0_5522_jpeg.rf.54be63e4f00476ae6371623287776447.jpg,immature,C:\Personal AI & ML PROJECTS\AI IN HEALTHCARE\MY PROJECT E PAARVAI\Dataset Katarak\train\immature\aug_0_5522_jpeg.rf.54be63e4f00476ae6371623287776447.jpg,4f2ed2b8acc4d9ab64569c4c31aec232e330eab60d56a1386c0cd625769f0f41,e1dade615e16a944,VF_01452,1,train
dataset_katarak,train,aug_0_5530_jpeg.rf.a374a7940954be591d69e46d9f437f5b.jpg,immature,C:\Personal AI & ML PROJECTS\AI IN HEALTHCARE\MY PROJECT E PAARVAI\Dataset Katarak\train\immature\aug_0_5530_jpeg.rf.a374a7940954be591d69e46d9f437f5b.jpg,f714fdacc023233f8f2fd3812d08c784154537add6c69a40c65fa39d5d5556db,d726d8984ac5b5a9,VF_01453,1,train
dataset_katarak,train,aug_0_5552_jpeg.rf.4dc009105893f516d5a0db482313139c.jpg,immature,C:\Personal AI & ML PROJECTS\AI IN HEALTHCARE\MY PROJECT E PAARVAI\Dataset Katarak\train\immature\aug_0_5552_jpeg.rf.4dc009105893f516d5a0db482313139c.jpg,3abb8673fca666cfb4f71efe7fddbf3bcf6277d3b9a3be9168b1c5e6d5a68091,a23185c52fdaf24b,VF_01456,1,train
dataset_katarak,train,aug_0_5557_jpeg.rf.2b23af5cd96f5a4e1690cac60b1a3ff9.jpg,immature,C:\Personal AI & ML PROJECTS\AI IN HEALTHCARE\MY PROJECT E PAARVAI\Dataset Katarak\train\immature\aug_0_5557_jpeg.rf.2b23af5cd96f5a4e1690cac60b1a3ff9.jpg,77fd9985252b3c02014ba7e1d7164f4e5dd429f44ad31ba4b45a454e83f090f9,b6c1d836487b263e,VF_01457,1,train
dataset_katarak,train,aug_0_5580_jpeg.rf.b1f2bca090e8c40b99b6972cb4bcf02e.jpg,immature,C:\Personal AI & ML PROJECTS\AI IN HEALTHCARE\MY PROJECT E PAARVAI\Dataset Katarak\train\immature\aug_0_5580_jpeg.rf.b1f2bca090e8c40b99b6972cb4bcf02e.jpg,95abe9f0c58ded8fce0b2ea5243e9d146a816f628af2b43fab2e2c4fbb9b4252,f534c2c24d6dc9f0,VF_01459,1,train
dataset_katarak,train,aug_0_5593_jpeg.rf.0a0f4f691a392b20a2b50a1732b19ba7.jpg,immature,C:\Personal AI & ML PROJECTS\AI IN HEALTHCARE\MY PROJECT E PAARVAI\Dataset Katarak\train\immature\aug_0_5593_jpeg.rf.0a0f4f691a392b20a2b50a1732b19ba7.jpg,e8d838832d789ef0f1b94db2de58c3075b0bf6bf7f27ebc9510d44b09868bcbd,e7849c79f124469d,VF_01460,1,train
dataset_katarak,train,aug_0_5637_jpeg.rf.7b42f8198cb18dafc1946b91f3adcd0d.jpg,immature,C:\Personal AI & ML PROJECTS\AI IN HEALTHCARE\MY PROJECT E PAARVAI\Dataset Katarak\train\immature\aug_0_5637_jpeg.rf.7b42f8198cb18dafc1946b91f3adcd0d.jpg,cff9fded234324223db07137e1fdfadafa710e3c13ccd8e9fc996a5d914b444f,b257cdcb90349d13,VF_01461,1,train
dataset_katarak,train,aug_0_5677_jpeg.rf.6e5cb5c168bb8d45b3584e44bd915afa.jpg,immature,C:\Personal AI & ML PROJECTS\AI IN HEALTHCARE\MY PROJECT E PAARVAI\Dataset Katarak\train\immature\aug_0_5677_jpeg.rf.6e5cb5c168bb8d45b3584e44bd915afa.jpg,5bb7c2e9c85dde4c2cdcf462f407964ee2b0a7c395dd1e886725350c6f52856f,e19e9e61695ec039,VF_01463,1,train
dataset_katarak,train,aug_0_5694_jpeg.rf.8dec46350827dadf96d7fb10031b82ca.jpg,immature,C:\Personal AI & ML PROJECTS\AI IN HEALTHCARE\MY PROJECT E PAARVAI\Dataset Katarak\train\immature\aug_0_5694_jpeg.rf.8dec46350827dadf96d7fb10031b82ca.jpg,42d2d71595c13ad91941c312163f673ebba37cc89478a5685617f200fe029ff2,e7609a9ce5399866,VF_01465,1,train
dataset_katarak,train,aug_0_5707_jpeg.rf.7970690017af715ae0ba18fea3990c51.jpg,immature,C:\Personal AI & ML PROJECTS\AI IN HEALTHCARE\MY PROJECT E PAARVAI\Dataset Katarak\train\immature\aug_0_5707_jpeg.rf.7970690017af715ae0ba18fea3990c51.jpg,4bc309e78d08ee81337d321cfbdb3772ea7c8f767425ee22b107a4e5c2015a13,e89767788760f825,VF_01466,1,train
dataset_katarak,train,aug_0_5728_jpeg.rf.bf3d3f79b363ee60e303d3d171b4a730.jpg,immature,C:\Personal AI & ML PROJECTS\AI IN HEALTHCARE\MY PROJECT E PAARVAI\Dataset Katarak\train\immature\aug_0_5728_jpeg.rf.bf3d3f79b363ee60e303d3d171b4a730.jpg,8d643ab60195b7b4d62fe5a86f1f0535b1dce90465dd7613fb8ebf1fa661337e,e1639f9ee078d860,VF_01467,1,train
dataset_katarak,train,aug_0_5752_jpeg.rf.bccfa3957504cd9185d7260d74cda239.jpg,immature,C:\Personal AI & ML PROJECTS\AI IN HEALTHCARE\MY PROJECT E PAARVAI\Dataset Katarak\train\immature\aug_0_5752_jpeg.rf.bccfa3957504cd9185d7260d74cda239.jpg,840bd546ac38993ab794fd41db0da709e3ac6b1e1e08250a3724806239f4ba27,a08d99301f7eec63,VF_01469,1,train
dataset_katarak,train,aug_0_5773_jpeg.rf.c86aef7e548b327c10838d0bb0164f8f.jpg,immature,C:\Personal AI & ML PROJECTS\AI IN HEALTHCARE\MY PROJECT E PAARVAI\Dataset Katarak\train\immature\aug_0_5773_jpeg.rf.c86aef7e548b327c10838d0bb0164f8f.jpg,17f6bfa580b850ac9a8e5a90eb3580ae76f9082b7b893d7334792a084f674edf,e120de9f0b61e0f6,VF_01472,1,train
dataset_katarak,train,aug_0_5780_jpeg.rf.a1b60102aa6714b00737bba8910a0989.jpg,immature,C:\Personal AI & ML PROJECTS\AI IN HEALTHCARE\MY PROJECT E PAARVAI\Dataset Katarak\train\immature\aug_0_5780_jpeg.rf.a1b60102aa6714b00737bba8910a0989.jpg,eeb5a51954429ad3568f480bf2c716b76f74f13f37f486c524980a8528a540c8,dfd9e06618873866,VF_01473,1,train
dataset_katarak,train,aug_0_581_jpeg.rf.5c8450a668a99e3d7d422a6687c9184d.jpg,immature,C:\Personal AI & ML PROJECTS\AI IN HEALTHCARE\MY PROJECT E PAARVAI\Dataset Katarak\train\immature\aug_0_581_jpeg.rf.5c8450a668a99e3d7d422a6687c9184d.jpg,64ed9574b7ecbdcd4e1c7129970afc02219038693cecec79031de8265a5f94c0,f091cf8b74b52b42,VF_01477,1,train
dataset_katarak,train,aug_0_5826_jpeg.rf.0dc79ee75052003a4c45238759fbab7e.jpg,immature,C:\Personal AI & ML PROJECTS\AI IN HEALTHCARE\MY PROJECT E PAARVAI\Dataset Katarak\train\immature\aug_0_5826_jpeg.rf.0dc79ee75052003a4c45238759fbab7e.jpg,1660927be160d96509b58a127aebb0b879e2e5ae0e7e9305772cca42e3be1346,90cdb7344bd66833,VF_01478,1,train
dataset_katarak,train,aug_0_5837_jpeg.rf.271a9418310d7593e213082c4b0f1a3d.jpg,immature,C:\Personal AI & ML PROJECTS\AI IN HEALTHCARE\MY PROJECT E PAARVAI\Dataset Katarak\train\immature\aug_0_5837_jpeg.rf.271a9418310d7593e213082c4b0f1a3d.jpg,f5cb0809e465e5fc9a0d99d547aaff648faea9ea48e21544e2876bdcf9971a52,a28e8d63343ddba1,VF_01479,1,train
dataset_katarak,train,aug_0_5842_jpeg.rf.73f24c9126867007a4732fdd64db2849.jpg,immature,C:\Personal AI & ML PROJECTS\AI IN HEALTHCARE\MY PROJECT E PAARVAI\Dataset Katarak\train\immature\aug_0_5842_jpeg.rf.73f24c9126867007a4732fdd64db2849.jpg,b3adbbefea7a3f7ad38264a5e0177fdba645451531e40ee4bdf0f9af89015b02,a5da82353646cf1e,VF_01480,1,train
dataset_katarak,train,aug_0_5867_jpeg.rf.dcc83b79b304bbe6fce87977176e9be6.jpg,immature,C:\Personal AI & ML PROJECTS\AI IN HEALTHCARE\MY PROJECT E PAARVAI\Dataset Katarak\train\immature\aug_0_5867_jpeg.rf.dcc83b79b304bbe6fce87977176e9be6.jpg,dce03484f7a678288914625dfa86b1989c973d606c5f386e6cbb32e4c49947ac,92e8cc12e4dd32db,VF_01481,1,train
dataset_katarak,train,aug_0_5879_jpeg.rf.76ccdcce3568ae4b6a2edf746604f849.jpg,immature,C:\Personal AI & ML PROJECTS\AI IN HEALTHCARE\MY PROJECT E PAARVAI\Dataset Katarak\train\immature\aug_0_5879_jpeg.rf.76ccdcce3568ae4b6a2edf746604f849.jpg,b4cee5168d61a90aa7c10fb2e664a27bed440181b53600243a2f8f85e76a2e0a,badbcd3c84305bc1,VF_01482,1,train
dataset_katarak,train,aug_0_5888_jpeg.rf.e4ec7043b33d3a37bb0eeb6350aeee09.jpg,immature,C:\Personal AI & ML PROJECTS\AI IN HEALTHCARE\MY PROJECT E PAARVAI\Dataset Katarak\train\immature\aug_0_5888_jpeg.rf.e4ec7043b33d3a37bb0eeb6350aeee09.jpg,e9ea0057eae7aaa157e9106fc43d5e33b655bf13e4d54098ba3825c45e31222c,aac5893a0f69363d,VF_01483,1,train
dataset_katarak,train,aug_0_5891_jpeg.rf.c517c813d5d14a611963b2231b08152d.jpg,immature,C:\Personal AI & ML PROJECTS\AI IN HEALTHCARE\MY PROJECT E PAARVAI\Dataset Katarak\train\immature\aug_0_5891_jpeg.rf.c517c813d5d14a611963b2231b08152d.jpg,f2b6f36963bef9d1c703b4f1bcf5c2e5c7a4f5734708deb19c11fd75c8c79692,ba24cdc384cf1b36,VF_01484,1,train
dataset_katarak,train,aug_0_5895_jpeg.rf.bf7839a3f4ba761a49d81d093d2ba8a2.jpg,immature,C:\Personal AI & ML PROJECTS\AI IN HEALTHCARE\MY PROJECT E PAARVAI\Dataset Katarak\train\immature\aug_0_5895_jpeg.rf.bf7839a3f4ba761a49d81d093d2ba8a2.jpg,df6029a0821ae410a37c921e214674fc8b3dd8b28825142ed89d5aae1f5de0ba,e322769e1e1d2dc8,VF_01485,1,train
dataset_katarak,train,aug_0_5914_jpeg.rf.b3fd39e843d6d28e3f6c1a48c0d26901.jpg,immature,C:\Personal AI & ML PROJECTS\AI IN HEALTHCARE\MY PROJECT E PAARVAI\Dataset Katarak\train\immature\aug_0_5914_jpeg.rf.b3fd39e843d6d28e3f6c1a48c0d26901.jpg,96447033eeabec603c16f9f6eb0713bebcff6305ef11e4f65c387cbb235b257d,f434c38b3a9ccc6a,VF_01487,1,train
dataset_katarak,train,aug_0_5921_jpeg.rf.f7e0a414b11247a8b907a1df05463705.jpg,immature,C:\Personal AI & ML PROJECTS\AI IN HEALTHCARE\MY PROJECT E PAARVAI\Dataset Katarak\train\immature\aug_0_5921_jpeg.rf.f7e0a414b11247a8b907a1df05463705.jpg,9caf53c4d3c8f940b2d6893a426cf52bac45846f70a657205fc17f9356ee55ab,f474f59282d2569c,VF_01488,1,train
dataset_katarak,train,aug_0_5958_jpeg.rf.036523b2f7ac7942fefb4ab383c9f0e0.jpg,immature,C:\Personal AI & ML PROJECTS\AI IN HEALTHCARE\MY PROJECT E PAARVAI\Dataset Katarak\train\immature\aug_0_5958_jpeg.rf.036523b2f7ac7942fefb4ab383c9f0e0.jpg,74f88f842700727c1ad6d6fa237a68e82020cab68ec4644991e2a6643b2f1e7c,826389cd3f93e0f8,VF_01489,1,train
dataset_katarak,train,aug_0_5972_jpeg.rf.0339d8d8380bc713441a0dbf68cb7270.jpg,immature,C:\Personal AI & ML PROJECTS\AI IN HEALTHCARE\MY PROJECT E PAARVAI\Dataset Katarak\train\immature\aug_0_5972_jpeg.rf.0339d8d8380bc713441a0dbf68cb7270.jpg,55189255afd8a6a60cc969391e96726893923281b9aa94be41c1f772b386e2ab,b428db8368dfa178,VF_01491,1,train
dataset_katarak,train,aug_0_5973_jpeg.rf.0fca1572275256bc64070dd1b720c8f4.jpg,immature,C:\Personal AI & ML PROJECTS\AI IN HEALTHCARE\MY PROJECT E PAARVAI\Dataset Katarak\train\immature\aug_0_5973_jpeg.rf.0fca1572275256bc64070dd1b720c8f4.jpg,fe48e6a78dcf55ae6d9f0ffabcfd92da74845d154fdbb2a2dd758d93b63f89a6,f4cbcb744c0bc51c,VF_01492,1,train
dataset_katarak,train,aug_0_5979_jpeg.rf.0d11befe1c194e2d624b5bc24c922aeb.jpg,immature,C:\Personal AI & ML PROJECTS\AI IN HEALTHCARE\MY PROJECT E PAARVAI\Dataset Katarak\train\immature\aug_0_5979_jpeg.rf.0d11befe1c194e2d624b5bc24c922aeb.jpg,d954ae905ae780fe80ec00fecc5defaf116a03db259a1bc61804905e5a4c1508,bc8ad23d023ecf70,VF_01493,1,train
dataset_katarak,train,aug_0_6014_jpeg.rf.ff224a270b599c87e097251a1cdcf102.jpg,immature,C:\Personal AI & ML PROJECTS\AI IN HEALTHCARE\MY PROJECT E PAARVAI\Dataset Katarak\train\immature\aug_0_6014_jpeg.rf.ff224a270b599c87e097251a1cdcf102.jpg,1ceb0c0a3172522eb2b62793e92991234bbcd92e8dfb640d2452edcf7cf1b5c8,f322c29d0cb8f6e1,VF_01494,1,train
dataset_katarak,train,aug_0_6016_jpeg.rf.23db14de3ec0e31bb01b3bcdd3bfa8c8.jpg,immature,C:\Personal AI & ML PROJECTS\AI IN HEALTHCARE\MY PROJECT E PAARVAI\Dataset Katarak\train\immature\aug_0_6016_jpeg.rf.23db14de3ec0e31bb01b3bcdd3bfa8c8.jpg,c778095c1ee0a7d7512931fe3f36addf04fae6fce71dc49d44011b7115796459,e0b09e83f03dc772,VF_01495,1,train
dataset_katarak,train,aug_0_6028_jpeg.rf.6b3ada683656027f1dc64ab6bb195e6a.jpg,immature,C:\Personal AI & ML PROJECTS\AI IN HEALTHCARE\MY PROJECT E PAARVAI\Dataset Katarak\train\immature\aug_0_6028_jpeg.rf.6b3ada683656027f1dc64ab6bb195e6a.jpg,f88d603606cf014a01430daf8f98ab7cbd20df661af14b98b8e3d2c3b7c0ce64,a67723c949c92cb5,VF_01496,1,train
dataset_katarak,train,aug_0_6034_jpeg.rf.c4a8aa945f468380bf9384d7b720e289.jpg,immature,C:\Personal AI & ML PROJECTS\AI IN HEALTHCARE\MY PROJECT E PAARVAI\Dataset Katarak\train\immature\aug_0_6034_jpeg.rf.c4a8aa945f468380bf9384d7b720e289.jpg,6b4f73a70e41a736a910e1f0f1f0f1e02088c8e494235b9ce5e4aa5a36846817,b434b4c3db525794,VF_01497,1,train
dataset_katarak,train,aug_0_6041_jpeg.rf.d930ca3341ae372a2dd11bd4cfd4dedc.jpg,immature,C:\Personal AI & ML PROJECTS\AI IN HEALTHCARE\MY PROJECT E PAARVAI\Dataset Katarak\train\immature\aug_0_6041_jpeg.rf.d930ca3341ae372a2dd11bd4cfd4dedc.jpg,974c41381e8f99dcea0b4fb34cf9c2c29e7410a27ae52a15a35c823faeb041b4,b434cbcb68ecad22,VF_01498,1,train
dataset_katarak,train,aug_0_6057_jpeg.rf.d197a8e4887f02ec35d7ca91b5e140da.jpg,immature,C:\Personal AI & ML PROJECTS\AI IN HEALTHCARE\MY PROJECT E PAARVAI\Dataset Katarak\train\immature\aug_0_6057_jpeg.rf.d197a8e4887f02ec35d7ca91b5e140da.jpg,785ad1beef4066b6bfe5f0ff953d6bd66e302dbc270f0d913dfc3fa3ef2e4c2a,e3948c635c2c627f,VF_01499,1,train
dataset_katarak,train,aug_0_6099_jpeg.rf.1be75ddd618d5679b8981fe17711ec38.jpg,immature,C:\Personal AI & ML PROJECTS\AI IN HEALTHCARE\MY PROJECT E PAARVAI\Dataset Katarak\train\immature\aug_0_6099_jpeg.rf.1be75ddd618d5679b8981fe17711ec38.jpg,dd47e75054e22a27e86de4a62796418b244d790bee1e22754753266321e9bcb4,a7c8a627d8a72996,VF_01500,1,train
dataset_katarak,train,aug_0_6109_jpeg.rf.132d587a17d5f03ee7a36850255ab89d.jpg,immature,C:\Personal AI & ML PROJECTS\AI IN HEALTHCARE\MY PROJECT E PAARVAI\Dataset Katarak\train\immature\aug_0_6109_jpeg.rf.132d587a17d5f03ee7a36850255ab89d.jpg,e6e5a9dfa1ea7293d69f15b991c1717516e76c6f49f829e6439c729832ab80bc,b0748bcb7a30b4a7,VF_01501,1,train
dataset_katarak,train,aug_0_6136_jpeg.rf.79f6aec99bcca7877082b0e8ecbd2984.jpg,immature,C:\Personal AI & ML PROJECTS\AI IN HEALTHCARE\MY PROJECT E PAARVAI\Dataset Katarak\train\immature\aug_0_6136_jpeg.rf.79f6aec99bcca7877082b0e8ecbd2984.jpg,9cdbd5bb100d5ab300dd7a48e74c2edf7c0a6176517497472af0d76c0075cccf,b4cbf034cbb44732,VF_01502,1,train
dataset_katarak,train,aug_0_6137_jpeg.rf.6ca06c6512d89aeb7c60000e6039c93b.jpg,immature,C:\Personal AI & ML PROJECTS\AI IN HEALTHCARE\MY PROJECT E PAARVAI\Dataset Katarak\train\immature\aug_0_6137_jpeg.rf.6ca06c6512d89aeb7c60000e6039c93b.jpg,8170df6c707563ee0a88f9997a611ec2ebb8b877bab737e0a8388ab53a595adf,eef1916e93956281,VF_01503,1,train
dataset_katarak,train,aug_0_6143_jpeg.rf.39e2bfbadfade8c46b4e8d899a11e279.jpg,immature,C:\Personal AI & ML PROJECTS\AI IN HEALTHCARE\MY PROJECT E PAARVAI\Dataset Katarak\train\immature\aug_0_6143_jpeg.rf.39e2bfbadfade8c46b4e8d899a11e279.jpg,45fcaab23a9cadb93c9199120cd1227e45baeec33049b0864b95c72acc624a19,9be4d833cc32c23b,VF_01504,1,train
dataset_katarak,train,aug_0_6150_jpeg.rf.2ec181efefe604010ceb85007bc66123.jpg,immature,C:\Personal AI & ML PROJECTS\AI IN HEALTHCARE\MY PROJECT E PAARVAI\Dataset Katarak\train\immature\aug_0_6150_jpeg.rf.2ec181efefe604010ceb85007bc66123.jpg,be6e8f4a4d19adbf8eff15dffebb3e15b2910aef56ab8b8f1ecc6bba760982eb,a5daaa25da87215e,VF_01505,1,train
dataset_katarak,train,aug_0_6166_jpeg.rf.c4410f1166f170d1bcb5b13e787830f2.jpg,immature,C:\Personal AI & ML PROJECTS\AI IN HEALTHCARE\MY PROJECT E PAARVAI\Dataset Katarak\train\immature\aug_0_6166_jpeg.rf.c4410f1166f170d1bcb5b13e787830f2.jpg,4c55d7d1dbc6f48a7e56a39fb056e65f85c549e23b6506818d3d3cb96e280974,a0e49ed6a9f05713,VF_01507,1,train
dataset_katarak,train,aug_0_6182_jpeg.rf.a76b08c684fc89669374b4c5e274c541.jpg,immature,C:\Personal AI & ML PROJECTS\AI IN HEALTHCARE\MY PROJECT E PAARVAI\Dataset Katarak\train\immature\aug_0_6182_jpeg.rf.a76b08c684fc89669374b4c5e274c541.jpg,544816e8a6166a66b2e160d9943fddbc567dca39fca4d1d5d5578af069bdaea5,a2c4ecf4e2cb8d38,VF_01508,1,train
dataset_katarak,train,aug_0_6186_jpeg.rf.747580782842cfd9c9b5f5fa139d7393.jpg,immature,C:\Personal AI & ML PROJECTS\AI IN HEALTHCARE\MY PROJECT E PAARVAI\Dataset Katarak\train\immature\aug_0_6186_jpeg.rf.747580782842cfd9c9b5f5fa139d7393.jpg,808bfff0f06e1470419735a8a91f00fc85acae5c5a399cc0eef2481d5673eece,b48cca35b5d24b2d,VF_01509,1,train
dataset_katarak,train,aug_0_6190_jpeg.rf.bed11eae7c6df95d78ba5ed274c1fef6.jpg,immature,C:\Personal AI & ML PROJECTS\AI IN HEALTHCARE\MY PROJECT E PAARVAI\Dataset Katarak\train\immature\aug_0_6190_jpeg.rf.bed11eae7c6df95d78ba5ed274c1fef6.jpg,811aadb8fa1d6655adeb16f558de600a8d23c9a29428e33a476fe1e13b484ace,cc0493b37ac52fd2,VF_01510,1,train
dataset_katarak,train,aug_0_6191_jpeg.rf.8eecb4c53d11dda15484137fb9e1d5c6.jpg,immature,C:\Personal AI & ML PROJECTS\AI IN HEALTHCARE\MY PROJECT E PAARVAI\Dataset Katarak\train\immature\aug_0_6191_jpeg.rf.8eecb4c53d11dda15484137fb9e1d5c6.jpg,65e40c6eafaaa1f4b0172426d09342deecc6d87de091045290a0aab2d87e856e,9951c6e60f907a97,VF_01511,1,train
dataset_katarak,train,aug_0_6218_jpeg.rf.f9ef0c69a6d40f3bd752ff5779ef3527.jpg,immature,C:\Personal AI & ML PROJECTS\AI IN HEALTHCARE\MY PROJECT E PAARVAI\Dataset Katarak\train\immature\aug_0_6218_jpeg.rf.f9ef0c69a6d40f3bd752ff5779ef3527.jpg,552b2a707a550ca966704190987f72b41ae624a8557e546379d8ca41f9c953d1,a29c8b322f6fe047,VF_01513,1,train
dataset_katarak,train,aug_0_6233_jpeg.rf.998d5c83b15e594e693908b378110eae.jpg,immature,C:\Personal AI & ML PROJECTS\AI IN HEALTHCARE\MY PROJECT E PAARVAI\Dataset Katarak\train\immature\aug_0_6233_jpeg.rf.998d5c83b15e594e693908b378110eae.jpg,6d17b75b330429fb3bd95a8a7f95eede0bde181110caa297eb57395b0cdd25a6,b893d7684bc0bd07,VF_01514,1,train
dataset_katarak,train,aug_0_6243_jpeg.rf.342843ea97d81e0f7082ab9f4060b5f0.jpg,immature,C:\Personal AI & ML PROJECTS\AI IN HEALTHCARE\MY PROJECT E PAARVAI\Dataset Katarak\train\immature\aug_0_6243_jpeg.rf.342843ea97d81e0f7082ab9f4060b5f0.jpg,4aa951104bc713160c58be1a5826037ca9521f9a2072bc0de701875c53e57c3d,b90fc6e291a9783c,VF_01515,1,train
dataset_katarak,train,aug_0_6248_jpeg.rf.572cb7c96756b263783380847cbc5150.jpg,immature,C:\Personal AI & ML PROJECTS\AI IN HEALTHCARE\MY PROJECT E PAARVAI\Dataset Katarak\train\immature\aug_0_6248_jpeg.rf.572cb7c96756b263783380847cbc5150.jpg,f0720458c08a4334c91d1c41c641fb0525c258a2839cd65c845eaf6918357b52,b96982c2db09de65,VF_01517,1,train
dataset_katarak,train,aug_0_627_jpeg.rf.e32bcafcecfc58c8831f693708dc1a33.jpg,immature,C:\Personal AI & ML PROJECTS\AI IN HEALTHCARE\MY PROJECT E PAARVAI\Dataset Katarak\train\immature\aug_0_627_jpeg.rf.e32bcafcecfc58c8831f693708dc1a33.jpg,b0679918c5a3491c1eaf828d1bffb5eab7ccc4dded30f7d7f631a63c7d6594b7,b060c29f4bfcf0e1,VF_01518,1,train
dataset_katarak,train,aug_0_6290_jpeg.rf.15720a704772763f1bb6309e99185340.jpg,immature,C:\Personal AI & ML PROJECTS\AI IN HEALTHCARE\MY PROJECT E PAARVAI\Dataset Katarak\train\immature\aug_0_6290_jpeg.rf.15720a704772763f1bb6309e99185340.jpg,8184413cd9f0b9507c727f53e8aac86525367974b29d76057ed34301d6ba85d7,92723fcd4d2d60d4,VF_01520,1,train
dataset_katarak,train,aug_0_631_jpeg.rf.50fcbb37311cbc9b1345d272f28b2c1c.jpg,immature,C:\Personal AI & ML PROJECTS\AI IN HEALTHCARE\MY PROJECT E PAARVAI\Dataset Katarak\train\immature\aug_0_631_jpeg.rf.50fcbb37311cbc9b1345d272f28b2c1c.jpg,5e558163feb739ed8c5910b4514044a13448796787d7abef52195bbd91b737a3,829d8b322f6fe017,VF_01523,1,train
dataset_katarak,train,aug_0_6326_jpeg.rf.56f6dc0bd6fe79b654927d7385f5c2bb.jpg,immature,C:\Personal AI & ML PROJECTS\AI IN HEALTHCARE\MY PROJECT E PAARVAI\Dataset Katarak\train\immature\aug_0_6326_jpeg.rf.56f6dc0bd6fe79b654927d7385f5c2bb.jpg,ca4a4039ad22b18a923757565a7f12f51491f0257a1643308b468559ca7cd934,a525aededa7821a1,VF_01524,1,train
dataset_katarak,train,aug_0_6327_jpeg.rf.7c1ee17d1bb7dc1f38603e3d943dd581.jpg,immature,C:\Personal AI & ML PROJECTS\AI IN HEALTHCARE\MY PROJECT E PAARVAI\Dataset Katarak\train\immature\aug_0_6327_jpeg.rf.7c1ee17d1bb7dc1f38603e3d943dd581.jpg,9c45aef7f4a8fb749a7f07772fce806d725221892154ddb04f261c3367411595,e4e4eee4f0c28b19,VF_01525,1,train
dataset_katarak,train,aug_0_6476_jpeg.rf.96705e0fa79d0f18bf64537a4285458b.jpg,immature,C:\Personal AI & ML PROJECTS\AI IN HEALTHCARE\MY PROJECT E PAARVAI\Dataset Katarak\train\immature\aug_0_6476_jpeg.rf.96705e0fa79d0f18bf64537a4285458b.jpg,1da323817beb6a20deb2739250a8b794d7ed24edaf85e6d02850846c4381f77e,a0708b8f2cb4b5af,VF_01533,1,train
dataset_katarak,train,aug_0_647_jpeg.rf.41b7908028587bd8a6e17ca48b357d49.jpg,immature,C:\Personal AI & ML PROJECTS\AI IN HEALTHCARE\MY PROJECT E PAARVAI\Dataset Katarak\train\immature\aug_0_647_jpeg.rf.41b7908028587bd8a6e17ca48b357d49.jpg,e30783dfec4bc981b042216496a218dced7ee91dc2d4f09bcaf2af9f471f62db,d272ad8dcb93344c,VF_01534,1,train
dataset_katarak,train,aug_0_6505_jpeg.rf.c46f2686a3a879562555ba727ccb8ebb.jpg,immature,C:\Personal AI & ML PROJECTS\AI IN HEALTHCARE\MY PROJECT E PAARVAI\Dataset Katarak\train\immature\aug_0_6505_jpeg.rf.c46f2686a3a879562555ba727ccb8ebb.jpg,ac10b9bd36dadd3a91d9b0e86c938b962eeb1a07590112907f7cbe4901720bf2,e1619e9e5a61e1e1,VF_01535,1,train
dataset_katarak,train,aug_0_6514_jpeg.rf.2d7f2c468a24a0b85fa1b054be0ca99e.jpg,immature,C:\Personal AI & ML PROJECTS\AI IN HEALTHCARE\MY PROJECT E PAARVAI\Dataset Katarak\train\immature\aug_0_6514_jpeg.rf.2d7f2c468a24a0b85fa1b054be0ca99e.jpg,cec0eca21f7c563cd9beed25315758d17b7752f81cbece76541bf533800d9c97,e4ca87355eb47152,VF_01536,1,train
dataset_katarak,train,aug_0_6521_jpeg.rf.26140d787304f689dc7707128ea2612a.jpg,immature,C:\Personal AI & ML PROJECTS\AI IN HEALTHCARE\MY PROJECT E PAARVAI\Dataset Katarak\train\immature\aug_0_6521_jpeg.rf.26140d787304f689dc7707128ea2612a.jpg,fee59292761ce0a992065735bd7c10dd154d4468b5cb8d86bc0cd45b23f38dc6,a16186de6fcbc03c,VF_01538,1,train
dataset_katarak,train,aug_0_6563_jpeg.rf.9c77a22eec1d3f501a2894beb77ebd80.jpg,immature,C:\Personal AI & ML PROJECTS\AI IN HEALTHCARE\MY PROJECT E PAARVAI\Dataset Katarak\train\immature\aug_0_6563_jpeg.rf.9c77a22eec1d3f501a2894beb77ebd80.jpg,664437f3ced2ded59354da609c14d500f3f328676043331778344c90b2841e1f,e161e19f8f0707d1,VF_01541,1,train
dataset_katarak,train,aug_0_6565_jpeg.rf.26f9b7e8be58e73f8aaf0e53c9f755ef.jpg,immature,C:\Personal AI & ML PROJECTS\AI IN HEALTHCARE\MY PROJECT E PAARVAI\Dataset Katarak\train\immature\aug_0_6565_jpeg.rf.26f9b7e8be58e73f8aaf0e53c9f755ef.jpg,c4323a12e2209019abe80e092a725862a7585f83f1aa142b2e5f90eb382e39eb,b452cbcbb4344bd2,VF_01542,1,train
dataset_katarak,train,aug_0_6584_jpeg.rf.52206d0064470c3830d525b83a5f1b12.jpg,immature,C:\Personal AI & ML PROJECTS\AI IN HEALTHCARE\MY PROJECT E PAARVAI\Dataset Katarak\train\immature\aug_0_6584_jpeg.rf.52206d0064470c3830d525b83a5f1b12.jpg,1b31c9fb2928241367ef2c00833085c185b12b101cfc04e2fa6bab4d40e174d8,e4ce8f74f4c2c4c8,VF_01544,1,train
dataset_katarak,train,aug_0_6592_jpeg.rf.4498b104ac3f47380b69d81c4f57eb9e.jpg,immature,C:\Personal AI & ML PROJECTS\AI IN HEALTHCARE\MY PROJECT E PAARVAI\Dataset Katarak\train\immature\aug_0_6592_jpeg.rf.4498b104ac3f47380b69d81c4f57eb9e.jpg,f2aeff573c6c0f74f844d1e8410fee88d2469795a2c8a774be37411d707696d2,eea19358ce226997,VF_01545,1,train
dataset_katarak,train,aug_0_661_jpeg.rf.223b008fdc25374fb0e381265f55e089.jpg,immature,C:\Personal AI & ML PROJECTS\AI IN HEALTHCARE\MY PROJECT E PAARVAI\Dataset Katarak\train\immature\aug_0_661_jpeg.rf.223b008fdc25374fb0e381265f55e089.jpg,7fdb36f262883f36e37691b1ece500a4b4ba2bd95487b782ef5c1c08a7c2d16e,f39dd2700b602f65,VF_01546,1,train
dataset_katarak,train,aug_0_6629_jpeg.rf.edb4cefb0df953c58ebcaced0b40dbb5.jpg,immature,C:\Personal AI & ML PROJECTS\AI IN HEALTHCARE\MY PROJECT E PAARVAI\Dataset Katarak\train\immature\aug_0_6629_jpeg.rf.edb4cefb0df953c58ebcaced0b40dbb5.jpg,542f682269830ef0db6a86a7dac6d221db916a58bd0f4b2fc51286553b8b21bd,b23ac8e9098737c7,VF_01547,1,train
dataset_katarak,train,aug_0_6631_jpeg.rf.b0d26d5b1ea6fd0ce0b2f3f9dd93857a.jpg,immature,C:\Personal AI & ML PROJECTS\AI IN HEALTHCARE\MY PROJECT E PAARVAI\Dataset Katarak\train\immature\aug_0_6631_jpeg.rf.b0d26d5b1ea6fd0ce0b2f3f9dd93857a.jpg,260e5e4f9a5b3eba1924b44b41809386ea69c5d04281d27bacfe8405d8ab8570,8270adcb700d7ccf,VF_01548,1,train
dataset_katarak,train,aug_0_6633_jpeg.rf.0020e566def12be4b11c0a937fe6cb20.jpg,immature,C:\Personal AI & ML PROJECTS\AI IN HEALTHCARE\MY PROJECT E PAARVAI\Dataset Katarak\train\immature\aug_0_6633_jpeg.rf.0020e566def12be4b11c0a937fe6cb20.jpg,a30e90a9463d70e9c6ccd8b622709e2856dd056de0bed69fdf1c1b20d874cdcf,a5809ada35637a1f,VF_01549,1,train
dataset_katarak,train,aug_0_6659_jpeg.rf.9264f85c54fd986dac86018ef684ec14.jpg,immature,C:\Personal AI & ML PROJECTS\AI IN HEALTHCARE\MY PROJECT E PAARVAI\Dataset Katarak\train\immature\aug_0_6659_jpeg.rf.9264f85c54fd986dac86018ef684ec14.jpg,03b5712da1dcc05652b1143b5287d9a8bb0fca77b025e5e9e22e66ab6a886c80,931bceec40b17a1e,VF_01550,1,train
dataset_katarak,train,aug_0_6675_jpeg.rf.6a6b874a0248577452d97840c73ae210.jpg,immature,C:\Personal AI & ML PROJECTS\AI IN HEALTHCARE\MY PROJECT E PAARVAI\Dataset Katarak\train\immature\aug_0_6675_jpeg.rf.6a6b874a0248577452d97840c73ae210.jpg,30dfdf4f58a555824eb315303764036a7e01a1a7ee6dd6f1e3bb5333379024dc,9be4cc1b434c72cb,VF_01551,1,train
dataset_katarak,train,aug_0_6677_jpeg.rf.cd243e23e0ad69d1d7b2b52aac28e275.jpg,immature,C:\Personal AI & ML PROJECTS\AI IN HEALTHCARE\MY PROJECT E PAARVAI\Dataset Katarak\train\immature\aug_0_6677_jpeg.rf.cd243e23e0ad69d1d7b2b52aac28e275.jpg,936528cd0ef67392196c97cb966821655906103f0814c9ffac3f647c35483fd2,98afc4582a6d7a78,VF_01552,1,train
dataset_katarak,train,aug_0_6681_jpeg.rf.d2785ca8966cae45ee8ec6f2c34c9209.jpg,immature,C:\Personal AI & ML PROJECTS\AI IN HEALTHCARE\MY PROJECT E PAARVAI\Dataset Katarak\train\immature\aug_0_6681_jpeg.rf.d2785ca8966cae45ee8ec6f2c34c9209.jpg,6e1d49fb51704fb447d13fa6ba1a6a43f692a0b1d9d9ccac6258911d668427d8,e39d9c631e05e21d,VF_01553,1,train
dataset_katarak,train,aug_0_6684_jpeg.rf.e255d7192075e05c0bd04739633c38d8.jpg,immature,C:\Personal AI & ML PROJECTS\AI IN HEALTHCARE\MY PROJECT E PAARVAI\Dataset Katarak\train\immature\aug_0_6684_jpeg.rf.e255d7192075e05c0bd04739633c38d8.jpg,6a594447b2a2d92f2cb59713e1eb37a16472064f6709563458dafcdd2372ee1f,a19e96611ad7985b,VF_01554,1,train
dataset_katarak,train,aug_0_668_jpeg.rf.6fe07f25570ac3d3fbbc479bcfd0062e.jpg,immature,C:\Personal AI & ML PROJECTS\AI IN HEALTHCARE\MY PROJECT E PAARVAI\Dataset Katarak\train\immature\aug_0_668_jpeg.rf.6fe07f25570ac3d3fbbc479bcfd0062e.jpg,d45e25c646f464f1adbffc4d895ae7d322ac9ba491cc8b1156f5be4a16b936d6,e411ee0bf03d8be2,VF_01555,1,train
dataset_katarak,train,aug_0_6691_jpeg.rf.7fa1d6370bf7d7f45910c3836ebf41cf.jpg,immature,C:\Personal AI & ML PROJECTS\AI IN HEALTHCARE\MY PROJECT E PAARVAI\Dataset Katarak\train\immature\aug_0_6691_jpeg.rf.7fa1d6370bf7d7f45910c3836ebf41cf.jpg,df5c3fcac47dcdd69f0b77f9523ed8b1e4913101094b3c1869bcc9e2ad32d098,a1219f9b74e07663,VF_01556,1,train
dataset_katarak,train,aug_0_6692_jpeg.rf.306860533a82984b9eb7f30ba9bcafa0.jpg,immature,C:\Personal AI & ML PROJECTS\AI IN HEALTHCARE\MY PROJECT E PAARVAI\Dataset Katarak\train\immature\aug_0_6692_jpeg.rf.306860533a82984b9eb7f30ba9bcafa0.jpg,f6d7a7b4502ceb92b1af0b4198b20c3c682ba8a6c75b2b4763ca3889775c1944,e5929a6d5a78a691,VF_01557,1,train
dataset_katarak,train,aug_0_6706_jpeg.rf.457e15d3daff67ed354266b36cb1e1a8.jpg,immature,C:\Personal AI & ML PROJECTS\AI IN HEALTHCARE\MY PROJECT E PAARVAI\Dataset Katarak\train\immature\aug_0_6706_jpeg.rf.457e15d3daff67ed354266b36cb1e1a8.jpg,de907f05b8a5e7cc75c613fe729db6f87fc831ef23693f7746d7f18008c2fec5,a1889e253fde914d,VF_01559,1,train
dataset_katarak,train,aug_0_6709_jpeg.rf.15caa291db3689c49158d64e5d04fc25.jpg,immature,C:\Personal AI & ML PROJECTS\AI IN HEALTHCARE\MY PROJECT E PAARVAI\Dataset Katarak\train\immature\aug_0_6709_jpeg.rf.15caa291db3689c49158d64e5d04fc25.jpg,cf42ae67ea41e817c6517ace96a8e0f0af4598ccd65201b749cabf96a578470a,e5face602c9ae02d,VF_01560,1,train
dataset_katarak,train,aug_0_6710_jpeg.rf.f3da4ec61a2c5ef79e14ea1f067f3584.jpg,immature,C:\Personal AI & ML PROJECTS\AI IN HEALTHCARE\MY PROJECT E PAARVAI\Dataset Katarak\train\immature\aug_0_6710_jpeg.rf.f3da4ec61a2c5ef79e14ea1f067f3584.jpg,4045ea7cbcc1e38965a82b9eacaf65c8c8c3686000dd7c15f37d36f178f7635d,e1219e9e94e87a1e,VF_01561,1,train
dataset_katarak,train,aug_0_673_jpeg.rf.8002275f2315550713e6b63357166fed.jpg,immature,C:\Personal AI & ML PROJECTS\AI IN HEALTHCARE\MY PROJECT E PAARVAI\Dataset Katarak\train\immature\aug_0_673_jpeg.rf.8002275f2315550713e6b63357166fed.jpg,71792b1b82a79f324eddb513d6a53ace0bb5f4bd5bc716b43042514102dc2827,ea68949e72e8a497,VF_01562,1,train
dataset_katarak,train,aug_0_6761_jpeg.rf.cc8fb84c78d4b638c408f6d2bd6dbf12.jpg,immature,C:\Personal AI & ML PROJECTS\AI IN HEALTHCARE\MY PROJECT E PAARVAI\Dataset Katarak\train\immature\aug_0_6761_jpeg.rf.cc8fb84c78d4b638c408f6d2bd6dbf12.jpg,f03a4b50a45804684f8e188e12f1f6462ead04e156d2d3a49ffdaf8575061dd1,e79e1e61a56698b0,VF_01563,1,train
dataset_katarak,train,aug_0_677_jpeg.rf.41a6a5e0699054542d69da1a6502016f.jpg,immature,C:\Personal AI & ML PROJECTS\AI IN HEALTHCARE\MY PROJECT E PAARVAI\Dataset Katarak\train\immature\aug_0_677_jpeg.rf.41a6a5e0699054542d69da1a6502016f.jpg,efbd409b33566f39930adcec5b59366107893cd84f06b189dd9b0d29d1737901,a63686d25cca38cf,VF_01564,1,train
dataset_katarak,train,aug_0_6791_jpeg.rf.5e1645966df70586b7349293ae434880.jpg,immature,C:\Personal AI & ML PROJECTS\AI IN HEALTHCARE\MY PROJECT E PAARVAI\Dataset Katarak\train\immature\aug_0_6791_jpeg.rf.5e1645966df70586b7349293ae434880.jpg,c7bc7922209a5c63a8a296947884a2c233dcd2fa0a5b0b1e6c9365f7dc2936e4,f7909c67583c632c,VF_01565,1,train
dataset_katarak,train,aug_0_6806_jpeg.rf.edcd2efc83affea6ac7464e93dc02b05.jpg,immature,C:\Personal AI & ML PROJECTS\AI IN HEALTHCARE\MY PROJECT E PAARVAI\Dataset Katarak\train\immature\aug_0_6806_jpeg.rf.edcd2efc83affea6ac7464e93dc02b05.jpg,846c17a88c46464d9982d6bcfea3371e5a5a96c78faf0efb4ec8a4f05e3a5755,f54ec27cfd520219,VF_01567,1,train
dataset_katarak,train,aug_0_6810_jpeg.rf.82c5876f3d5f0b33022eae246a428e48.jpg,immature,C:\Personal AI & ML PROJECTS\AI IN HEALTHCARE\MY PROJECT E PAARVAI\Dataset Katarak\train\immature\aug_0_6810_jpeg.rf.82c5876f3d5f0b33022eae246a428e48.jpg,0bb6a58bb3df820d4722538d0ea3d6940f7e242b3cbb5bfea2ad1785185f36dd,e09fe17087fa013e,VF_01568,1,train
dataset_katarak,train,aug_0_6811_jpeg.rf.f2881e231b6393fb9e428ef195e094a1.jpg,immature,C:\Personal AI & ML PROJECTS\AI IN HEALTHCARE\MY PROJECT E PAARVAI\Dataset Katarak\train\immature\aug_0_6811_jpeg.rf.f2881e231b6393fb9e428ef195e094a1.jpg,934755d31f2908ada2f87de8e75fe02fefa4b99a634b8d3e914c837fece146c8,b19f5a712183b19b,VF_01569,1,train
dataset_katarak,train,aug_0_6825_jpeg.rf.92a2ea6cbe3dc67464b17087a57331a8.jpg,immature,C:\Personal AI & ML PROJECTS\AI IN HEALTHCARE\MY PROJECT E PAARVAI\Dataset Katarak\train\immature\aug_0_6825_jpeg.rf.92a2ea6cbe3dc67464b17087a57331a8.jpg,01c46d7d7c772a50f1e36cc1b6be7902d304938fd815599314d507419d8f2edb,f362d29f089c2d9a,VF_01570,1,train
dataset_katarak,train,aug_0_6866_jpeg.rf.2c212479faeafe65a272530921f746b2.jpg,immature,C:\Personal AI & ML PROJECTS\AI IN HEALTHCARE\MY PROJECT E PAARVAI\Dataset Katarak\train\immature\aug_0_6866_jpeg.rf.2c212479faeafe65a272530921f746b2.jpg,5f5bb40d03fc3f3cde547c01e06bcd888d6ad96e9318cca7c2e6b6c5da741083,a123df9a70e47217,VF_01571,1,train
dataset_katarak,train,aug_0_6881_jpeg.rf.8f6279a6e7db46bbf5239ced163fecae.jpg,immature,C:\Personal AI & ML PROJECTS\AI IN HEALTHCARE\MY PROJECT E PAARVAI\Dataset Katarak\train\immature\aug_0_6881_jpeg.rf.8f6279a6e7db46bbf5239ced163fecae.jpg,3189529c73ec7bffa68a15590b82313495547f34245b1aea5a52c2ff35da9177,e39c8f611f04716b,VF_01572,1,train
dataset_katarak,train,aug_0_6906_jpeg.rf.e684db137b1807c4b08dc4abcc8d5ebc.jpg,immature,C:\Personal AI & ML PROJECTS\AI IN HEALTHCARE\MY PROJECT E PAARVAI\Dataset Katarak\train\immature\aug_0_6906_jpeg.rf.e684db137b1807c4b08dc4abcc8d5ebc.jpg,bbe09552a2f7d552c2c6ec7165add3d9cc4f6e00b6d1e98c4db3688f009967d9,ed92902f5b5c8e98,VF_01577,1,train
dataset_katarak,train,aug_0_692_jpeg.rf.7e43abb0863af127ff7e4b5f11d68228.jpg,immature,C:\Personal AI & ML PROJECTS\AI IN HEALTHCARE\MY PROJECT E PAARVAI\Dataset Katarak\train\immature\aug_0_692_jpeg.rf.7e43abb0863af127ff7e4b5f11d68228.jpg,c5ab0817f7085a320d24901746ca908b730f698bbd347fe3d2708685f2af0ce0,f7999867706a9119,VF_01579,1,train
dataset_katarak,train,aug_0_6937_jpeg.rf.f14082736ba2699dea45d539c6377506.jpg,immature,C:\Personal AI & ML PROJECTS\AI IN HEALTHCARE\MY PROJECT E PAARVAI\Dataset Katarak\train\immature\aug_0_6937_jpeg.rf.f14082736ba2699dea45d539c6377506.jpg,c6e88fcb8b5cdf407fce042d049643315ed36c08dbad0c9e071e3d8addc48ccd,ee0c959193b2ea56,VF_01580,1,train
dataset_katarak,train,aug_0_6939_jpeg.rf.82c2e5a6a6466afe34b29f47df55afe7.jpg,immature,C:\Personal AI & ML PROJECTS\AI IN HEALTHCARE\MY PROJECT E PAARVAI\Dataset Katarak\train\immature\aug_0_6939_jpeg.rf.82c2e5a6a6466afe34b29f47df55afe7.jpg,d3714bd3c7436dc3eeffeb0768d72a7a4e8e2f8457381c726ce5e8b39d0e796e,a6c8873778b670e2,VF_01581,1,train
dataset_katarak,train,aug_0_6942_jpeg.rf.a4167b79a2b86b0a09692c963d30e6ad.jpg,immature,C:\Personal AI & ML PROJECTS\AI IN HEALTHCARE\MY PROJECT E PAARVAI\Dataset Katarak\train\immature\aug_0_6942_jpeg.rf.a4167b79a2b86b0a09692c963d30e6ad.jpg,1505a74a6fbd1cc398d542431d9db4bd3a0974d6b438cc8b28ee5a36b3e453c5,e1de9e61963a6825,VF_01582,1,train
dataset_katarak,train,aug_0_6943_jpeg.rf.8cbe242802ef57ef3d0ac6f0cf815899.jpg,immature,C:\Personal AI & ML PROJECTS\AI IN HEALTHCARE\MY PROJECT E PAARVAI\Dataset Katarak\train\immature\aug_0_6943_jpeg.rf.8cbe242802ef57ef3d0ac6f0cf815899.jpg,93d789e88817db1a3faddc4d8cd68b0299cb89c6896851866bcb2823f5946338,b4b0cb8bf4ad82e2,VF_01583,1,train
dataset_katarak,train,aug_0_6949_jpeg.rf.b55dd6af0e5ca9808ca5efffecd186a7.jpg,immature,C:\Personal AI & ML PROJECTS\AI IN HEALTHCARE\MY PROJECT E PAARVAI\Dataset Katarak\train\immature\aug_0_6949_jpeg.rf.b55dd6af0e5ca9808ca5efffecd186a7.jpg,2c2b2743dca2b86d92dea262d50f19b64ce75b23fe32b0336f450278ba91ef5e,f08f8f74934b2c32,VF_01584,1,train
dataset_katarak,train,aug_0_6953_jpeg.rf.28f6d72d1479c0517fe6ef41ab453596.jpg,immature,C:\Personal AI & ML PROJECTS\AI IN HEALTHCARE\MY PROJECT E PAARVAI\Dataset Katarak\train\immature\aug_0_6953_jpeg.rf.28f6d72d1479c0517fe6ef41ab453596.jpg,cf2b36ccc3f1a6cccba9c6f783ddc0e0f042e71506932202366ea2102957e9fc,a161de96c5e05a9e,VF_01586,1,train
dataset_katarak,train,aug_0_6960_jpeg.rf.e353a63ebc4bb92de2c0c7c853f5e77c.jpg,immature,C:\Personal AI & ML PROJECTS\AI IN HEALTHCARE\MY PROJECT E PAARVAI\Dataset Katarak\train\immature\aug_0_6960_jpeg.rf.e353a63ebc4bb92de2c0c7c853f5e77c.jpg,22e8de25a0215ebd30c0c7d0f94d16883e258fc227ab8579d35597f4c656e675,b070cf8bc0bc87f2,VF_01587,1,train
dataset_katarak,train,aug_0_6983_jpeg.rf.9447cf2d200b9064eb99e811c8822563.jpg,immature,C:\Personal AI & ML PROJECTS\AI IN HEALTHCARE\MY PROJECT E PAARVAI\Dataset Katarak\train\immature\aug_0_6983_jpeg.rf.9447cf2d200b9064eb99e811c8822563.jpg,9b98f5460a203a83172971f847c37d1860186d193443a3cb51b4293c4ca65094,e8289787a8dc97a3,VF_01588,1,train
dataset_katarak,train,aug_0_6993_jpeg.rf.137d57fc4dea935095fa8d46e7e75a1f.jpg,immature,C:\Personal AI & ML PROJECTS\AI IN HEALTHCARE\MY PROJECT E PAARVAI\Dataset Katarak\train\immature\aug_0_6993_jpeg.rf.137d57fc4dea935095fa8d46e7e75a1f.jpg,4514ee0f870f5ba1d378e502efbff696dc3a2af1882825cbf9efc1b0d5b14fe4,a08f8b302f6ff492,VF_01591,1,train
dataset_katarak,train,aug_0_7025_jpeg.rf.d5aaf9b9411e45f35fd767ee805816e2.jpg,immature,C:\Personal AI & ML PROJECTS\AI IN HEALTHCARE\MY PROJECT E PAARVAI\Dataset Katarak\train\immature\aug_0_7025_jpeg.rf.d5aaf9b9411e45f35fd767ee805816e2.jpg,c354c7d3e516e7e058ba170e1940beaf04ee1755c2fe05d582b0c6b9fe4a3881,e59298a7596e8e91,VF_01592,1,train
dataset_katarak,train,aug_0_703_jpeg.rf.445af0b2dd07de18874ea0e20953d4b6.jpg,immature,C:\Personal AI & ML PROJECTS\AI IN HEALTHCARE\MY PROJECT E PAARVAI\Dataset Katarak\train\immature\aug_0_703_jpeg.rf.445af0b2dd07de18874ea0e20953d4b6.jpg,669314cba9b0b7e546872b8279afb8fa3448d2115303507743788eca88875803,f76f94b818e06a94,VF_01594,1,train
dataset_katarak,train,aug_0_7047_jpeg.rf.4ad95b094aa44a2bd30241bfc3984256.jpg,immature,C:\Personal AI & ML PROJECTS\AI IN HEALTHCARE\MY PROJECT E PAARVAI\Dataset Katarak\train\immature\aug_0_7047_jpeg.rf.4ad95b094aa44a2bd30241bfc3984256.jpg,d6205a1a5b9310e923a1470ebf7cafb7ec56e98b39fd78b9e84424deb58209ef,9ae7e593c980175a,VF_01595,1,train
dataset_katarak,train,aug_0_7060_jpeg.rf.4a1416b82a60850e23d7e9ac69529247.jpg,immature,C:\Personal AI & ML PROJECTS\AI IN HEALTHCARE\MY PROJECT E PAARVAI\Dataset Katarak\train\immature\aug_0_7060_jpeg.rf.4a1416b82a60850e23d7e9ac69529247.jpg,d440e1fb54ff983d844faf000276807f1ed6a550f4b1cf3fbdf8a4652df299ee,b0c7cf380e0df3c4,VF_01596,1,train
dataset_katarak,train,aug_0_7064_jpeg.rf.8aeb1c390d7670bd44a1a92f7134b742.jpg,immature,C:\Personal AI & ML PROJECTS\AI IN HEALTHCARE\MY PROJECT E PAARVAI\Dataset Katarak\train\immature\aug_0_7064_jpeg.rf.8aeb1c390d7670bd44a1a92f7134b742.jpg,fda51ad1c7b3506954436f6a407511792cce7ffc71ff19de4d51d903582955ab,e121de1fa9489d27,VF_01597,1,train
dataset_katarak,train,aug_0_7087_jpeg.rf.44d13fa955e1a17165d9c3589c554786.jpg,immature,C:\Personal AI & ML PROJECTS\AI IN HEALTHCARE\MY PROJECT E PAARVAI\Dataset Katarak\train\immature\aug_0_7087_jpeg.rf.44d13fa955e1a17165d9c3589c554786.jpg,a482834f08720ada1f994a293b6edc9d2b9271f3c1f8f291c65eb24288bdc6ba,879896355ae39d32,VF_01599,1,train
dataset_katarak,train,aug_0_708_jpeg.rf.460826897b8dbe8afdf0f49b9b6041b7.jpg,immature,C:\Personal AI & ML PROJECTS\AI IN HEALTHCARE\MY PROJECT E PAARVAI\Dataset Katarak\train\immature\aug_0_708_jpeg.rf.460826897b8dbe8afdf0f49b9b6041b7.jpg,f0950a06cd054d6f2b3b44e8cb5a8bea5098e244fb0c6e4a8a06e56faa7b64c9,e5ca87351eb57052,VF_01600,1,train
dataset_katarak,train,aug_0_7096_jpeg.rf.66da5ae76a4ab49e7b7b7fead1f57391.jpg,immature,C:\Personal AI & ML PROJECTS\AI IN HEALTHCARE\MY PROJECT E PAARVAI\Dataset Katarak\train\immature\aug_0_7096_jpeg.rf.66da5ae76a4ab49e7b7b7fead1f57391.jpg,3761691b673b3ded4441e86d2bc2cf6aede2cbe5de9ba66be56ea53980c2f12b,a1dea128d72847be,VF_01601,1,train
dataset_katarak,train,aug_0_7105_jpeg.rf.77464cec681decb1ed4375648ced47fa.jpg,immature,C:\Personal AI & ML PROJECTS\AI IN HEALTHCARE\MY PROJECT E PAARVAI\Dataset Katarak\train\immature\aug_0_7105_jpeg.rf.77464cec681decb1ed4375648ced47fa.jpg,85e0ae427025d0c0c33781e0b238f5ca1aa7c7fd718dd4efad2b0d71321a8058,a239c1c50fd637c6,VF_01602,1,train
dataset_katarak,train,aug_0_7115_jpeg.rf.058c7026f30e1399a669798503000ad9.jpg,immature,C:\Personal AI & ML PROJECTS\AI IN HEALTHCARE\MY PROJECT E PAARVAI\Dataset Katarak\train\immature\aug_0_7115_jpeg.rf.058c7026f30e1399a669798503000ad9.jpg,3ebdcf9e63beaebce9e5660ee645b4157e782568be5214abab0021abeaea0f1d,b6c82335cab55a33,VF_01604,1,train
dataset_katarak,train,aug_0_7197_jpeg.rf.01208a3a00debf5deb223b96c235de8f.jpg,immature,C:\Personal AI & ML PROJECTS\AI IN HEALTHCARE\MY PROJECT E PAARVAI\Dataset Katarak\train\immature\aug_0_7197_jpeg.rf.01208a3a00debf5deb223b96c235de8f.jpg,d3d5bccaebbf97d92a567b8e8c93249a3470e61a038d55771c796250b60b6106,b5c8ca35e1422fbc,VF_01609,1,train
dataset_katarak,train,aug_0_7201_jpeg.rf.e57e9680c7efac274ecab355beee2d6f.jpg,immature,C:\Personal AI & ML PROJECTS\AI IN HEALTHCARE\MY PROJECT E PAARVAI\Dataset Katarak\train\immature\aug_0_7201_jpeg.rf.e57e9680c7efac274ecab355beee2d6f.jpg,d2ef6be778e6e1fba88364522a6b814ea36b7e7de1abf81a05d44f15a8242f2d,b03083cb4f2decec,VF_01610,1,train
dataset_katarak,train,aug_0_7291_jpeg.rf.0167806259acb6d3c8ed6ffc3e29907a.jpg,immature,C:\Personal AI & ML PROJECTS\AI IN HEALTHCARE\MY PROJECT E PAARVAI\Dataset Katarak\train\immature\aug_0_7291_jpeg.rf.0167806259acb6d3c8ed6ffc3e29907a.jpg,40b9674e8429f062d307ccdfeee102d31898ab5922e85e2da47ef988a4d45acc,e5dad867381a8578,VF_01615,1,train
dataset_katarak,train,aug_0_7299_jpeg.rf.90285bd2b5eb6da5cde4d7837dc56e4b.jpg,immature,C:\Personal AI & ML PROJECTS\AI IN HEALTHCARE\MY PROJECT E PAARVAI\Dataset Katarak\train\immature\aug_0_7299_jpeg.rf.90285bd2b5eb6da5cde4d7837dc56e4b.jpg,8f679c9cb8e174c29f4f84ac20eeedfc251e2e2ebea8fbb89e718d047ac81b2f,a727d8d88ea53998,VF_01616,1,train
dataset_katarak,train,aug_0_7315_jpeg.rf.726444a21a71b964362f47d315787c70.jpg,immature,C:\Personal AI & ML PROJECTS\AI IN HEALTHCARE\MY PROJECT E PAARVAI\Dataset Katarak\train\immature\aug_0_7315_jpeg.rf.726444a21a71b964362f47d315787c70.jpg,5e95e9a548d6a548158e4875aafd545c4002f50c742c9cf8283bb09d4fc80e4e,b6c1c9360369372f,VF_01618,1,train
dataset_katarak,train,aug_0_7325_jpeg.rf.f80a7d251bb3027db7480c8317d632ca.jpg,immature,C:\Personal AI & ML PROJECTS\AI IN HEALTHCARE\MY PROJECT E PAARVAI\Dataset Katarak\train\immature\aug_0_7325_jpeg.rf.f80a7d251bb3027db7480c8317d632ca.jpg,b9430d0426d2a6cba00eba64c00fe9c93532984b82b74ab4d8f7ed2d27c6f251,aa3a89c50f9636da,VF_01619,1,train
dataset_katarak,train,aug_0_7373_jpeg.rf.fdac129968a268083015f5f33c540858.jpg,immature,C:\Personal AI & ML PROJECTS\AI IN HEALTHCARE\MY PROJECT E PAARVAI\Dataset Katarak\train\immature\aug_0_7373_jpeg.rf.fdac129968a268083015f5f33c540858.jpg,6b62910cd4b4e674142a718d925232c82b930d2318ed15e07670bb04c7d88280,f4708b8bf4b46c43,VF_01621,1,train
dataset_katarak,train,aug_0_73_jpeg.rf.0ec3e8d9dce3613fb22490f25534bcb1.jpg,immature,C:\Personal AI & ML PROJECTS\AI IN HEALTHCARE\MY PROJECT E PAARVAI\Dataset Katarak\train\immature\aug_0_73_jpeg.rf.0ec3e8d9dce3613fb22490f25534bcb1.jpg,b95faee1aca233d2173462ccf77aa9846a25b43854444ef901b960dd5e765710,f0708f8bcb943c6c,VF_01622,1,train
dataset_katarak,train,aug_0_7404_jpeg.rf.960b50740b3f9940913b439031f22783.jpg,immature,C:\Personal AI & ML PROJECTS\AI IN HEALTHCARE\MY PROJECT E PAARVAI\Dataset Katarak\train\immature\aug_0_7404_jpeg.rf.960b50740b3f9940913b439031f22783.jpg,971d8699b3c68586c4f7ca06578c5a0e754e87e7e7abd973eca705b6f053c51e,a161969e18b8bcb7,VF_01623,1,train
dataset_katarak,train,aug_0_7409_jpeg.rf.e72f022329bff61b6becfaec565cf891.jpg,immature,C:\Personal AI & ML PROJECTS\AI IN HEALTHCARE\MY PROJECT E PAARVAI\Dataset Katarak\train\immature\aug_0_7409_jpeg.rf.e72f022329bff61b6becfaec565cf891.jpg,0ce04c987f32d291e54162111fd0b5275f66a3d89f1ce2c75b2587d588a5b270,ce0e919191767657,VF_01624,1,train
dataset_katarak,train,aug_0_7439_jpeg.rf.2a1902702e7e1f0dff917b35734c6435.jpg,immature,C:\Personal AI & ML PROJECTS\AI IN HEALTHCARE\MY PROJECT E PAARVAI\Dataset Katarak\train\immature\aug_0_7439_jpeg.rf.2a1902702e7e1f0dff917b35734c6435.jpg,aece2ecb20e54f65f298876372b65ea03977957b89c6a1316808c3050c8605f9,f706b9c8b7619816,VF_01626,1,train
dataset_katarak,train,aug_0_7441_jpeg.rf.9762617d8d7c0b807e87cefba1f38298.jpg,immature,C:\Personal AI & ML PROJECTS\AI IN HEALTHCARE\MY PROJECT E PAARVAI\Dataset Katarak\train\immature\aug_0_7441_jpeg.rf.9762617d8d7c0b807e87cefba1f38298.jpg,9f9937516e07d45cd94814cb65d104621cec8563ed73be8b3c1d897cddae45ff,f5cbc23d4d92c905,VF_01627,1,train
dataset_katarak,train,aug_0_7464_jpeg.rf.be5df7716f8d7cf96871b080fced25a6.jpg,immature,C:\Personal AI & ML PROJECTS\AI IN HEALTHCARE\MY PROJECT E PAARVAI\Dataset Katarak\train\immature\aug_0_7464_jpeg.rf.be5df7716f8d7cf96871b080fced25a6.jpg,869f367fce7a7a2a1a71141b5664a928744514c985d96aa46f5252df4f764b58,f4dfd2608ea5c823,VF_01628,1,train
dataset_katarak,train,aug_0_7473_jpeg.rf.f6e49043fb4b240917635ebe79c6e09b.jpg,immature,C:\Personal AI & ML PROJECTS\AI IN HEALTHCARE\MY PROJECT E PAARVAI\Dataset Katarak\train\immature\aug_0_7473_jpeg.rf.f6e49043fb4b240917635ebe79c6e09b.jpg,5bf3e69618d985f0d81c3d6ff087bb2963ba26f47722baffcc45c65b8f7bb1bb,9744b8dea5689363,VF_01630,1,train
dataset_katarak,train,aug_0_7475_jpeg.rf.a2eee29e4ff80000310d853427cfba55.jpg,immature,C:\Personal AI & ML PROJECTS\AI IN HEALTHCARE\MY PROJECT E PAARVAI\Dataset Katarak\train\immature\aug_0_7475_jpeg.rf.a2eee29e4ff80000310d853427cfba55.jpg,6185ab6497837865e4994e4a718bd9cfd662cbef9fe61f6ab8af8c6437511959,f5dada655a3aa140,VF_01631,1,train
dataset_katarak,train,aug_0_7489_jpeg.rf.dd3adccb7f7214fb248cc25bb856552d.jpg,immature,C:\Personal AI & ML PROJECTS\AI IN HEALTHCARE\MY PROJECT E PAARVAI\Dataset Katarak\train\immature\aug_0_7489_jpeg.rf.dd3adccb7f7214fb248cc25bb856552d.jpg,5ea066f869fd76219a3174176e0cad120043550319e9c76e7fe78c1bb5fd5e66,f567d098b868d585,VF_01632,1,train
dataset_katarak,train,aug_0_7492_jpeg.rf.2c3a178da8f057482bca4519ccf05600.jpg,immature,C:\Personal AI & ML PROJECTS\AI IN HEALTHCARE\MY PROJECT E PAARVAI\Dataset Katarak\train\immature\aug_0_7492_jpeg.rf.2c3a178da8f057482bca4519ccf05600.jpg,91fecc6191f5ea869245724920f7252d14540e25fca2007e2d4e507a8a19cbfb,bdc2b22d5243cf25,VF_01633,1,train
dataset_katarak,train,aug_0_7497_jpeg.rf.d39d007983d02b287e8573fa57f18cd8.jpg,immature,C:\Personal AI & ML PROJECTS\AI IN HEALTHCARE\MY PROJECT E PAARVAI\Dataset Katarak\train\immature\aug_0_7497_jpeg.rf.d39d007983d02b287e8573fa57f18cd8.jpg,2ecc804f5be29bd6dbaed35757db4b6dea36e4eaab5201bdaccfa265dd6eae01,f19ad770061adc6a,VF_01634,1,train
dataset_katarak,train,aug_0_7500_jpeg.rf.868c0bb9c7ef13f89e2a1049ed290f2b.jpg,immature,C:\Personal AI & ML PROJECTS\AI IN HEALTHCARE\MY PROJECT E PAARVAI\Dataset Katarak\train\immature\aug_0_7500_jpeg.rf.868c0bb9c7ef13f89e2a1049ed290f2b.jpg,5773e09a926b0391630f2d6a6da0617230cc91af1ad569520e38355346fadb3c,e19e9e615e86e146,VF_01635,1,train
dataset_katarak,train,aug_0_7504_jpeg.rf.077bc2e92d70b584ae21618b9c53b3c4.jpg,immature,C:\Personal AI & ML PROJECTS\AI IN HEALTHCARE\MY PROJECT E PAARVAI\Dataset Katarak\train\immature\aug_0_7504_jpeg.rf.077bc2e92d70b584ae21618b9c53b3c4.jpg,c065618ad7edb192abf61e2382d6a2a833fadbeb02375e20760638b701a7d060,e09e97601ee5f845,VF_01636,1,train
dataset_katarak,train,aug_0_7518_jpeg.rf.e5df1583e376f5f6c252049778084457.jpg,immature,C:\Personal AI & ML PROJECTS\AI IN HEALTHCARE\MY PROJECT E PAARVAI\Dataset Katarak\train\immature\aug_0_7518_jpeg.rf.e5df1583e376f5f6c252049778084457.jpg,5cd94524cd5c90b2d10cef2e00c92a4e8a36b081973a7497a65d8d0d98ea826a,bbe4d83fc002cb39,VF_01638,1,train
dataset_katarak,train,aug_0_7530_jpeg.rf.852920fd982815e41ed9a9ae7760bb5e.jpg,immature,C:\Personal AI & ML PROJECTS\AI IN HEALTHCARE\MY PROJECT E PAARVAI\Dataset Katarak\train\immature\aug_0_7530_jpeg.rf.852920fd982815e41ed9a9ae7760bb5e.jpg,b9572ea72a4148309ca2f8aa5b6c2d31c52ff8d42b5849e06db6aaa3fd3c1e85,a9e0c20f39eb6ca5,VF_01639,1,train
dataset_katarak,train,aug_0_7561_jpeg.rf.86acfd01d26cd17470ebe7d94df2da79.jpg,immature,C:\Personal AI & ML PROJECTS\AI IN HEALTHCARE\MY PROJECT E PAARVAI\Dataset Katarak\train\immature\aug_0_7561_jpeg.rf.86acfd01d26cd17470ebe7d94df2da79.jpg,0286eb9826a7467c7b67c26ae3fd6a88157f45ff808cc7799cdbfd7abf941aed,b7c8c9374b52b50a,VF_01641,1,train
dataset_katarak,train,aug_0_7588_jpeg.rf.f0c6492ef21987cad526d22d657c63c2.jpg,immature,C:\Personal AI & ML PROJECTS\AI IN HEALTHCARE\MY PROJECT E PAARVAI\Dataset Katarak\train\immature\aug_0_7588_jpeg.rf.f0c6492ef21987cad526d22d657c63c2.jpg,a3703a2f0803946375a0d1f8648af8ef182d23915548ddd2b7b87efe13d0f604,e37b9e84e15b4660,VF_01643,1,train
dataset_katarak,train,aug_0_7589_jpeg.rf.4ba81f1f035930ea5c1367af0b8faa05.jpg,immature,C:\Personal AI & ML PROJECTS\AI IN HEALTHCARE\MY PROJECT E PAARVAI\Dataset Katarak\train\immature\aug_0_7589_jpeg.rf.4ba81f1f035930ea5c1367af0b8faa05.jpg,a32a4978fed76cd4ce910204cef58f8bca2d5498b9de91a69d8d703b741c882d,b6c9c936037b352a,VF_01644,1,train
dataset_katarak,train,aug_0_7590_jpeg.rf.458d01ac1ff42507925e7ff3cd59a8d5.jpg,immature,C:\Personal AI & ML PROJECTS\AI IN HEALTHCARE\MY PROJECT E PAARVAI\Dataset Katarak\train\immature\aug_0_7590_jpeg.rf.458d01ac1ff42507925e7ff3cd59a8d5.jpg,9094f368a854969d6426f7a939e9fe75e19914449321d488216a3ec5dc3285e7,b4cbd27d1672cc84,VF_01645,1,train
dataset_katarak,train,aug_0_7598_jpeg.rf.f156275099b214f8e367c04fa9532a33.jpg,immature,C:\Personal AI & ML PROJECTS\AI IN HEALTHCARE\MY PROJECT E PAARVAI\Dataset Katarak\train\immature\aug_0_7598_jpeg.rf.f156275099b214f8e367c04fa9532a33.jpg,ffe885e39e2912df20396ec019c29ef8ac3262a13a6b4a96d14eed44235a2464,a073cbcf2ca0b0bd,VF_01646,1,train
dataset_katarak,train,aug_0_7604_jpeg.rf.7fe8505adc22972c8eade9c2efb5ef6a.jpg,immature,C:\Personal AI & ML PROJECTS\AI IN HEALTHCARE\MY PROJECT E PAARVAI\Dataset Katarak\train\immature\aug_0_7604_jpeg.rf.7fe8505adc22972c8eade9c2efb5ef6a.jpg,31d048414ec51159403629f2313ff22f1b9069db4b49e7a4486ad8f422584aae,fc5a93a56c48b10f,VF_01648,1,train
dataset_katarak,train,aug_0_7629_jpeg.rf.7686f920dbfec91005c493fcdc817874.jpg,immature,C:\Personal AI & ML PROJECTS\AI IN HEALTHCARE\MY PROJECT E PAARVAI\Dataset Katarak\train\immature\aug_0_7629_jpeg.rf.7686f920dbfec91005c493fcdc817874.jpg,550db5e3d496fb6d196ab6bc7632e50e165763be4c4cf638b1933efe756bbd3e,8aac3533cc8ab6ad,VF_01650,1,train
dataset_katarak,train,aug_0_7646_jpeg.rf.53cbd2bec71513b3dc289cc5095d50f9.jpg,immature,C:\Personal AI & ML PROJECTS\AI IN HEALTHCARE\MY PROJECT E PAARVAI\Dataset Katarak\train\immature\aug_0_7646_jpeg.rf.53cbd2bec71513b3dc289cc5095d50f9.jpg,e2e1a3adba7803d5aeb60d3d34b28b1bc4efd2d91e1e2cb2f6990da13b69aca5,a5dade61815e3961,VF_01651,1,train
dataset_katarak,train,aug_0_7658_jpeg.rf.b8cdd83758ff64c37bed7c91e7a95d3f.jpg,immature,C:\Personal AI & ML PROJECTS\AI IN HEALTHCARE\MY PROJECT E PAARVAI\Dataset Katarak\train\immature\aug_0_7658_jpeg.rf.b8cdd83758ff64c37bed7c91e7a95d3f.jpg,406ecaaf7c6ec104e87f6089139f989b739c577c71ecbac133ec941deab819f2,f5dada657a1aa180,VF_01653,1,train
dataset_katarak,train,aug_0_7662_jpeg.rf.eb270079cd0ae047fbe6f2f9efeac520.jpg,immature,C:\Personal AI & ML PROJECTS\AI IN HEALTHCARE\MY PROJECT E PAARVAI\Dataset Katarak\train\immature\aug_0_7662_jpeg.rf.eb270079cd0ae047fbe6f2f9efeac520.jpg,d0c0093889f63db647e8217ce70fa48a5b879807d70a0a542ead63a672c64bf8,bfe0c83c3708d0bd,VF_01654,1,train
dataset_katarak,train,aug_0_7671_jpeg.rf.931b0482a5963dddbb81e41ffc4b97af.jpg,immature,C:\Personal AI & ML PROJECTS\AI IN HEALTHCARE\MY PROJECT E PAARVAI\Dataset Katarak\train\immature\aug_0_7671_jpeg.rf.931b0482a5963dddbb81e41ffc4b97af.jpg,2864dd3c421f85223f5cd4e05c078a7da5d52664d877d308f7d0202b8cb37914,e53583ca1e4a3da9,VF_01655,1,train
dataset_katarak,train,aug_0_7723_jpeg.rf.b67e010f7717c0b95425026af7629366.jpg,immature,C:\Personal AI & ML PROJECTS\AI IN HEALTHCARE\MY PROJECT E PAARVAI\Dataset Katarak\train\immature\aug_0_7723_jpeg.rf.b67e010f7717c0b95425026af7629366.jpg,5804711c566734d556631742c11012ac8970fb2e1dc076fc70e6029aa5279fc2,eca597486c1c3dd8,VF_01658,1,train
dataset_katarak,train,aug_0_7727_jpeg.rf.0f7cdb3e3587464022e5ca8ac94a54f5.jpg,immature,C:\Personal AI & ML PROJECTS\AI IN HEALTHCARE\MY PROJECT E PAARVAI\Dataset Katarak\train\immature\aug_0_7727_jpeg.rf.0f7cdb3e3587464022e5ca8ac94a54f5.jpg,efe35677d5265fcbad3f0abd5b2a077fecbb4cdc5a75d68c6bf0b9340ea87f6d,e192d721e85547da,VF_01659,1,train
dataset_katarak,train,aug_0_7736_jpeg.rf.eb1eb5daeeb9a3d35521a31cc5bf029c.jpg,immature,C:\Personal AI & ML PROJECTS\AI IN HEALTHCARE\MY PROJECT E PAARVAI\Dataset Katarak\train\immature\aug_0_7736_jpeg.rf.eb1eb5daeeb9a3d35521a31cc5bf029c.jpg,7c9d425646f715c445f590b0200034793a95ada893ceafc60ea09858cfed7010,9be1c5134348375f,VF_01660,1,train
dataset_katarak,train,aug_0_7746_jpeg.rf.7bc7cedcb4ba38b666db5be7cb94e172.jpg,immature,C:\Personal AI & ML PROJECTS\AI IN HEALTHCARE\MY PROJECT E PAARVAI\Dataset Katarak\train\immature\aug_0_7746_jpeg.rf.7bc7cedcb4ba38b666db5be7cb94e172.jpg,4f7d854010ccc41cf714e8c2a08238255a62b5fbd3f2d9587c3c3fdf1f02799d,93e4cc1b63ec32e1,VF_01661,1,train
dataset_katarak,train,aug_0_7749_jpeg.rf.1d76f3c7c1ea87afd7b751f5a286f631.jpg,immature,C:\Personal AI & ML PROJECTS\AI IN HEALTHCARE\MY PROJECT E PAARVAI\Dataset Katarak\train\immature\aug_0_7749_jpeg.rf.1d76f3c7c1ea87afd7b751f5a286f631.jpg,83a8ac5487cdc8c2227f951a129daab5ef50a40b92f176448e9f9d95319338e9,b2cdc3326da4cc33,VF_01662,1,train
dataset_katarak,train,aug_0_774_jpeg.rf.34e3db5663f7208c7b0d0afd1f17d5bb.jpg,immature,C:\Personal AI & ML PROJECTS\AI IN HEALTHCARE\MY PROJECT E PAARVAI\Dataset Katarak\train\immature\aug_0_774_jpeg.rf.34e3db5663f7208c7b0d0afd1f17d5bb.jpg,4bd66a13668fd46f84f9f170ca773d62972338d2c1e1bcc10880f149217f9d38,ec2cd787aa5c9b20,VF_01663,1,train
dataset_katarak,train,aug_0_7795_jpeg.rf.be7cba77b111ee2da10fa1236db75b9c.jpg,immature,C:\Personal AI & ML PROJECTS\AI IN HEALTHCARE\MY PROJECT E PAARVAI\Dataset Katarak\train\immature\aug_0_7795_jpeg.rf.be7cba77b111ee2da10fa1236db75b9c.jpg,be79e128533bca7ab1f2d0ed05a14dc86cb226825df18b524ccbdf1c02c1b4cf,b0cf923c4bf44b31,VF_01666,1,train
dataset_katarak,train,aug_0_780_jpeg.rf.956d8260bca202170f184345cc20f559.jpg,immature,C:\Personal AI & ML PROJECTS\AI IN HEALTHCARE\MY PROJECT E PAARVAI\Dataset Katarak\train\immature\aug_0_780_jpeg.rf.956d8260bca202170f184345cc20f559.jpg,5ad691536ee6d8035f91c813bbc05b41d94e7c6256e93436ae6182eb249e7815,c7276a981c7c7585,VF_01669,1,train
dataset_katarak,train,aug_0_7837_jpeg.rf.e600d8dfc6af6b744318df4f1fe524e9.jpg,immature,C:\Personal AI & ML PROJECTS\AI IN HEALTHCARE\MY PROJECT E PAARVAI\Dataset Katarak\train\immature\aug_0_7837_jpeg.rf.e600d8dfc6af6b744318df4f1fe524e9.jpg,7e54011b3016b8c93df7f25d9275646889beae3e5d052e351131a2c31ffe39eb,e39c9c621e15e25e,VF_01670,1,train
dataset_katarak,train,aug_0_7840_jpeg.rf.db890b38454449670ad42761ba1a8b1a.jpg,immature,C:\Personal AI & ML PROJECTS\AI IN HEALTHCARE\MY PROJECT E PAARVAI\Dataset Katarak\train\immature\aug_0_7840_jpeg.rf.db890b38454449670ad42761ba1a8b1a.jpg,f14b82a971e457c195c8fbccc4f52cd3b8a96c6e37e98ef0c61fa8508f1377b7,a67695c878ada1b4,VF_01671,1,train
dataset_katarak,train,aug_0_7845_jpeg.rf.9803d3306c242a3cc1375066dfd7b52d.jpg,immature,C:\Personal AI & ML PROJECTS\AI IN HEALTHCARE\MY PROJECT E PAARVAI\Dataset Katarak\train\immature\aug_0_7845_jpeg.rf.9803d3306c242a3cc1375066dfd7b52d.jpg,5ac6be1fe704fbac33d5482ec93a08be218a98eceea51d2ef107b17f5585f360,e706de9f2d62c0c2,VF_01672,1,train
dataset_katarak,train,aug_0_7871_jpeg.rf.f4352fcd2b0e9961832025bc79ea8b8f.jpg,immature,C:\Personal AI & ML PROJECTS\AI IN HEALTHCARE\MY PROJECT E PAARVAI\Dataset Katarak\train\immature\aug_0_7871_jpeg.rf.f4352fcd2b0e9961832025bc79ea8b8f.jpg,167c98503c686b75fe9bf79c866ca5cf35fce87adb987ea47ceb82d68c166d6d,839c89333f6fc047,VF_01673,1,train
dataset_katarak,train,aug_0_7884_jpeg.rf.d6e7dcb9d6b593fd162aee84582a35b1.jpg,immature,C:\Personal AI & ML PROJECTS\AI IN HEALTHCARE\MY PROJECT E PAARVAI\Dataset Katarak\train\immature\aug_0_7884_jpeg.rf.d6e7dcb9d6b593fd162aee84582a35b1.jpg,2d8148f3027e2cbe4a5b1d349e7f924d825539add754fe1ef12e14d1c51d23b8,c6b98c67984d934e,VF_01674,1,train
dataset_katarak,train,aug_0_794_jpeg.rf.b7019637059e19b4ac980c5f154e7a7c.jpg,immature,C:\Personal AI & ML PROJECTS\AI IN HEALTHCARE\MY PROJECT E PAARVAI\Dataset Katarak\train\immature\aug_0_794_jpeg.rf.b7019637059e19b4ac980c5f154e7a7c.jpg,1eeb4c44e2c9f8476c079bbdd61c637d0e22d95a5bb8ece5c16941e2de9fd609,e7029c9ee561da86,VF_01677,1,train
dataset_katarak,train,aug_0_7975_jpeg.rf.62d9d19a8e651b492cf467f027d365e6.jpg,immature,C:\Personal AI & ML PROJECTS\AI IN HEALTHCARE\MY PROJECT E PAARVAI\Dataset Katarak\train\immature\aug_0_7975_jpeg.rf.62d9d19a8e651b492cf467f027d365e6.jpg,f2cfaf30e91ba75a9a06d54644bdc54d6b9e9528b3fef23af00a08569862eb66,e19fde610b96e109,VF_01678,1,train
dataset_katarak,train,aug_0_7989_jpeg.rf.621f0adce9444be570a9d42c63ccbcdb.jpg,immature,C:\Personal AI & ML PROJECTS\AI IN HEALTHCARE\MY PROJECT E PAARVAI\Dataset Katarak\train\immature\aug_0_7989_jpeg.rf.621f0adce9444be570a9d42c63ccbcdb.jpg,a1332bbd79d558150805860020120be094ecac13bd96b3decd437753ac0b506f,e09ff2710fe00d72,VF_01679,1,train
dataset_katarak,train,aug_0_7997_jpeg.rf.151dbb19ab36d2d970d80299fa3d3dc6.jpg,immature,C:\Personal AI & ML PROJECTS\AI IN HEALTHCARE\MY PROJECT E PAARVAI\Dataset Katarak\train\immature\aug_0_7997_jpeg.rf.151dbb19ab36d2d970d80299fa3d3dc6.jpg,c9c5e8d2113acd57fcdfc1ecfb2e58ad4c65fc8387f95e7f5a9745e092c516c4,bbc4993fc086cb38,VF_01680,1,train
dataset_katarak,train,aug_0_799_jpeg.rf.98ce12f841c1d779499d249ac41cf205.jpg,immature,C:\Personal AI & ML PROJECTS\AI IN HEALTHCARE\MY PROJECT E PAARVAI\Dataset Katarak\train\immature\aug_0_799_jpeg.rf.98ce12f841c1d779499d249ac41cf205.jpg,df04e40e27c81b45c82954e1865385684681e49637687d7cfeea3721881814d1,8272bbcd4d2d69c4,VF_01681,1,train
dataset_katarak,train,aug_0_8011_jpeg.rf.127e240fccfe603dc540d1771e000489.jpg,immature,C:\Personal AI & ML PROJECTS\AI IN HEALTHCARE\MY PROJECT E PAARVAI\Dataset Katarak\train\immature\aug_0_8011_jpeg.rf.127e240fccfe603dc540d1771e000489.jpg,7e5528548296f0c1712af4e1e40f255736975898bf3dec016eb4b0f05da903ab,e29ce5701fe01c67,VF_01682,1,train
dataset_katarak,train,aug_0_8027_jpeg.rf.fbff202babdfb931e310b8fb8377c9f2.jpg,immature,C:\Personal AI & ML PROJECTS\AI IN HEALTHCARE\MY PROJECT E PAARVAI\Dataset Katarak\train\immature\aug_0_8027_jpeg.rf.fbff202babdfb931e310b8fb8377c9f2.jpg,3dc903d8bd1ecea75ce2d69b40d9837fb788676b4a52323d2832d9ade601645f,b7c8b425daa5523a,VF_01683,1,train
dataset_katarak,train,aug_0_8042_jpeg.rf.9cbe0a8dcaacbdc4363a7e78c7e3f053.jpg,immature,C:\Personal AI & ML PROJECTS\AI IN HEALTHCARE\MY PROJECT E PAARVAI\Dataset Katarak\train\immature\aug_0_8042_jpeg.rf.9cbe0a8dcaacbdc4363a7e78c7e3f053.jpg,67609b6c5d030ad423bc69e64483d00a5e6de86e45b5926ed98c80f5536c1caa,e1439e3df1c2c389,VF_01684,1,train
dataset_katarak,train,aug_0_8048_jpeg.rf.98098977b04429cccd6b14393a8969fa.jpg,immature,C:\Personal AI & ML PROJECTS\AI IN HEALTHCARE\MY PROJECT E PAARVAI\Dataset Katarak\train\immature\aug_0_8048_jpeg.rf.98098977b04429cccd6b14393a8969fa.jpg,7c668583af484aa8e415ca96ac92bfa46c306a33efe18e013d46a37d9be57c16,eca0935c6cb631f4,VF_01686,1,train
dataset_katarak,train,aug_0_8068_jpeg.rf.a39cc017beb48161d644a33e48953112.jpg,immature,C:\Personal AI & ML PROJECTS\AI IN HEALTHCARE\MY PROJECT E PAARVAI\Dataset Katarak\train\immature\aug_0_8068_jpeg.rf.a39cc017beb48161d644a33e48953112.jpg,87f68b0156b883d96db38e41fd43be12ca5f4f43bd2398c74406b8ca3ebe0d83,b474ee4bc2b02cce,VF_01687,1,train
dataset_katarak,train,aug_0_8073_jpeg.rf.0de2d3910084a50cb0fe758994bb29ab.jpg,immature,C:\Personal AI & ML PROJECTS\AI IN HEALTHCARE\MY PROJECT E PAARVAI\Dataset Katarak\train\immature\aug_0_8073_jpeg.rf.0de2d3910084a50cb0fe758994bb29ab.jpg,2e757885bb71af813722fbd769677db978d0f835bcbee9fbccae7ed78d878516,b4ca8b355ac3bc54,VF_01688,1,train
dataset_katarak,train,aug_0_8078_jpeg.rf.b5f6677a65cf00b55454ba92e17518b6.jpg,immature,C:\Personal AI & ML PROJECTS\AI IN HEALTHCARE\MY PROJECT E PAARVAI\Dataset Katarak\train\immature\aug_0_8078_jpeg.rf.b5f6677a65cf00b55454ba92e17518b6.jpg,bdf3b80847f9b86d5123281dc43042f1898fbc8586b9c4f047e56fcddf396e61,cdf290475a386b2b,VF_01689,1,train
dataset_katarak,train,aug_0_8112_jpeg.rf.f11f7c5538b50db23bf18ffc2af28eb0.jpg,immature,C:\Personal AI & ML PROJECTS\AI IN HEALTHCARE\MY PROJECT E PAARVAI\Dataset Katarak\train\immature\aug_0_8112_jpeg.rf.f11f7c5538b50db23bf18ffc2af28eb0.jpg,6046d6c1c7cbdeb4fb67f52ebc82f8862d36fb7f8163975972953be5d456e18c,bbf4c60a19567c8a,VF_01694,1,train
dataset_katarak,train,aug_0_812_jpeg.rf.2464d9b8835474f39295895e50b2fe65.jpg,immature,C:\Personal AI & ML PROJECTS\AI IN HEALTHCARE\MY PROJECT E PAARVAI\Dataset Katarak\train\immature\aug_0_812_jpeg.rf.2464d9b8835474f39295895e50b2fe65.jpg,1e9eb2d7ec72161142a4765a0e23c5284f9e9380f3f225989f540ad7b6328733,a1259edea0e1b91e,VF_01696,1,train
dataset_katarak,train,aug_0_8130_jpeg.rf.1debf985c5b8f00e9f30023fada2d5f7.jpg,immature,C:\Personal AI & ML PROJECTS\AI IN HEALTHCARE\MY PROJECT E PAARVAI\Dataset Katarak\train\immature\aug_0_8130_jpeg.rf.1debf985c5b8f00e9f30023fada2d5f7.jpg,22ba41c976a13159db72268c66ff3feb87b9ecf7d9cb72046fa52cb8f626fdd4,ea6f91d152aa8e45,VF_01697,1,train
dataset_katarak,train,aug_0_8142_jpeg.rf.97ddee00352e88313422c9ec9bd83ab7.jpg,immature,C:\Personal AI & ML PROJECTS\AI IN HEALTHCARE\MY PROJECT E PAARVAI\Dataset Katarak\train\immature\aug_0_8142_jpeg.rf.97ddee00352e88313422c9ec9bd83ab7.jpg,bde0b0047d012b054a473105b5b298652e7ab47f452a1545297e5f0f13f47c04,e19c9e61941e78e5,VF_01698,1,train
dataset_katarak,train,aug_0_8182_jpeg.rf.5dd6ff6edcbf9b27ba04a056264012d2.jpg,immature,C:\Personal AI & ML PROJECTS\AI IN HEALTHCARE\MY PROJECT E PAARVAI\Dataset Katarak\train\immature\aug_0_8182_jpeg.rf.5dd6ff6edcbf9b27ba04a056264012d2.jpg,cf188c490541984ff3e143061c276acfcabeeed4dc661b2a7293525065cf2ace,f560d78f06e09c95,VF_01700,1,train
dataset_katarak,train,aug_0_8213_jpeg.rf.5392b32a52dab827364c41ce06f619fa.jpg,immature,C:\Personal AI & ML PROJECTS\AI IN HEALTHCARE\MY PROJECT E PAARVAI\Dataset Katarak\train\immature\aug_0_8213_jpeg.rf.5392b32a52dab827364c41ce06f619fa.jpg,47c2573516787a2158aed25022205ca60fe124b8f8315b3c020664937b3ef9d0,bad8cda432c27b8c,VF_01702,1,train
dataset_katarak,train,aug_0_8214_jpeg.rf.d5e457b9041c4a5b459ccb1997ab1314.jpg,immature,C:\Personal AI & ML PROJECTS\AI IN HEALTHCARE\MY PROJECT E PAARVAI\Dataset Katarak\train\immature\aug_0_8214_jpeg.rf.d5e457b9041c4a5b459ccb1997ab1314.jpg,be29c1899d8a94def268c70c1f1822d7d70a8859b965cb791b8fe5c514ff4b5b,e5929a255b78ae91,VF_01703,1,train
dataset_katarak,train,aug_0_8250_jpeg.rf.38c9ebf3d43fdec0caa2af7e2263003f.jpg,immature,C:\Personal AI & ML PROJECTS\AI IN HEALTHCARE\MY PROJECT E PAARVAI\Dataset Katarak\train\immature\aug_0_8250_jpeg.rf.38c9ebf3d43fdec0caa2af7e2263003f.jpg,d4a7b03f5cf1af300bda5b68d892825015bd2b7c09cf67ee41b3e55ef47b4aba,e161c78707e19cae,VF_01705,1,train
dataset_katarak,train,aug_0_8258_jpeg.rf.d8c5ce26ec0c5b5ab6956720d4d23689.jpg,immature,C:\Personal AI & ML PROJECTS\AI IN HEALTHCARE\MY PROJECT E PAARVAI\Dataset Katarak\train\immature\aug_0_8258_jpeg.rf.d8c5ce26ec0c5b5ab6956720d4d23689.jpg,6d06b6e84e289894a1dd94fe28af969f5858b4cdad71089c77d49bcb05d33876,be3cc0c80ebdbd28,VF_01706,1,train
dataset_katarak,train,aug_0_8268_jpeg.rf.8fb4efcc1efaebad85c2253bbba79dc6.jpg,immature,C:\Personal AI & ML PROJECTS\AI IN HEALTHCARE\MY PROJECT E PAARVAI\Dataset Katarak\train\immature\aug_0_8268_jpeg.rf.8fb4efcc1efaebad85c2253bbba79dc6.jpg,32353e7968f8d6e8ebab718365c3e472eb8fa6d17a1fee146398cc9d1c20115f,bdc2b22d52e78836,VF_01707,1,train
dataset_katarak,train,aug_0_8277_jpeg.rf.6da992604e3bc1fb1d4060dfafb2734c.jpg,immature,C:\Personal AI & ML PROJECTS\AI IN HEALTHCARE\MY PROJECT E PAARVAI\Dataset Katarak\train\immature\aug_0_8277_jpeg.rf.6da992604e3bc1fb1d4060dfafb2734c.jpg,19ef3826301bb903b6bfe025540f1bc2da3c61da525838250d27c4842b679990,a0278f31342fdbb4,VF_01709,1,train
dataset_katarak,train,aug_0_8288_jpeg.rf.521e7df0c8f9dfc9db1a2ba1017abfae.jpg,immature,C:\Personal AI & ML PROJECTS\AI IN HEALTHCARE\MY PROJECT E PAARVAI\Dataset Katarak\train\immature\aug_0_8288_jpeg.rf.521e7df0c8f9dfc9db1a2ba1017abfae.jpg,6f04375558da7f10d5f9deee862efbd5d6504bb2a0e1ad2f3dc31fddd879cef9,e13c8ec2bd88f235,VF_01711,1,train
dataset_katarak,train,aug_0_8303_jpeg.rf.f3d2395f6f2b8c8b223cde19d29e3dc4.jpg,immature,C:\Personal AI & ML PROJECTS\AI IN HEALTHCARE\MY PROJECT E PAARVAI\Dataset Katarak\train\immature\aug_0_8303_jpeg.rf.f3d2395f6f2b8c8b223cde19d29e3dc4.jpg,cef3e3cc3f4746ab3a5bca21f46635cb087b8227c358843efe2d980f98f19555,e19c9f60e085dc9d,VF_01712,1,train
dataset_katarak,train,aug_0_8335_jpeg.rf.9ed1b798a8a3b29f4a6869f68642f6b5.jpg,immature,C:\Personal AI & ML PROJECTS\AI IN HEALTHCARE\MY PROJECT E PAARVAI\Dataset Katarak\train\immature\aug_0_8335_jpeg.rf.9ed1b798a8a3b29f4a6869f68642f6b5.jpg,13267b8a1ac24ac4890f6e39b9fba58a2aee4d9587997189200f318ba268d467,bba6c03bc418af39,VF_01715,1,train
dataset_katarak,train,aug_0_8342_jpeg.rf.941f33022197b0187e5030e7793ca5c3.jpg,immature,C:\Personal AI & ML PROJECTS\AI IN HEALTHCARE\MY PROJECT E PAARVAI\Dataset Katarak\train\immature\aug_0_8342_jpeg.rf.941f33022197b0187e5030e7793ca5c3.jpg,159d948d078d006224bec270116abf2de077f41d009e3e26ce18f3dfa28b9a6f,e5259e9e5690a9c9,VF_01716,1,train
dataset_katarak,train,aug_0_8352_jpeg.rf.43b3a34afb295197c82274044888c02b.jpg,immature,C:\Personal AI & ML PROJECTS\AI IN HEALTHCARE\MY PROJECT E PAARVAI\Dataset Katarak\train\immature\aug_0_8352_jpeg.rf.43b3a34afb295197c82274044888c02b.jpg,652e1b2a0b5f376dc2c746597009ac9d46ed8e8ece267c1c6f4a07d10e65a5e8,b4cbcb346803edcc,VF_01718,1,train
dataset_katarak,train,aug_0_8357_jpeg.rf.a8f56436333c01524e24015e924365e1.jpg,immature,C:\Personal AI & ML PROJECTS\AI IN HEALTHCARE\MY PROJECT E PAARVAI\Dataset Katarak\train\immature\aug_0_8357_jpeg.rf.a8f56436333c01524e24015e924365e1.jpg,fb149ad837cab26bce53de08f5a76e905208c77e729b37a7d5431dae10f4bdaa,8b8c35334cdb253d,VF_01719,1,train
dataset_katarak,train,aug_0_8371_jpeg.rf.90e73f0df483b081300e78c6d6a36223.jpg,immature,C:\Personal AI & ML PROJECTS\AI IN HEALTHCARE\MY PROJECT E PAARVAI\Dataset Katarak\train\immature\aug_0_8371_jpeg.rf.90e73f0df483b081300e78c6d6a36223.jpg,5ad994a02c48c9897f831b19f786b974c9f751fe3e971c87b5dfd50071955af2,eca193586cb631f4,VF_01720,1,train
dataset_katarak,train,aug_0_8384_jpeg.rf.c0bab2f3b2fd9d5b7068fba8518bbb05.jpg,immature,C:\Personal AI & ML PROJECTS\AI IN HEALTHCARE\MY PROJECT E PAARVAI\Dataset Katarak\train\immature\aug_0_8384_jpeg.rf.c0bab2f3b2fd9d5b7068fba8518bbb05.jpg,93d048764a0d518ec371cd35871b12be23c3b809f853cbba50d737ef8fe09cc8,bdcb923d16728e84,VF_01721,1,train
dataset_katarak,train,aug_0_8387_jpeg.rf.4327efb932e3584c6ecbe7367aaab406.jpg,immature,C:\Personal AI & ML PROJECTS\AI IN HEALTHCARE\MY PROJECT E PAARVAI\Dataset Katarak\train\immature\aug_0_8387_jpeg.rf.4327efb932e3584c6ecbe7367aaab406.jpg,c77fc2f597603e5a4ae21e75cba8e0aa4d856eae52984f0546fea30256c6c36e,a272cdcd34b0d29b,VF_01722,1,train
dataset_katarak,train,aug_0_8409_jpeg.rf.4561bd8ecb113b11c6f3121f1e200a3d.jpg,immature,C:\Personal AI & ML PROJECTS\AI IN HEALTHCARE\MY PROJECT E PAARVAI\Dataset Katarak\train\immature\aug_0_8409_jpeg.rf.4561bd8ecb113b11c6f3121f1e200a3d.jpg,2d4bb98ff42346a56c790aaa8c876d8c5c54ce2a30526588c74c8919e0b10759,f02acf70e0492fbc,VF_01723,1,train
dataset_katarak,train,aug_0_8410_jpeg.rf.58f0460a32f7b19c694e2bbe66157f03.jpg,immature,C:\Personal AI & ML PROJECTS\AI IN HEALTHCARE\MY PROJECT E PAARVAI\Dataset Katarak\train\immature\aug_0_8410_jpeg.rf.58f0460a32f7b19c694e2bbe66157f03.jpg,32a67c6c5d386900e607ee9637d0c0bf3260330c0fdf56ede7e65dfbe0bfa0a4,e5259eda78e1e054,VF_01724,1,train
dataset_katarak,train,aug_0_8430_jpeg.rf.84dcbf5bfaab2297f586a8352bda8a24.jpg,immature,C:\Personal AI & ML PROJECTS\AI IN HEALTHCARE\MY PROJECT E PAARVAI\Dataset Katarak\train\immature\aug_0_8430_jpeg.rf.84dcbf5bfaab2297f586a8352bda8a24.jpg,4b39bc25e0e0744bc1c3e19431a02f0441ed561518c96834334bc9b554c23b16,adcbd0842f7b91a1,VF_01725,1,train
dataset_katarak,train,aug_0_8432_jpeg.rf.b6c3ea650f0cd8a2a092f46203082f32.jpg,immature,C:\Personal AI & ML PROJECTS\AI IN HEALTHCARE\MY PROJECT E PAARVAI\Dataset Katarak\train\immature\aug_0_8432_jpeg.rf.b6c3ea650f0cd8a2a092f46203082f32.jpg,f9ea4d2eb6438f6936473d4452acaafc6176c4c715f2261ddce2fe5ff6f0c271,e39ec4631e81ba47,VF_01726,1,train
dataset_katarak,train,aug_0_8467_jpeg.rf.4460984974c2a52e37f8ef04da2c0047.jpg,immature,C:\Personal AI & ML PROJECTS\AI IN HEALTHCARE\MY PROJECT E PAARVAI\Dataset Katarak\train\immature\aug_0_8467_jpeg.rf.4460984974c2a52e37f8ef04da2c0047.jpg,02cbf2d12c780ec1d92c34df1828a76d78204880828432224e8a5824e2202247,eea0915e6cb431f4,VF_01730,1,train
dataset_katarak,train,aug_0_847_jpeg.rf.00c7a80bf168823ddaf6b58e73690151.jpg,immature,C:\Personal AI & ML PROJECTS\AI IN HEALTHCARE\MY PROJECT E PAARVAI\Dataset Katarak\train\immature\aug_0_847_jpeg.rf.00c7a80bf168823ddaf6b58e73690151.jpg,2ab58a821b9ae935694b2d28adc9a01bccb0a0d9a18df54fab83c083633f4672,a5daa579da217648,VF_01731,1,train
dataset_katarak,train,aug_0_8498_jpeg.rf.7db83b01b681f3c00a66acd5e3de658b.jpg,immature,C:\Personal AI & ML PROJECTS\AI IN HEALTHCARE\MY PROJECT E PAARVAI\Dataset Katarak\train\immature\aug_0_8498_jpeg.rf.7db83b01b681f3c00a66acd5e3de658b.jpg,b345593c3758047a94e3d376f2a89907ad028709fbd1707f3720b673c276b03f,9858c56d45be36a5,VF_01733,1,train
dataset_katarak,train,aug_0_850_jpeg.rf.4be6cc3af874c024b206ee929b3cc6fa.jpg,immature,C:\Personal AI & ML PROJECTS\AI IN HEALTHCARE\MY PROJECT E PAARVAI\Dataset Katarak\train\immature\aug_0_850_jpeg.rf.4be6cc3af874c024b206ee929b3cc6fa.jpg,6c355b84eed541ed932c8e92f3e345fbc70f63d9e048f264db9ce434bbab633b,e029979717c8ba5a,VF_01736,1,train
dataset_katarak,train,aug_0_8571_jpeg.rf.1369937b62e1003b0f8b88b91183a6e2.jpg,immature,C:\Personal AI & ML PROJECTS\AI IN HEALTHCARE\MY PROJECT E PAARVAI\Dataset Katarak\train\immature\aug_0_8571_jpeg.rf.1369937b62e1003b0f8b88b91183a6e2.jpg,127b8d9c8d6ccce60dcec55f3221c74a531829093c715a8a743e1649ada9ae34,e3639c9c1eeaa2a1,VF_01739,1,train
dataset_katarak,train,aug_0_8596_jpeg.rf.27d6a5335dc861120083bf36a5bbc64b.jpg,immature,C:\Personal AI & ML PROJECTS\AI IN HEALTHCARE\MY PROJECT E PAARVAI\Dataset Katarak\train\immature\aug_0_8596_jpeg.rf.27d6a5335dc861120083bf36a5bbc64b.jpg,7fac6b2206afabc2ae39a048438e57eb6f21f94d89240d67d30c0c1fa2967d3f,b4cac33d4aa3cd94,VF_01740,1,train
dataset_katarak,train,aug_0_8614_jpeg.rf.b7aca2691bfc8bd2b3f957ea033f1de7.jpg,immature,C:\Personal AI & ML PROJECTS\AI IN HEALTHCARE\MY PROJECT E PAARVAI\Dataset Katarak\train\immature\aug_0_8614_jpeg.rf.b7aca2691bfc8bd2b3f957ea033f1de7.jpg,8b8249454382d674d3cf403a2bf6ee4571ff41b59e84ec9a72e5237f1c3ed76d,f08fb2748bf412e2,VF_01743,1,train
dataset_katarak,train,aug_0_8620_jpeg.rf.03a6eca9195be7f4c165a2f096488457.jpg,immature,C:\Personal AI & ML PROJECTS\AI IN HEALTHCARE\MY PROJECT E PAARVAI\Dataset Katarak\train\immature\aug_0_8620_jpeg.rf.03a6eca9195be7f4c165a2f096488457.jpg,8b67313bcbf06f19095f428db4c13cdfc1af201249d084ae41b5fb4325205784,f0cdd3602b19d86d,VF_01744,1,train
dataset_katarak,train,aug_0_8643_jpeg.rf.bdfaf2dc7430e4bfa3b45b8f5331c029.jpg,immature,C:\Personal AI & ML PROJECTS\AI IN HEALTHCARE\MY PROJECT E PAARVAI\Dataset Katarak\train\immature\aug_0_8643_jpeg.rf.bdfaf2dc7430e4bfa3b45b8f5331c029.jpg,31f9d32107d87453db08fe39d232728eb7a39201c2ed91f0279f927306435a32,e892d721e825475f,VF_01746,1,train
dataset_katarak,train,aug_0_8644_jpeg.rf.803a38c6772b34804ff74582288d3b09.jpg,immature,C:\Personal AI & ML PROJECTS\AI IN HEALTHCARE\MY PROJECT E PAARVAI\Dataset Katarak\train\immature\aug_0_8644_jpeg.rf.803a38c6772b34804ff74582288d3b09.jpg,e3f9d19d5678daa2cce151cc171db522bc6376d771e96a7bfe9eca8e6df43a88,a19e9e211bf698c3,VF_01747,1,train
dataset_katarak,train,aug_0_8732_jpeg.rf.5a70886ca22b5f5bd9364ec8fbb273b6.jpg,immature,C:\Personal AI & ML PROJECTS\AI IN HEALTHCARE\MY PROJECT E PAARVAI\Dataset Katarak\train\immature\aug_0_8732_jpeg.rf.5a70886ca22b5f5bd9364ec8fbb273b6.jpg,7c4f16293f5b007a83da778862790f15f9d2a58ba22346cc17175f31591968dd,b48ccb34b5cacb2c,VF_01750,1,train
dataset_katarak,train,aug_0_8733_jpeg.rf.a2787671f28694891c3772e94b8e0e61.jpg,immature,C:\Personal AI & ML PROJECTS\AI IN HEALTHCARE\MY PROJECT E PAARVAI\Dataset Katarak\train\immature\aug_0_8733_jpeg.rf.a2787671f28694891c3772e94b8e0e61.jpg,d5d1c1368394dd15e255e2e37a2c282750e4edd058218889a6e21201bec0f7f7,e61bec0bf0348fc2,VF_01751,1,train
dataset_katarak,train,aug_0_8736_jpeg.rf.4db750d6ef855e6bc8a25ca5f273228e.jpg,immature,C:\Personal AI & ML PROJECTS\AI IN HEALTHCARE\MY PROJECT E PAARVAI\Dataset Katarak\train\immature\aug_0_8736_jpeg.rf.4db750d6ef855e6bc8a25ca5f273228e.jpg,c61c224b832c6ad19368397eea7ccfc7534923340bdfa80399825077619a1e24,f08fcf74d44a830d,VF_01752,1,train
dataset_katarak,train,aug_0_8752_jpeg.rf.2989c56ace05da9e4292152983b29012.jpg,immature,C:\Personal AI & ML PROJECTS\AI IN HEALTHCARE\MY PROJECT E PAARVAI\Dataset Katarak\train\immature\aug_0_8752_jpeg.rf.2989c56ace05da9e4292152983b29012.jpg,8188a526625adb5b6c8d3a6d2dddd545b73bbf8ec5a1965e8a78790fdde1d5e7,e1039e3df8f2c2c8,VF_01753,1,train
dataset_katarak,train,aug_0_8786_jpeg.rf.7fd2c73f5060d5b3ebd9a81383631448.jpg,immature,C:\Personal AI & ML PROJECTS\AI IN HEALTHCARE\MY PROJECT E PAARVAI\Dataset Katarak\train\immature\aug_0_8786_jpeg.rf.7fd2c73f5060d5b3ebd9a81383631448.jpg,1572c0fd6aead32fa5c6b269ff361e6398d2fe6e446c76b57b3a4d14b1d2dca2,d6c9dd666838d512,VF_01754,1,train
dataset_katarak,train,aug_0_8787_jpeg.rf.b6d10cbf0057eea5d7dd4db61e082a68.jpg,immature,C:\Personal AI & ML PROJECTS\AI IN HEALTHCARE\MY PROJECT E PAARVAI\Dataset Katarak\train\immature\aug_0_8787_jpeg.rf.b6d10cbf0057eea5d7dd4db61e082a68.jpg,9a633ea314e99eafeb32b758235c5dc524ac327459bfef74c80f38e92024fe4d,b48bc3340b63bd56,VF_01755,1,train
dataset_katarak,train,aug_0_8805_jpeg.rf.7ee3865bb0b9f907ee8df21ea2b84bde.jpg,immature,C:\Personal AI & ML PROJECTS\AI IN HEALTHCARE\MY PROJECT E PAARVAI\Dataset Katarak\train\immature\aug_0_8805_jpeg.rf.7ee3865bb0b9f907ee8df21ea2b84bde.jpg,d2c32675ae90d30d393896abb76bbecea8bfa7d3df02a4ed7b856ca50b560657,d7d86867988ee078,VF_01758,1,train
dataset_katarak,train,aug_0_8833_jpeg.rf.cbda9e03bc5a9b9c9f76698530dbc309.jpg,immature,C:\Personal AI & ML PROJECTS\AI IN HEALTHCARE\MY PROJECT E PAARVAI\Dataset Katarak\train\immature\aug_0_8833_jpeg.rf.cbda9e03bc5a9b9c9f76698530dbc309.jpg,d587394c8d63105005c93a93ee08fcda7aee9554c840481aed2aa6515d926211,e79ac7611aa11e66,VF_01759,1,train
dataset_katarak,train,aug_0_8903_jpeg.rf.ac7a9b907680e9c0bfcd311cca39599f.jpg,immature,C:\Personal AI & ML PROJECTS\AI IN HEALTHCARE\MY PROJECT E PAARVAI\Dataset Katarak\train\immature\aug_0_8903_jpeg.rf.ac7a9b907680e9c0bfcd311cca39599f.jpg,a623b32f94e61d18c6c81ef3dbc94824a5ade3a450cb08e1c273fabbc9793d1c,b0c7cf380f0df2c4,VF_01764,1,train
dataset_katarak,train,aug_0_8910_jpeg.rf.114f6222e981885ac81bcf48ad30e5d0.jpg,immature,C:\Personal AI & ML PROJECTS\AI IN HEALTHCARE\MY PROJECT E PAARVAI\Dataset Katarak\train\immature\aug_0_8910_jpeg.rf.114f6222e981885ac81bcf48ad30e5d0.jpg,bf07d858eb0d8ef136f9f1ffb60a40bd55c21ff467eb3c86fe99246db69d07f0,e3889ef963840e5b,VF_01765,1,train
dataset_katarak,train,aug_0_8918_jpeg.rf.ae175e8dcbf8727477128ed94fdc6f70.jpg,immature,C:\Personal AI & ML PROJECTS\AI IN HEALTHCARE\MY PROJECT E PAARVAI\Dataset Katarak\train\immature\aug_0_8918_jpeg.rf.ae175e8dcbf8727477128ed94fdc6f70.jpg,0e6c2afdaf2d331af1c3c523844bd5bf3de8d6d249ab66456cd152aa509473bd,e7249ad895e1d2b4,VF_01766,1,train
dataset_katarak,train,aug_0_8919_jpeg.rf.fda038bf86d623311bc84276ae81582a.jpg,immature,C:\Personal AI & ML PROJECTS\AI IN HEALTHCARE\MY PROJECT E PAARVAI\Dataset Katarak\train\immature\aug_0_8919_jpeg.rf.fda038bf86d623311bc84276ae81582a.jpg,a0e6aaa64a5e3e21e342bf4a209dcae75aa6e8e76fbea3b9b13cc1e6da2bd899,bd04c27b2f80b49f,VF_01767,1,train
dataset_katarak,train,aug_0_8924_jpeg.rf.40ea07e6297edbe0a421ec7902d4b0e5.jpg,immature,C:\Personal AI & ML PROJECTS\AI IN HEALTHCARE\MY PROJECT E PAARVAI\Dataset Katarak\train\immature\aug_0_8924_jpeg.rf.40ea07e6297edbe0a421ec7902d4b0e5.jpg,562ae35fc15391ca10495fd2c711e8c93d7bbfb78dee789ac597b5d94d3fa768,a238c0ed4d3d2f87,VF_01768,1,train
dataset_katarak,train,aug_0_8928_jpeg.rf.bdce61f62a9700954eb74f1057ccf979.jpg,immature,C:\Personal AI & ML PROJECTS\AI IN HEALTHCARE\MY PROJECT E PAARVAI\Dataset Katarak\train\immature\aug_0_8928_jpeg.rf.bdce61f62a9700954eb74f1057ccf979.jpg,04525663eca81e8fd73cc10d988b0c3d91db3f004baee2af7e558be871f30752,e1619e9e5a79e1a0,VF_01769,1,train
dataset_katarak,train,aug_0_8967_jpeg.rf.fae99b130e4230cdf8c74f556562897e.jpg,immature,C:\Personal AI & ML PROJECTS\AI IN HEALTHCARE\MY PROJECT E PAARVAI\Dataset Katarak\train\immature\aug_0_8967_jpeg.rf.fae99b130e4230cdf8c74f556562897e.jpg,99e0f56b6c5132300b9a2cf8af9086487c8aada50db3065df7e5c91afcdc74d8,b0c78f3827adf206,VF_01772,1,train
dataset_katarak,train,aug_0_8984_jpeg.rf.cb08541bb87d29566e4a705503b1c908.jpg,immature,C:\Personal AI & ML PROJECTS\AI IN HEALTHCARE\MY PROJECT E PAARVAI\Dataset Katarak\train\immature\aug_0_8984_jpeg.rf.cb08541bb87d29566e4a705503b1c908.jpg,55d9c4d443bd90114fd33ac29b71b35f5b46e48ecfa0beb9c2417eb845920e27,b2c5d816495a273f,VF_01773,1,train
dataset_katarak,train,aug_0_9022_jpeg.rf.319676517a5d77b6c7cb4341bf51befc.jpg,immature,C:\Personal AI & ML PROJECTS\AI IN HEALTHCARE\MY PROJECT E PAARVAI\Dataset Katarak\train\immature\aug_0_9022_jpeg.rf.319676517a5d77b6c7cb4341bf51befc.jpg,deef58bb4c23db00d799c1ee5e4b913fea8a6ffa1af7be484c79b16dfb549499,e5ca83351eb5b852,VF_01774,1,train
dataset_katarak,train,aug_0_9033_jpeg.rf.7aadfc1e92ef6f87e6a79f6313a9d1b6.jpg,immature,C:\Personal AI & ML PROJECTS\AI IN HEALTHCARE\MY PROJECT E PAARVAI\Dataset Katarak\train\immature\aug_0_9033_jpeg.rf.7aadfc1e92ef6f87e6a79f6313a9d1b6.jpg,3f7bfa37ebe9b55f6abab811f618c73a50db3b199a80ad206c39b7a52cab480b,83638dcc3f92e06e,VF_01776,1,train
dataset_katarak,train,aug_0_9045_jpeg.rf.a11766e85d5a8dd3d7da3177326630e6.jpg,immature,C:\Personal AI & ML PROJECTS\AI IN HEALTHCARE\MY PROJECT E PAARVAI\Dataset Katarak\train\immature\aug_0_9045_jpeg.rf.a11766e85d5a8dd3d7da3177326630e6.jpg,1e3b80d932313f7fa2b33823d01446f5fbbe44402797059a45a69e0ad05d166c,b070cf0be09dc1f6,VF_01777,1,train
dataset_katarak,train,aug_0_9055_jpeg.rf.5803901895608f7ae5f812c952c51e52.jpg,immature,C:\Personal AI & ML PROJECTS\AI IN HEALTHCARE\MY PROJECT E PAARVAI\Dataset Katarak\train\immature\aug_0_9055_jpeg.rf.5803901895608f7ae5f812c952c51e52.jpg,fd75978149672f002f6413136811ea96395abe0a5e2a446128d810de95b3369e,a2a88b3778d6b45a,VF_01779,1,train
dataset_katarak,train,aug_0_9075_jpeg.rf.a5653316b555c80f1ada288f8374f82d.jpg,immature,C:\Personal AI & ML PROJECTS\AI IN HEALTHCARE\MY PROJECT E PAARVAI\Dataset Katarak\train\immature\aug_0_9075_jpeg.rf.a5653316b555c80f1ada288f8374f82d.jpg,f6f33c1a9bbeba77f359c64c7c338934659fcc1d45fff041c2abb0612ce67476,931becec2113335e,VF_01782,1,train
dataset_katarak,train,aug_0_9087_jpeg.rf.09f698439a230fc87753351e9dca20f6.jpg,immature,C:\Personal AI & ML PROJECTS\AI IN HEALTHCARE\MY PROJECT E PAARVAI\Dataset Katarak\train\immature\aug_0_9087_jpeg.rf.09f698439a230fc87753351e9dca20f6.jpg,67790538d44f9288a67e53c8b73b1f62ccc8ed3bffef645533362bfeef45d18d,f430c2cb4deda8e2,VF_01783,1,train
dataset_katarak,train,aug_0_9094_jpeg.rf.4ec6a320dccfd6c26f2ce894130380bc.jpg,immature,C:\Personal AI & ML PROJECTS\AI IN HEALTHCARE\MY PROJECT E PAARVAI\Dataset Katarak\train\immature\aug_0_9094_jpeg.rf.4ec6a320dccfd6c26f2ce894130380bc.jpg,cde71f434123d0e03e0fc7f8b99871697ecef1a6bc453ae6c21497e4229a8348,b9f0c20f394a68af,VF_01785,1,train
dataset_katarak,train,aug_0_9140_jpeg.rf.eac158bbded94d20551677121e0688e2.jpg,immature,C:\Personal AI & ML PROJECTS\AI IN HEALTHCARE\MY PROJECT E PAARVAI\Dataset Katarak\train\immature\aug_0_9140_jpeg.rf.eac158bbded94d20551677121e0688e2.jpg,eb2435ac0ce66e50f55938c10554d1d57541c183e98e495a0d7f5a7561fda8dc,e39c8e631e0e706b,VF_01788,1,train
dataset_katarak,train,aug_0_9152_jpeg.rf.84f0ecabc2811cfc9dd8bd1db82d520f.jpg,immature,C:\Personal AI & ML PROJECTS\AI IN HEALTHCARE\MY PROJECT E PAARVAI\Dataset Katarak\train\immature\aug_0_9152_jpeg.rf.84f0ecabc2811cfc9dd8bd1db82d520f.jpg,78c4da88392db332ab0129db85204f2629ed1d6de38ebd293f055f6edc188eec,f00ecf72d04b8f1c,VF_01789,1,train
dataset_katarak,train,aug_0_916_jpeg.rf.ec9017260a566610b4f73e0a2fcb33a8.jpg,immature,C:\Personal AI & ML PROJECTS\AI IN HEALTHCARE\MY PROJECT E PAARVAI\Dataset Katarak\train\immature\aug_0_916_jpeg.rf.ec9017260a566610b4f73e0a2fcb33a8.jpg,569d360108f29ab8db021032a5b2cb43c60e19d13f52ac315c81f29273cdf044,e06dd6de28a90765,VF_01790,1,train
dataset_katarak,train,aug_0_9198_jpeg.rf.4af97640d02d47e09feeef3924dbb4a7.jpg,immature,C:\Personal AI & ML PROJECTS\AI IN HEALTHCARE\MY PROJECT E PAARVAI\Dataset Katarak\train\immature\aug_0_9198_jpeg.rf.4af97640d02d47e09feeef3924dbb4a7.jpg,b24bbe43a980eac312b3f79ea4313103b812786bf9e09d33d9c9dffa6e47b6eb,e1619e9e6de181c6,VF_01791,1,train
dataset_katarak,train,aug_0_9201_jpeg.rf.1d01b9840bd93e372cad21aa84bd5e7c.jpg,immature,C:\Personal AI & ML PROJECTS\AI IN HEALTHCARE\MY PROJECT E PAARVAI\Dataset Katarak\train\immature\aug_0_9201_jpeg.rf.1d01b9840bd93e372cad21aa84bd5e7c.jpg,9e26dcb59016302546ec0dd8d60b9dd0525e74ab6fa64915fc6897bf855e4d22,8253ec8be23dce32,VF_01792,1,train
dataset_katarak,train,aug_0_9210_jpeg.rf.b9bc8fc6952cb83268189bf7231c0a2a.jpg,immature,C:\Personal AI & ML PROJECTS\AI IN HEALTHCARE\MY PROJECT E PAARVAI\Dataset Katarak\train\immature\aug_0_9210_jpeg.rf.b9bc8fc6952cb83268189bf7231c0a2a.jpg,c901a97b1ea894e88f94934a3226d051073e3fc428e8217d53e46c0800eb43aa,cf0d90b852e663d5,VF_01793,1,train
dataset_katarak,train,aug_0_9215_jpeg.rf.0bf82e32237317bd2cbfcaff012dfeeb.jpg,immature,C:\Personal AI & ML PROJECTS\AI IN HEALTHCARE\MY PROJECT E PAARVAI\Dataset Katarak\train\immature\aug_0_9215_jpeg.rf.0bf82e32237317bd2cbfcaff012dfeeb.jpg,9bc9bef50d076ea0a5b8063ab76b2f979e5ca704b4fbf1730b079fae6a19e2d4,b7c898354af4ad52,VF_01796,1,train
dataset_katarak,train,aug_0_924_jpeg.rf.a12a73e6dcb628b7439e87c297594465.jpg,immature,C:\Personal AI & ML PROJECTS\AI IN HEALTHCARE\MY PROJECT E PAARVAI\Dataset Katarak\train\immature\aug_0_924_jpeg.rf.a12a73e6dcb628b7439e87c297594465.jpg,c183a524d392d3705972527cbf0fa26cc4de1b694df3266a75ca8c641322d6ad,eca59749c0073dda,VF_01799,1,train
dataset_katarak,train,aug_0_9257_jpeg.rf.03d7c43d7036b1b443a3f77388146baf.jpg,immature,C:\Personal AI & ML PROJECTS\AI IN HEALTHCARE\MY PROJECT E PAARVAI\Dataset Katarak\train\immature\aug_0_9257_jpeg.rf.03d7c43d7036b1b443a3f77388146baf.jpg,3036c7c39d18998a23ee08b615fc0def174a3ebd0d501427c28d9277af0d27bd,f790dc6f503c6270,VF_01800,1,train
dataset_katarak,train,aug_0_9275_jpeg.rf.55b7525fcb5e8b00251ac95cc9a5c299.jpg,immature,C:\Personal AI & ML PROJECTS\AI IN HEALTHCARE\MY PROJECT E PAARVAI\Dataset Katarak\train\immature\aug_0_9275_jpeg.rf.55b7525fcb5e8b00251ac95cc9a5c299.jpg,599025538f1f2c6a41cace30e62a4d1940f29d66210ab6a50f613a16067e6ab2,f79cd8623dc0994c,VF_01802,1,train
dataset_katarak,train,aug_0_9297_jpeg.rf.811e08a0191b2909074d0f77493f9f5f.jpg,immature,C:\Personal AI & ML PROJECTS\AI IN HEALTHCARE\MY PROJECT E PAARVAI\Dataset Katarak\train\immature\aug_0_9297_jpeg.rf.811e08a0191b2909074d0f77493f9f5f.jpg,ed4496084d2225945b2b4d566c99b52e67e88e90fe39ee1743ce5584823ee602,9b5bc0c4c4e7a6c6,VF_01803,1,train
dataset_katarak,train,aug_0_936_jpeg.rf.fa0afecccb1327f2e108660fe5753c56.jpg,immature,C:\Personal AI & ML PROJECTS\AI IN HEALTHCARE\MY PROJECT E PAARVAI\Dataset Katarak\train\immature\aug_0_936_jpeg.rf.fa0afecccb1327f2e108660fe5753c56.jpg,03c0569d23326df6354b03c3072870982ee5a6dfbab2fbd6e57a890fc26aebc6,f5de66608e256827,VF_01807,1,train
dataset_katarak,train,aug_0_9378_jpeg.rf.8add4bdd9bd5f84b26785bfc821276c0.jpg,immature,C:\Personal AI & ML PROJECTS\AI IN HEALTHCARE\MY PROJECT E PAARVAI\Dataset Katarak\train\immature\aug_0_9378_jpeg.rf.8add4bdd9bd5f84b26785bfc821276c0.jpg,9bf17456bd3cf1effb9671b0f7e2267621287f9a35f99cbafda4b82854a81b6f,d726da986ac5a5a8,VF_01808,1,train
dataset_katarak,train,aug_0_9379_jpeg.rf.b27cebce7504c7a250c0f6c31467c23a.jpg,immature,C:\Personal AI & ML PROJECTS\AI IN HEALTHCARE\MY PROJECT E PAARVAI\Dataset Katarak\train\immature\aug_0_9379_jpeg.rf.b27cebce7504c7a250c0f6c31467c23a.jpg,58f708190bec005c9f07ff3d09fc175ac3ec41ddb7ed29473fa0c0a8e8bf234b,b2cbcd34b0d38ccc,VF_01809,1,train
dataset_katarak,train,aug_0_9391_jpeg.rf.19af4ed5017a65521207e976f89b1934.jpg,immature,C:\Personal AI & ML PROJECTS\AI IN HEALTHCARE\MY PROJECT E PAARVAI\Dataset Katarak\train\immature\aug_0_9391_jpeg.rf.19af4ed5017a65521207e976f89b1934.jpg,24d87a7606ee18a99a36515c9c9f5adfc961637d83b1d88e04240442a5125e13,a5da82357e468f1c,VF_01810,1,train
dataset_katarak,train,aug_0_9395_jpeg.rf.d8c5a92afbf9e8142f18147dcc79a3ef.jpg,immature,C:\Personal AI & ML PROJECTS\AI IN HEALTHCARE\MY PROJECT E PAARVAI\Dataset Katarak\train\immature\aug_0_9395_jpeg.rf.d8c5a92afbf9e8142f18147dcc79a3ef.jpg,100b29e3ca1b0b10a718dec5eceb2d2dfeb86a1ebe18583549a081d1134d3146,943527db5a6a68c9,VF_01811,1,train
dataset_katarak,train,aug_0_9399_jpeg.rf.1eda97e9c9cf36512aa0df4f1e268720.jpg,immature,C:\Personal AI & ML PROJECTS\AI IN HEALTHCARE\MY PROJECT E PAARVAI\Dataset Katarak\train\immature\aug_0_9399_jpeg.rf.1eda97e9c9cf36512aa0df4f1e268720.jpg,522cfcd07d7a874822f5a4e61ba6b48b0553b44676be879245acbbb5d3f62e96,e4ca85211eb57cf4,VF_01812,1,train
dataset_katarak,train,aug_0_9410_jpeg.rf.2647714dd62a1f50de4360f4395ac3c1.jpg,immature,C:\Personal AI & ML PROJECTS\AI IN HEALTHCARE\MY PROJECT E PAARVAI\Dataset Katarak\train\immature\aug_0_9410_jpeg.rf.2647714dd62a1f50de4360f4395ac3c1.jpg,e4263cf88d0714a4460e71a7a917d1b65e32b7d8f2e64c0f57bbae3255f19059,f525dada61e5821a,VF_01813,1,train
dataset_katarak,train,aug_0_9427_jpeg.rf.0c01f1e845c39450ab464a2ff1c76ee9.jpg,immature,C:\Personal AI & ML PROJECTS\AI IN HEALTHCARE\MY PROJECT E PAARVAI\Dataset Katarak\train\immature\aug_0_9427_jpeg.rf.0c01f1e845c39450ab464a2ff1c76ee9.jpg,3981822bafea8f76f159345f42d11fe5226412c0506d8b772c0f3f0b84e0575a,e0d6976857279a25,VF_01815,1,train
dataset_katarak,train,aug_0_9428_jpeg.rf.2f36d54a0ebca3e02449c767c9d76834.jpg,immature,C:\Personal AI & ML PROJECTS\AI IN HEALTHCARE\MY PROJECT E PAARVAI\Dataset Katarak\train\immature\aug_0_9428_jpeg.rf.2f36d54a0ebca3e02449c767c9d76834.jpg,9fb4580065fb9277748e29a6ca2a06eadc94338fe40e167448a625fd50624280,f524dacea1a92a36,VF_01816,1,train
dataset_katarak,train,aug_0_9459_jpeg.rf.b11315907b4f4bb4ff6a4a495d86c57f.jpg,immature,C:\Personal AI & ML PROJECTS\AI IN HEALTHCARE\MY PROJECT E PAARVAI\Dataset Katarak\train\immature\aug_0_9459_jpeg.rf.b11315907b4f4bb4ff6a4a495d86c57f.jpg,b5de10dde1dbaf16c6c19d9073018b888d83998e3073036d8e2d6cfd412297a0,a23e89c50796b753,VF_01818,1,train
dataset_katarak,train,aug_0_9468_jpeg.rf.feccd702605b679051c5f1c60447e940.jpg,immature,C:\Personal AI & ML PROJECTS\AI IN HEALTHCARE\MY PROJECT E PAARVAI\Dataset Katarak\train\immature\aug_0_9468_jpeg.rf.feccd702605b679051c5f1c60447e940.jpg,0280da15e7145013e70a4c83885f3e93e89b72d44baec2d04847ad77ee1ecdcc,c6b1bb46151b07bc,VF_01819,1,train
dataset_katarak,train,aug_0_9470_jpeg.rf.8b3f175075af24e7035a6171494d446f.jpg,immature,C:\Personal AI & ML PROJECTS\AI IN HEALTHCARE\MY PROJECT E PAARVAI\Dataset Katarak\train\immature\aug_0_9470_jpeg.rf.8b3f175075af24e7035a6171494d446f.jpg,f1320a1b50a771b31705b36a6620852fb48acce1b2eb397cc1b072d931d4160f,e19e96617956f888,VF_01820,1,train
dataset_katarak,train,aug_0_952_jpeg.rf.304a80eea0e8e1992760c2eb001642f4.jpg,immature,C:\Personal AI & ML PROJECTS\AI IN HEALTHCARE\MY PROJECT E PAARVAI\Dataset Katarak\train\immature\aug_0_952_jpeg.rf.304a80eea0e8e1992760c2eb001642f4.jpg,47ba1dc84a8c46e116804210c872c5c9f7b4e3157621207f23585df37e0031c9,f7c8dc654a299932,VF_01821,1,train
dataset_katarak,train,aug_0_9595_jpeg.rf.b1eb7a94f4c9fcbe5e646c40906a6095.jpg,immature,C:\Personal AI & ML PROJECTS\AI IN HEALTHCARE\MY PROJECT E PAARVAI\Dataset Katarak\train\immature\aug_0_9595_jpeg.rf.b1eb7a94f4c9fcbe5e646c40906a6095.jpg,9c572d5b517cb1a9ce580e2306c27b3c0b162ebe2a354e7467c884f90498973a,e2898931254f3f9d,VF_01824,1,train
dataset_katarak,train,aug_0_9620_jpeg.rf.d8e149b71eabf10b35ecc1f0767b7efb.jpg,immature,C:\Personal AI & ML PROJECTS\AI IN HEALTHCARE\MY PROJECT E PAARVAI\Dataset Katarak\train\immature\aug_0_9620_jpeg.rf.d8e149b71eabf10b35ecc1f0767b7efb.jpg,242e06a45a0ca5e7a6f7d33b2ceaaef6d9ada9f74048bdcdf26475bb54d378ae,eeb0956e72f16242,VF_01825,1,train
dataset_katarak,train,aug_0_9640_jpeg.rf.668ba76f2552fda9b41504ccc20b2ffa.jpg,immature,C:\Personal AI & ML PROJECTS\AI IN HEALTHCARE\MY PROJECT E PAARVAI\Dataset Katarak\train\immature\aug_0_9640_jpeg.rf.668ba76f2552fda9b41504ccc20b2ffa.jpg,9e65f95d5793ffaf2a7feec1e91f2f5fea865215d4c53053848cc24dcf50613a,e18b9e9a61a1171f,VF_01827,1,train
dataset_katarak,train,aug_0_9666_jpeg.rf.4843dd8a2e06a315b5e8c7e9d35f2013.jpg,immature,C:\Personal AI & ML PROJECTS\AI IN HEALTHCARE\MY PROJECT E PAARVAI\Dataset Katarak\train\immature\aug_0_9666_jpeg.rf.4843dd8a2e06a315b5e8c7e9d35f2013.jpg,155624afeaa101e3196fa6e45fe6443e3bc080362eca52f5ad85d00bb9cd7703,e1799c84f097c770,VF_01830,1,train
dataset_katarak,train,aug_0_9698_jpeg.rf.ae80705216ffe11ab39ac11bebc5534c.jpg,immature,C:\Personal AI & ML PROJECTS\AI IN HEALTHCARE\MY PROJECT E PAARVAI\Dataset Katarak\train\immature\aug_0_9698_jpeg.rf.ae80705216ffe11ab39ac11bebc5534c.jpg,0c17f586f64f4d4b0c92b998085f401bae8a0a8ca86f45522ebc29e1829e8df9,b436cad2b46d8137,VF_01832,1,train
dataset_katarak,train,aug_0_9711_jpeg.rf.0d723d6a80cf252e3e03be332fcac82b.jpg,immature,C:\Personal AI & ML PROJECTS\AI IN HEALTHCARE\MY PROJECT E PAARVAI\Dataset Katarak\train\immature\aug_0_9711_jpeg.rf.0d723d6a80cf252e3e03be332fcac82b.jpg,5b896edd0f6f7bfbebb41ce64669886c2604df1f48ae4289e30bec7cb5504703,9ae7c5924740375b,VF_01833,1,train
dataset_katarak,train,aug_0_9724_jpeg.rf.9914673ea0068ebda2957e6716d2d11b.jpg,immature,C:\Personal AI & ML PROJECTS\AI IN HEALTHCARE\MY PROJECT E PAARVAI\Dataset Katarak\train\immature\aug_0_9724_jpeg.rf.9914673ea0068ebda2957e6716d2d11b.jpg,422b600702979b7bf4bb2a2aa277e4e09920b5b0b19cd78383530d882e9327f5,e760989ce579c866,VF_01834,1,train
dataset_katarak,train,aug_0_9742_jpeg.rf.33b1d72802a65c6970786a524547bcef.jpg,immature,C:\Personal AI & ML PROJECTS\AI IN HEALTHCARE\MY PROJECT E PAARVAI\Dataset Katarak\train\immature\aug_0_9742_jpeg.rf.33b1d72802a65c6970786a524547bcef.jpg,52ac5cadb4dcbd72d902fe6f76e3f264d59ab0909bfcd186b95110c6bac91938,ccbb914c5a3a2d3c,VF_01835,1,train
dataset_katarak,train,aug_0_9790_jpeg.rf.5e9c9af703887b3c547ccda180ca07c3.jpg,immature,C:\Personal AI & ML PROJECTS\AI IN HEALTHCARE\MY PROJECT E PAARVAI\Dataset Katarak\train\immature\aug_0_9790_jpeg.rf.5e9c9af703887b3c547ccda180ca07c3.jpg,548ce5b2961aa26746c4b1b79e41083bfcc565892a479fcc8fa7648aed41ea72,b4cb8b344ba3cd92,VF_01838,1,train
dataset_katarak,train,aug_0_9834_jpeg.rf.bf60b8b4dfc11fdecb18b0bab69b73a9.jpg,immature,C:\Personal AI & ML PROJECTS\AI IN HEALTHCARE\MY PROJECT E PAARVAI\Dataset Katarak\train\immature\aug_0_9834_jpeg.rf.bf60b8b4dfc11fdecb18b0bab69b73a9.jpg,d3b79573919214c0fad174efaa18b2c4070bf29c1e00bb94c779435e79111c59,cfb791c21d1d420f,VF_01839,1,train
dataset_katarak,train,aug_0_984_jpeg.rf.b54881fcfe6290106946ecdc758e013d.jpg,immature,C:\Personal AI & ML PROJECTS\AI IN HEALTHCARE\MY PROJECT E PAARVAI\Dataset Katarak\train\immature\aug_0_984_jpeg.rf.b54881fcfe6290106946ecdc758e013d.jpg,5db95244c1a7f13336ab33752e24702a721385c774c47d8bf42d4ce23917169e,e565d69a1a78b1a1,VF_01840,1,train
dataset_katarak,train,aug_0_9882_jpeg.rf.ae15379de79104f1353e8f90585fe659.jpg,immature,C:\Personal AI & ML PROJECTS\AI IN HEALTHCARE\MY PROJECT E PAARVAI\Dataset Katarak\train\immature\aug_0_9882_jpeg.rf.ae15379de79104f1353e8f90585fe659.jpg,24ade7a8a48e70d45e86e8eda6aa72b4dc4151a95a4e6d779730442fce028109,a08f8b300b6ffc63,VF_01842,1,train
dataset_katarak,train,aug_0_9897_jpeg.rf.392458d678fb52ec18f25b57b245fab6.jpg,immature,C:\Personal AI & ML PROJECTS\AI IN HEALTHCARE\MY PROJECT E PAARVAI\Dataset Katarak\train\immature\aug_0_9897_jpeg.rf.392458d678fb52ec18f25b57b245fab6.jpg,a6929c0671e868bd951cd9ad578832f2dee9f6261b28dd038d44f580eb57e0d9,cdf2904f5a186b2b,VF_01843,1,train
dataset_katarak,train,aug_0_9911_jpeg.rf.77c819fc5a1dc826c6975d3887cc5a17.jpg,immature,C:\Personal AI & ML PROJECTS\AI IN HEALTHCARE\MY PROJECT E PAARVAI\Dataset Katarak\train\immature\aug_0_9911_jpeg.rf.77c819fc5a1dc826c6975d3887cc5a17.jpg,638f26ef670fd499fd364fddb39d06ae164ef744ca0026ba984de975c5146b63,a0df8b64bc611e2b,VF_01845,1,train
dataset_katarak,train,aug_0_9932_jpeg.rf.8d39623875488bb769859607a116a185.jpg,immature,C:\Personal AI & ML PROJECTS\AI IN HEALTHCARE\MY PROJECT E PAARVAI\Dataset Katarak\train\immature\aug_0_9932_jpeg.rf.8d39623875488bb769859607a116a185.jpg,72d697260aeb2599fa44f13b8593a1e7ce39d56f3797db42392d1c05a2a0bfd0,ec4897b64ce03d27,VF_01847,1,train
dataset_katarak,train,aug_0_9933_jpeg.rf.c7a08c307c448f80313934eb0a79ca27.jpg,immature,C:\Personal AI & ML PROJECTS\AI IN HEALTHCARE\MY PROJECT E PAARVAI\Dataset Katarak\train\immature\aug_0_9933_jpeg.rf.c7a08c307c448f80313934eb0a79ca27.jpg,477af671a6b10dd8ace879945e1752acb125492d7a3e90e8517f41d013898f31,b4e8cb96ac5c9760,VF_01848,1,train
dataset_katarak,train,aug_0_9947_jpeg.rf.134dee5363215c698263670f853d376c.jpg,immature,C:\Personal AI & ML PROJECTS\AI IN HEALTHCARE\MY PROJECT E PAARVAI\Dataset Katarak\train\immature\aug_0_9947_jpeg.rf.134dee5363215c698263670f853d376c.jpg,80ce8bef699d72e898a70d03a9c21ed0d27093e6bc6d9f59a5e5397289ede3c7,ed39c1d216523f8a,VF_01849,1,train
dataset_katarak,train,aug_0_9951_jpeg.rf.a2ffb53664718dbfc3f2ed4867469e99.jpg,immature,C:\Personal AI & ML PROJECTS\AI IN HEALTHCARE\MY PROJECT E PAARVAI\Dataset Katarak\train\immature\aug_0_9951_jpeg.rf.a2ffb53664718dbfc3f2ed4867469e99.jpg,cd5afbe414c324984189d32abaa90b1d76c4ea63c6d3cd68203aae175180aaab,fcb7d26968b032c2,VF_01850,1,train
dataset_katarak,train,aug_0_9957_jpeg.rf.6c0d7cbf55b2762bafb0a8a6b2c27e3b.jpg,immature,C:\Personal AI & ML PROJECTS\AI IN HEALTHCARE\MY PROJECT E PAARVAI\Dataset Katarak\train\immature\aug_0_9957_jpeg.rf.6c0d7cbf55b2762bafb0a8a6b2c27e3b.jpg,d05522694041414e6f93d8a0f4780f500189f33f993c05b7b0c749c0e6b47cc4,b1449b5ea1689ea7,VF_01851,1,train
dataset_katarak,train,aug_0_9994_jpeg.rf.04f549f3e1e01a7e861741e8caa30ce1.jpg,immature,C:\Personal AI & ML PROJECTS\AI IN HEALTHCARE\MY PROJECT E PAARVAI\Dataset Katarak\train\immature\aug_0_9994_jpeg.rf.04f549f3e1e01a7e861741e8caa30ce1.jpg,0996f1c7dfe1bccf3b1a557028b018ce5970a6e2b6cf4cf0b59d3cd839da7b44,f4748bcb90bc2dc2,VF_01852,1,train
dataset_katarak,train,aug_0_1000_jpeg.rf.3c723f460a8b45f0f400832b786e05d7.jpg,mature,C:\Personal AI & ML PROJECTS\AI IN HEALTHCARE\MY PROJECT E PAARVAI\Dataset Katarak\train\mature\aug_0_1000_jpeg.rf.3c723f460a8b45f0f400832b786e05d7.jpg,5c93b3b77c58bb59fa892fdbd59ea8938c3655f7854d8b864d0ce3fad57b5916,f95c930b3df9d002,VF_01853,1,train
dataset_katarak,train,aug_0_1056_jpeg.rf.f093c729a45804973c16a9ecb3f930a6.jpg,mature,C:\Personal AI & ML PROJECTS\AI IN HEALTHCARE\MY PROJECT E PAARVAI\Dataset Katarak\train\mature\aug_0_1056_jpeg.rf.f093c729a45804973c16a9ecb3f930a6.jpg,6411243aa15d10f23f916316e7d6c1f21039d0b2e66b21521352eb4edb982a57,b3c7cc9d2162166d,VF_01855,1,train
dataset_katarak,train,aug_0_105_jpeg.rf.3801ca5a4a36bf77befba70248de2aab.jpg,mature,C:\Personal AI & ML PROJECTS\AI IN HEALTHCARE\MY PROJECT E PAARVAI\Dataset Katarak\train\mature\aug_0_105_jpeg.rf.3801ca5a4a36bf77befba70248de2aab.jpg,e0b62f3c0194377dc5fafa32bd55edd3151ce8ec885b21001c09ff43e987db83,b1718fd3adb09603,VF_01856,1,train
dataset_katarak,train,aug_0_1070_jpeg.rf.4004a17d98a94936c6c5902ee8264d23.jpg,mature,C:\Personal AI & ML PROJECTS\AI IN HEALTHCARE\MY PROJECT E PAARVAI\Dataset Katarak\train\mature\aug_0_1070_jpeg.rf.4004a17d98a94936c6c5902ee8264d23.jpg,4f062d1ffffe4eada3bfe54c7d7afe57725db11d8e1dc401a5650d6b37cb8bc0,a5ba98a56b4aacc5,VF_01857,1,train
dataset_katarak,train,aug_0_1079_jpeg.rf.88589d1a511d481f4cacd81c2078ca31.jpg,mature,C:\Personal AI & ML PROJECTS\AI IN HEALTHCARE\MY PROJECT E PAARVAI\Dataset Katarak\train\mature\aug_0_1079_jpeg.rf.88589d1a511d481f4cacd81c2078ca31.jpg,5977e31d51c11a4ff072a6f33d7b09f5f2474eb3bf79980e54838cf0ff37eed0,a36390dc1e4a63af,VF_01858,1,train
dataset_katarak,train,aug_0_108_jpeg.rf.ae7652caab8759d9b3082541d317a4a5.jpg,mature,C:\Personal AI & ML PROJECTS\AI IN HEALTHCARE\MY PROJECT E PAARVAI\Dataset Katarak\train\mature\aug_0_108_jpeg.rf.ae7652caab8759d9b3082541d317a4a5.jpg,333f9dfc51b2b9ace2ff7473a23176190d70ccb7c3ecb3396f356b315acbf2e1,b9e98690d9ae2627,VF_01859,1,train
dataset_katarak,train,aug_0_1098_jpeg.rf.8389ce1e310ab756a06ab7a28760387a.jpg,mature,C:\Personal AI & ML PROJECTS\AI IN HEALTHCARE\MY PROJECT E PAARVAI\Dataset Katarak\train\mature\aug_0_1098_jpeg.rf.8389ce1e310ab756a06ab7a28760387a.jpg,eac50a5826589c4366c9bfdfa59deb45c687b1e86610ef923b86455bb589d1ef,bec9e83e81f6e801,VF_01861,1,train
dataset_katarak,train,aug_0_1105_jpeg.rf.b1f3752a3a12308fbb79a192ef5ec51d.jpg,mature,C:\Personal AI & ML PROJECTS\AI IN HEALTHCARE\MY PROJECT E PAARVAI\Dataset Katarak\train\mature\aug_0_1105_jpeg.rf.b1f3752a3a12308fbb79a192ef5ec51d.jpg,d781b19474f04a8ca2c4a1a10a620f82645bacd1f24c428323b398b1a9344424,ab59948cdbaa2665,VF_01862,1,train
dataset_katarak,train,aug_0_1117_jpeg.rf.b152ff883eaae0f9796438fbdda08850.jpg,mature,C:\Personal AI & ML PROJECTS\AI IN HEALTHCARE\MY PROJECT E PAARVAI\Dataset Katarak\train\mature\aug_0_1117_jpeg.rf.b152ff883eaae0f9796438fbdda08850.jpg,7a5b61631ca0721b3b86c3c190969f4345417c3007030c23bb274d3cf54eaca6,c3cb9c2e31626cce,VF_01864,1,train
dataset_katarak,train,aug_0_111_jpeg.rf.1fd219050c3a2a9b1aac6358cab7bece.jpg,mature,C:\Personal AI & ML PROJECTS\AI IN HEALTHCARE\MY PROJECT E PAARVAI\Dataset Katarak\train\mature\aug_0_111_jpeg.rf.1fd219050c3a2a9b1aac6358cab7bece.jpg,cccb9629dc2fe5d4a1d25ff8460fba8762f73b43f7efccd7f81452df097d1393,a1d0968ef9ada235,VF_01865,1,train
dataset_katarak,train,aug_0_1123_jpeg.rf.91cf65ab47d4479bb8db5a589bfa1d20.jpg,mature,C:\Personal AI & ML PROJECTS\AI IN HEALTHCARE\MY PROJECT E PAARVAI\Dataset Katarak\train\mature\aug_0_1123_jpeg.rf.91cf65ab47d4479bb8db5a589bfa1d20.jpg,1e8841951c58cc3937d7827003b695497920dc470c523ff42910a522b9726de5,e48b9a35a5da982b,VF_01866,1,train
dataset_katarak,train,aug_0_1135_jpeg.rf.77a90800f7357078d267b7ee2c2ee183.jpg,mature,C:\Personal AI & ML PROJECTS\AI IN HEALTHCARE\MY PROJECT E PAARVAI\Dataset Katarak\train\mature\aug_0_1135_jpeg.rf.77a90800f7357078d267b7ee2c2ee183.jpg,bfb2bdc922c1174f416a37d86dc65157af57560c8fe0dc4a271267a7b8ca149a,e1139eaf60c529ae,VF_01868,1,train
dataset_katarak,train,aug_0_1172_jpeg.rf.7726af4985469ceec24ad9e989025185.jpg,mature,C:\Personal AI & ML PROJECTS\AI IN HEALTHCARE\MY PROJECT E PAARVAI\Dataset Katarak\train\mature\aug_0_1172_jpeg.rf.7726af4985469ceec24ad9e989025185.jpg,556f0e4afc73a1a4e75b8fcd835345ddabcf50340951834354da6b5a1f1d413b,aa90956e42d9b277,VF_01871,1,train
dataset_katarak,train,aug_0_1188_jpeg.rf.8b9c012abb184dac4cc125410631a249.jpg,mature,C:\Personal AI & ML PROJECTS\AI IN HEALTHCARE\MY PROJECT E PAARVAI\Dataset Katarak\train\mature\aug_0_1188_jpeg.rf.8b9c012abb184dac4cc125410631a249.jpg,9a87a96d2334e43312b8a700df360cff9e55c7da044d040d3f76d41e70f9403c,a0cecb3036dfcb12,VF_01875,1,train
dataset_katarak,train,aug_0_1193_jpeg.rf.843e2f17c03232050eac7c99f4059611.jpg,mature,C:\Personal AI & ML PROJECTS\AI IN HEALTHCARE\MY PROJECT E PAARVAI\Dataset Katarak\train\mature\aug_0_1193_jpeg.rf.843e2f17c03232050eac7c99f4059611.jpg,175a8f3b247445edd7b5c8fee2c0766bd706a01df0550946a85ab7a8a1d375a4,e5948ada3d20723f,VF_01876,1,train
dataset_katarak,train,aug_0_119_jpeg.rf.c8a07f5a5efe204c70ab55ed3ffa1a03.jpg,mature,C:\Personal AI & ML PROJECTS\AI IN HEALTHCARE\MY PROJECT E PAARVAI\Dataset Katarak\train\mature\aug_0_119_jpeg.rf.c8a07f5a5efe204c70ab55ed3ffa1a03.jpg,1c432a074076e336f10e4b5e3fe6bc2d2ac42fea67dde39233aea038b6aae1e1,b1758f9ba4b09247,VF_01877,1,train
dataset_katarak,train,aug_0_1215_jpeg.rf.068414ca16bba0cdbb5faca208fb1228.jpg,mature,C:\Personal AI & ML PROJECTS\AI IN HEALTHCARE\MY PROJECT E PAARVAI\Dataset Katarak\train\mature\aug_0_1215_jpeg.rf.068414ca16bba0cdbb5faca208fb1228.jpg,1186c80c7aa9d4d6980c3d9a69edbc6a30603751d51c39d6cbc0bad728fa427a,ec7c81c12dfdb052,VF_01878,1,train
dataset_katarak,train,aug_0_1227_jpeg.rf.8d52035a94d347515a054dea68d3a741.jpg,mature,C:\Personal AI & ML PROJECTS\AI IN HEALTHCARE\MY PROJECT E PAARVAI\Dataset Katarak\train\mature\aug_0_1227_jpeg.rf.8d52035a94d347515a054dea68d3a741.jpg,4a172b69deecd06403c85106fc301a28055e7c3822a4e38bc0637d78616ea2c5,e39c827a9c222f2f,VF_01879,1,train
dataset_katarak,train,aug_0_1253_jpeg.rf.3e7e2fe422816856511fd8c7198c18d1.jpg,mature,C:\Personal AI & ML PROJECTS\AI IN HEALTHCARE\MY PROJECT E PAARVAI\Dataset Katarak\train\mature\aug_0_1253_jpeg.rf.3e7e2fe422816856511fd8c7198c18d1.jpg,f1e43578ac95ce9ef4e740a77985403687334f57294aeb9c68cc6b38dc07fbe7,a2623d8dcc66f2b1,VF_01883,1,train
dataset_katarak,train,aug_0_1260_jpeg.rf.492dca72cdc6fcc39e48e8770c3d021b.jpg,mature,C:\Personal AI & ML PROJECTS\AI IN HEALTHCARE\MY PROJECT E PAARVAI\Dataset Katarak\train\mature\aug_0_1260_jpeg.rf.492dca72cdc6fcc39e48e8770c3d021b.jpg,591dbf2e2b64c7a2c599cbd6b3c9e2d762e7c82d2a16a5846ad2674168919021,ba1ac58dc9bf82b0,VF_01884,1,train
dataset_katarak,train,aug_0_1287_jpeg.rf.780d93fa793e1b64de57668845e53eae.jpg,mature,C:\Personal AI & ML PROJECTS\AI IN HEALTHCARE\MY PROJECT E PAARVAI\Dataset Katarak\train\mature\aug_0_1287_jpeg.rf.780d93fa793e1b64de57668845e53eae.jpg,4daba3493d53478c85f256ebb1b665e9f6b389ce3cf2b20b18f414fbd309b261,b07ecbf0344bd234,VF_01885,1,train
dataset_katarak,train,aug_0_1288_jpeg.rf.ac70379a6b06bb07f9264d0699058d56.jpg,mature,C:\Personal AI & ML PROJECTS\AI IN HEALTHCARE\MY PROJECT E PAARVAI\Dataset Katarak\train\mature\aug_0_1288_jpeg.rf.ac70379a6b06bb07f9264d0699058d56.jpg,5804883233ec352511946b5f44fe69e320bbcb5d97a2327f4f1fea174d1ef6a3,b431d3df68285a33,VF_01886,1,train
dataset_katarak,train,aug_0_1291_jpeg.rf.3f711ce2c3ae0d99e0538660b307e766.jpg,mature,C:\Personal AI & ML PROJECTS\AI IN HEALTHCARE\MY PROJECT E PAARVAI\Dataset Katarak\train\mature\aug_0_1291_jpeg.rf.3f711ce2c3ae0d99e0538660b307e766.jpg,8faf307b879e85cd87d1ba52fcd74855490163d00a1fde120e5019532e90870b,f5778aca0bb53414,VF_01887,1,train
dataset_katarak,train,aug_0_1292_jpeg.rf.d56ccd9eefd8da8be6f699a4ceeb5394.jpg,mature,C:\Personal AI & ML PROJECTS\AI IN HEALTHCARE\MY PROJECT E PAARVAI\Dataset Katarak\train\mature\aug_0_1292_jpeg.rf.d56ccd9eefd8da8be6f699a4ceeb5394.jpg,e7c6f143f7ac81f8a80f108c04f8cecfc4c73e88beb25cc95716829d1c4f7c96,bc038337fcf2c2c8,VF_01888,1,train
dataset_katarak,train,aug_0_1317_jpeg.rf.6116a98462b53f5462c61458bea0a40c.jpg,mature,C:\Personal AI & ML PROJECTS\AI IN HEALTHCARE\MY PROJECT E PAARVAI\Dataset Katarak\train\mature\aug_0_1317_jpeg.rf.6116a98462b53f5462c61458bea0a40c.jpg,2ad8af7d4cd0c0961e519d396a988f2fae68b26da1f2c056f8beb823ba08ad2b,e39ca27a54c00f7e,VF_01890,1,train
dataset_katarak,train,aug_0_1350_jpeg.rf.3646420bacc21761df3abd397b7519ef.jpg,mature,C:\Personal AI & ML PROJECTS\AI IN HEALTHCARE\MY PROJECT E PAARVAI\Dataset Katarak\train\mature\aug_0_1350_jpeg.rf.3646420bacc21761df3abd397b7519ef.jpg,602f17c030ed27474840a4817ce2eb99a511c5e57225b22a005ff74994acd091,bc6cc2535dccaa62,VF_01892,1,train
dataset_katarak,train,aug_0_1363_jpeg.rf.a4f064523c9597865da050ee036f559e.jpg,mature,C:\Personal AI & ML PROJECTS\AI IN HEALTHCARE\MY PROJECT E PAARVAI\Dataset Katarak\train\mature\aug_0_1363_jpeg.rf.a4f064523c9597865da050ee036f559e.jpg,ea623341cd6ff9a1d0d8a33ee75f9f049f197a2f96b53f925bbc18c69b1dbfaf,a6da9a67901ec9b1,VF_01893,1,train
dataset_katarak,train,aug_0_1374_jpeg.rf.e5354a97df9c32570b386248aa42fb50.jpg,mature,C:\Personal AI & ML PROJECTS\AI IN HEALTHCARE\MY PROJECT E PAARVAI\Dataset Katarak\train\mature\aug_0_1374_jpeg.rf.e5354a97df9c32570b386248aa42fb50.jpg,d46cfdd944f85ab951eaff52a329a0cf272caee2471ece5004dcdee6c81e6e1f,f436d7884a98bc47,VF_01894,1,train
dataset_katarak,train,aug_0_1378_jpeg.rf.7aa49874fac4584e1036296c379f4bde.jpg,mature,C:\Personal AI & ML PROJECTS\AI IN HEALTHCARE\MY PROJECT E PAARVAI\Dataset Katarak\train\mature\aug_0_1378_jpeg.rf.7aa49874fac4584e1036296c379f4bde.jpg,d5246a31aeef572c51c3b3f8b1516f59b1e69d483a3b38a5576130860174ae2f,bb6a8484d3d9f80e,VF_01895,1,train
dataset_katarak,train,aug_0_1383_jpeg.rf.26c05975de0b1272f46ec5e8bfe5d4a3.jpg,mature,C:\Personal AI & ML PROJECTS\AI IN HEALTHCARE\MY PROJECT E PAARVAI\Dataset Katarak\train\mature\aug_0_1383_jpeg.rf.26c05975de0b1272f46ec5e8bfe5d4a3.jpg,d840a80fd11d50f3ceae7376fa744faedeb10a3b174dbf3f4c17038d13ead68e,fbe5e2312d381839,VF_01896,1,train
dataset_katarak,train,aug_0_1390_jpeg.rf.6d9303c35bd2944b774e12b7b06b369d.jpg,mature,C:\Personal AI & ML PROJECTS\AI IN HEALTHCARE\MY PROJECT E PAARVAI\Dataset Katarak\train\mature\aug_0_1390_jpeg.rf.6d9303c35bd2944b774e12b7b06b369d.jpg,9c30a4ce5a82e746b16c585b3b28abb93dd1ef74a21298e17e1cca7459199c23,a39594631ebd7350,VF_01897,1,train
dataset_katarak,train,aug_0_1471_jpeg.rf.1e5f9a6608524ce345ef491efbe84a24.jpg,mature,C:\Personal AI & ML PROJECTS\AI IN HEALTHCARE\MY PROJECT E PAARVAI\Dataset Katarak\train\mature\aug_0_1471_jpeg.rf.1e5f9a6608524ce345ef491efbe84a24.jpg,fa54e8a22dcf86e563e22f1127b4f6a23566325f00226e2990230dea18e4af6c,a327b8d45077e1e1,VF_01901,1,train
dataset_katarak,train,aug_0_1513_jpeg.rf.93b5c432a5fa17073514365d43e255da.jpg,mature,C:\Personal AI & ML PROJECTS\AI IN HEALTHCARE\MY PROJECT E PAARVAI\Dataset Katarak\train\mature\aug_0_1513_jpeg.rf.93b5c432a5fa17073514365d43e255da.jpg,1b67f8111f40bfdcf674a0c1514ed879b6270e9ef804d5c9146f589e0a7c7ba3,e0709f0f8ad83ec3,VF_01906,1,train
dataset_katarak,train,aug_0_1518_jpeg.rf.2cd876fca18f1a9f1c52fec3937c34b0.jpg,mature,C:\Personal AI & ML PROJECTS\AI IN HEALTHCARE\MY PROJECT E PAARVAI\Dataset Katarak\train\mature\aug_0_1518_jpeg.rf.2cd876fca18f1a9f1c52fec3937c34b0.jpg,7f54775d986424bf0500b428fedaeaac27595231c462cd7b25c6bd2be7b2cf06,bc94c3423caf93f0,VF_01907,1,train
dataset_katarak,train,aug_0_1521_jpeg.rf.080407b1d203b4e0c3936e82ea0b0d2c.jpg,mature,C:\Personal AI & ML PROJECTS\AI IN HEALTHCARE\MY PROJECT E PAARVAI\Dataset Katarak\train\mature\aug_0_1521_jpeg.rf.080407b1d203b4e0c3936e82ea0b0d2c.jpg,7a0d27a4d4ef44393a25407894175ea5270087e36e8affbab0f95afafc290c96,b4cbcb744b90ac53,VF_01908,1,train
dataset_katarak,train,aug_0_1530_jpeg.rf.7271afe1e1c89f49cc418aad240953ae.jpg,mature,C:\Personal AI & ML PROJECTS\AI IN HEALTHCARE\MY PROJECT E PAARVAI\Dataset Katarak\train\mature\aug_0_1530_jpeg.rf.7271afe1e1c89f49cc418aad240953ae.jpg,e0ba035400305851e892732c8f41f83a8d4e369b29bce0517452d314db721005,d0f0cdc7b0363bc8,VF_01909,1,train
dataset_katarak,train,aug_0_1534_jpeg.rf.e32179d314327aa3744ba2dd68893ce1.jpg,mature,C:\Personal AI & ML PROJECTS\AI IN HEALTHCARE\MY PROJECT E PAARVAI\Dataset Katarak\train\mature\aug_0_1534_jpeg.rf.e32179d314327aa3744ba2dd68893ce1.jpg,e297160976f3800f0080c4e10ddbb90d1f8edc11738bc561c23866cae5f47451,ec3cd1c40c8deb33,VF_01910,1,train
dataset_katarak,train,aug_0_1541_jpeg.rf.c42b299df583f5982c38a300aa4a9232.jpg,mature,C:\Personal AI & ML PROJECTS\AI IN HEALTHCARE\MY PROJECT E PAARVAI\Dataset Katarak\train\mature\aug_0_1541_jpeg.rf.c42b299df583f5982c38a300aa4a9232.jpg,12a311e55846e9f027d88db3837563e84e440e441c2c9c95809767d76b642b95,ecc2d33a8c44f38d,VF_01911,1,train
dataset_katarak,train,aug_0_1629_jpeg.rf.855a025419cf6ad72d5828a4e9b58dbd.jpg,mature,C:\Personal AI & ML PROJECTS\AI IN HEALTHCARE\MY PROJECT E PAARVAI\Dataset Katarak\train\mature\aug_0_1629_jpeg.rf.855a025419cf6ad72d5828a4e9b58dbd.jpg,e3f5e4f6e075805598b67037d33ee88532ed47c6407c2fefb182f4baceaa1010,bb16846fdb4026dc,VF_01914,1,train
dataset_katarak,train,aug_0_1655_jpeg.rf.7c5ef594e78213caeb815282d2d047ab.jpg,mature,C:\Personal AI & ML PROJECTS\AI IN HEALTHCARE\MY PROJECT E PAARVAI\Dataset Katarak\train\mature\aug_0_1655_jpeg.rf.7c5ef594e78213caeb815282d2d047ab.jpg,3b61bb3f63ebae37961dd4299ebcbae4552c869571c441b00e1912138c1813a6,a6b998766a88b4d6,VF_01916,1,train
dataset_katarak,train,aug_0_1702_jpeg.rf.02ba3ff3943bd42ce2ac3a14fe5f6457.jpg,mature,C:\Personal AI & ML PROJECTS\AI IN HEALTHCARE\MY PROJECT E PAARVAI\Dataset Katarak\train\mature\aug_0_1702_jpeg.rf.02ba3ff3943bd42ce2ac3a14fe5f6457.jpg,bb0e5fc7af6f2e4fb2d9ead1c4add892d726eeff51c0ce2d22822321fbdd4f9a,e08d9f70c03fdcd0,VF_01920,1,train
dataset_katarak,train,aug_0_1721_jpeg.rf.ee97e01002f1e87a62eddba18515c319.jpg,mature,C:\Personal AI & ML PROJECTS\AI IN HEALTHCARE\MY PROJECT E PAARVAI\Dataset Katarak\train\mature\aug_0_1721_jpeg.rf.ee97e01002f1e87a62eddba18515c319.jpg,470b61ea61d577482376b762b614ce119c6a3009a86235ee7aeb05517459ac72,a1739aea379260b9,VF_01921,1,train
dataset_katarak,train,aug_0_175_jpeg.rf.20682cb7a28f3bd91289cd6e31b88174.jpg,mature,C:\Personal AI & ML PROJECTS\AI IN HEALTHCARE\MY PROJECT E PAARVAI\Dataset Katarak\train\mature\aug_0_175_jpeg.rf.20682cb7a28f3bd91289cd6e31b88174.jpg,a68dfa51d9f662d1461c7e0cca305625954840642fb5acd99e159912c036d6ea,e9c1961769e8c6a5,VF_01923,1,train
dataset_katarak,train,aug_0_1777_jpeg.rf.ef7fac72444ef67c9064ced72123c827.jpg,mature,C:\Personal AI & ML PROJECTS\AI IN HEALTHCARE\MY PROJECT E PAARVAI\Dataset Katarak\train\mature\aug_0_1777_jpeg.rf.ef7fac72444ef67c9064ced72123c827.jpg,2f88a778a7f101b10123dd7d2df2a3794f0a843222779a04ed21de1e63a2855e,ead3857afaa1a085,VF_01924,1,train
dataset_katarak,train,aug_0_1785_jpeg.rf.f7a892261e06195406dd3ff3fea18366.jpg,mature,C:\Personal AI & ML PROJECTS\AI IN HEALTHCARE\MY PROJECT E PAARVAI\Dataset Katarak\train\mature\aug_0_1785_jpeg.rf.f7a892261e06195406dd3ff3fea18366.jpg,df78d021634344a4a74be4fd139432770821604d03512c4f98a0d70a78e18a65,b46acbf0f4cbc124,VF_01925,1,train
dataset_katarak,train,aug_0_1808_jpeg.rf.4d60eb270f32d1bb0f44cf32b7f5d2e4.jpg,mature,C:\Personal AI & ML PROJECTS\AI IN HEALTHCARE\MY PROJECT E PAARVAI\Dataset Katarak\train\mature\aug_0_1808_jpeg.rf.4d60eb270f32d1bb0f44cf32b7f5d2e4.jpg,420cde13f6b016efceb761d974a728c4d79b85871a2224a72f64551340156c58,b4cf7024af748b25,VF_01927,1,train
dataset_katarak,train,aug_0_1843_jpeg.rf.ed78a27a05d3b27d312c8980974e1523.jpg,mature,C:\Personal AI & ML PROJECTS\AI IN HEALTHCARE\MY PROJECT E PAARVAI\Dataset Katarak\train\mature\aug_0_1843_jpeg.rf.ed78a27a05d3b27d312c8980974e1523.jpg,d1c0ff98ab5214c7a229cb5f27d05ad712831669f3fab02ecf54b0c7f6740cfe,b57473d38303cc9c,VF_01931,1,train
dataset_katarak,train,aug_0_1858_jpeg.rf.180428845188d1604086f0fc8451305d.jpg,mature,C:\Personal AI & ML PROJECTS\AI IN HEALTHCARE\MY PROJECT E PAARVAI\Dataset Katarak\train\mature\aug_0_1858_jpeg.rf.180428845188d1604086f0fc8451305d.jpg,e85700d601a9364e4a4952e3edd797911e242e498cd46d69a5b4fc76f5f302ae,f93982c39dd86632,VF_01934,1,train
dataset_katarak,train,aug_0_1859_jpeg.rf.340ed57588d528bbf9faa71a473b7ed9.jpg,mature,C:\Personal AI & ML PROJECTS\AI IN HEALTHCARE\MY PROJECT E PAARVAI\Dataset Katarak\train\mature\aug_0_1859_jpeg.rf.340ed57588d528bbf9faa71a473b7ed9.jpg,2a55839eb5c7c3a086d6dc22f5c6aff9f870d5e089d379679960a7fc7a6671de,f270cfc9a0b49e13,VF_01935,1,train
dataset_katarak,train,aug_0_1869_jpeg.rf.42c380f2a282f7cf8db99df269d02593.jpg,mature,C:\Personal AI & ML PROJECTS\AI IN HEALTHCARE\MY PROJECT E PAARVAI\Dataset Katarak\train\mature\aug_0_1869_jpeg.rf.42c380f2a282f7cf8db99df269d02593.jpg,adc7b63f3333fb0e387688c739be60fe2ca01380f3303ad9fd22fc6b16463162,f4b39d65d8906352,VF_01937,1,train
dataset_katarak,train,aug_0_1879_jpeg.rf.5751b9cc2a38ce8eed0b6f86ae3261ee.jpg,mature,C:\Personal AI & ML PROJECTS\AI IN HEALTHCARE\MY PROJECT E PAARVAI\Dataset Katarak\train\mature\aug_0_1879_jpeg.rf.5751b9cc2a38ce8eed0b6f86ae3261ee.jpg,d429a907e2428d6c3db6d55aec6cc58eac2ebd8a354eddbf477478dee52e5500,87659c9861e5b62b,VF_01938,1,train
dataset_katarak,train,aug_0_1895_jpeg.rf.ce0489d7f1075dfb000b759b893da648.jpg,mature,C:\Personal AI & ML PROJECTS\AI IN HEALTHCARE\MY PROJECT E PAARVAI\Dataset Katarak\train\mature\aug_0_1895_jpeg.rf.ce0489d7f1075dfb000b759b893da648.jpg,8f8e065d74ae22e7529349b9feb2ee729824001b1231096e1ae4b54a9f13b6a7,b434cf8b4b4f8c8c,VF_01939,1,train
dataset_katarak,train,aug_0_189_jpeg.rf.93b2b80b8dfcd4472e5d24ae05c3ba96.jpg,mature,C:\Personal AI & ML PROJECTS\AI IN HEALTHCARE\MY PROJECT E PAARVAI\Dataset Katarak\train\mature\aug_0_189_jpeg.rf.93b2b80b8dfcd4472e5d24ae05c3ba96.jpg,728ea5c99698579cc8bc501cd262e8bd1dcb1ab6df63a1a0fa92ac72f1024e29,added2289957c88a,VF_01940,1,train
dataset_katarak,train,aug_0_1991_jpeg.rf.3d08e01707436ed3a1f34b03786d676e.jpg,mature,C:\Personal AI & ML PROJECTS\AI IN HEALTHCARE\MY PROJECT E PAARVAI\Dataset Katarak\train\mature\aug_0_1991_jpeg.rf.3d08e01707436ed3a1f34b03786d676e.jpg,4357e816061f0e70a901737982c0f7fd87dcca23f76587dbaefe18f09dbca9c1,f62598d8f2d4e268,VF_01945,1,train
dataset_katarak,train,aug_0_2024_jpeg.rf.0d63d8ea1bc4ff80958a525e0512d274.jpg,mature,C:\Personal AI & ML PROJECTS\AI IN HEALTHCARE\MY PROJECT E PAARVAI\Dataset Katarak\train\mature\aug_0_2024_jpeg.rf.0d63d8ea1bc4ff80958a525e0512d274.jpg,36ed1a5f6e1e403b990f612a88eda298a34f6196e23c34ab5d0992e9ce82b03e,b9d4d4685847ecd8,VF_01948,1,train
dataset_katarak,train,aug_0_2025_jpeg.rf.533aa14d52ad5785c568dd91b556d7be.jpg,mature,C:\Personal AI & ML PROJECTS\AI IN HEALTHCARE\MY PROJECT E PAARVAI\Dataset Katarak\train\mature\aug_0_2025_jpeg.rf.533aa14d52ad5785c568dd91b556d7be.jpg,45fddca29ed3adca2cbc3c98b9352e22cec8849110ee8663858bbba76a2a6d85,bc94c3023cbfd3d0,VF_01949,1,train
dataset_katarak,train,aug_0_2030_jpeg.rf.80a35ee48123bed9375fb1d96f0ded7d.jpg,mature,C:\Personal AI & ML PROJECTS\AI IN HEALTHCARE\MY PROJECT E PAARVAI\Dataset Katarak\train\mature\aug_0_2030_jpeg.rf.80a35ee48123bed9375fb1d96f0ded7d.jpg,73907454ee6b7f18c606e2ec1a7c76a02449a0df7cb720406247dfb45c1e6789,fb19e3c62cce1982,VF_01951,1,train
dataset_katarak,train,aug_0_2032_jpeg.rf.e90d36294ee200b36c7ec9d5dacabd81.jpg,mature,C:\Personal AI & ML PROJECTS\AI IN HEALTHCARE\MY PROJECT E PAARVAI\Dataset Katarak\train\mature\aug_0_2032_jpeg.rf.e90d36294ee200b36c7ec9d5dacabd81.jpg,439b4e2f5ac460d8ace4d65ea7aa1fcef9f54c66ba2db47e2fc2c1fc501c3918,a861969f87a4f835,VF_01952,1,train
dataset_katarak,train,aug_0_2037_jpeg.rf.5cd7c2a79ebffa7e6474bea682511b79.jpg,mature,C:\Personal AI & ML PROJECTS\AI IN HEALTHCARE\MY PROJECT E PAARVAI\Dataset Katarak\train\mature\aug_0_2037_jpeg.rf.5cd7c2a79ebffa7e6474bea682511b79.jpg,065a6f4a6b08b01d632ce5e5fee46cc4ac1e7c4ffc468a705f9e71639fd85a03,ee81c33f8630af2c,VF_01953,1,train
dataset_katarak,train,aug_0_206_jpeg.rf.8de9154d29d2afa7253e859fbc4af1ce.jpg,mature,C:\Personal AI & ML PROJECTS\AI IN HEALTHCARE\MY PROJECT E PAARVAI\Dataset Katarak\train\mature\aug_0_206_jpeg.rf.8de9154d29d2afa7253e859fbc4af1ce.jpg,b84db94a4b2bd12947d71d7d610f349a5ef7e3809c087591cf99b679725a09ab,a47586da78b0e687,VF_01954,1,train
dataset_katarak,train,aug_0_2091_jpeg.rf.1b61372bdf52c43396a3ca6d7ab36490.jpg,mature,C:\Personal AI & ML PROJECTS\AI IN HEALTHCARE\MY PROJECT E PAARVAI\Dataset Katarak\train\mature\aug_0_2091_jpeg.rf.1b61372bdf52c43396a3ca6d7ab36490.jpg,cf2e4ee56bdfb7bba0ea6455fc5b3bb551643b90f9bc214008e89139f984496d,b316f62c6159d0b9,VF_01955,1,train
dataset_katarak,train,aug_0_2097_jpeg.rf.270e296550a4e0a74246d7f2915a2ac0.jpg,mature,C:\Personal AI & ML PROJECTS\AI IN HEALTHCARE\MY PROJECT E PAARVAI\Dataset Katarak\train\mature\aug_0_2097_jpeg.rf.270e296550a4e0a74246d7f2915a2ac0.jpg,b58fb3f9534bfaa8d4a3a47ff4805b6eb94a17d246ba1f8e16b809402adf9503,939c6867363f1998,VF_01956,1,train
dataset_katarak,train,aug_0_2099_jpeg.rf.977baad853fc9eddcb534ec96761db0a.jpg,mature,C:\Personal AI & ML PROJECTS\AI IN HEALTHCARE\MY PROJECT E PAARVAI\Dataset Katarak\train\mature\aug_0_2099_jpeg.rf.977baad853fc9eddcb534ec96761db0a.jpg,488c5dcf3ff6a3e51e476c08d2a86f1485fce6d41c0e4e7f129aca7d01832380,b46e8bf0244b931f,VF_01957,1,train
dataset_katarak,train,aug_0_2102_jpeg.rf.fca04326685108e782eb84f38b13b907.jpg,mature,C:\Personal AI & ML PROJECTS\AI IN HEALTHCARE\MY PROJECT E PAARVAI\Dataset Katarak\train\mature\aug_0_2102_jpeg.rf.fca04326685108e782eb84f38b13b907.jpg,4fc9f5a67e0763754019d088ef67f3f3d8fae0c1c9e79518257226c5a84b1ee4,9396c84d66633597,VF_01958,1,train
dataset_katarak,train,aug_0_2103_jpeg.rf.d49da25d7b60795c9099fddef6acd242.jpg,mature,C:\Personal AI & ML PROJECTS\AI IN HEALTHCARE\MY PROJECT E PAARVAI\Dataset Katarak\train\mature\aug_0_2103_jpeg.rf.d49da25d7b60795c9099fddef6acd242.jpg,033a35b0da70e9b43197f90e3f2b6aa3b9b67d2191eb70c7b2fbde46e54d4298,a166de6aa9ad161c,VF_01959,1,train
dataset_katarak,train,aug_0_2148_jpeg.rf.c962a44d91e532329a746d2bf9be7ab2.jpg,mature,C:\Personal AI & ML PROJECTS\AI IN HEALTHCARE\MY PROJECT E PAARVAI\Dataset Katarak\train\mature\aug_0_2148_jpeg.rf.c962a44d91e532329a746d2bf9be7ab2.jpg,b12d87246e3838c43ede1742dd4d477a4a1c896aec2f4c5a596fa944cfc40f82,f8cfcd302d05321f,VF_01961,1,train
dataset_katarak,train,aug_0_2195_jpeg.rf.a12829c7c5d03ba91c9f1ba8be78d8ac.jpg,mature,C:\Personal AI & ML PROJECTS\AI IN HEALTHCARE\MY PROJECT E PAARVAI\Dataset Katarak\train\mature\aug_0_2195_jpeg.rf.a12829c7c5d03ba91c9f1ba8be78d8ac.jpg,2b0a6be75db4e980b4e569b87019a159159eb160418ed19e9350c7ef15d19dcd,bb1bccc8c113371e,VF_01966,1,train
dataset_katarak,train,aug_0_2210_jpeg.rf.4a774112b0eb3e5b5899bbac0085e072.jpg,mature,C:\Personal AI & ML PROJECTS\AI IN HEALTHCARE\MY PROJECT E PAARVAI\Dataset Katarak\train\mature\aug_0_2210_jpeg.rf.4a774112b0eb3e5b5899bbac0085e072.jpg,4bd154714063f57fce6b4b1ee858527965207258b42edacebc1c51096c10c285,e69488c8fcc7e256,VF_01968,1,train
dataset_katarak,train,aug_0_2212_jpeg.rf.fd2c1849f76728e9fa912286bf1ceb8d.jpg,mature,C:\Personal AI & ML PROJECTS\AI IN HEALTHCARE\MY PROJECT E PAARVAI\Dataset Katarak\train\mature\aug_0_2212_jpeg.rf.fd2c1849f76728e9fa912286bf1ceb8d.jpg,d3442dc5d59ab2329059fcb600de55c0987ea5a55b36d794026d9c2a5d9d2408,b2c9f22405de09fd,VF_01969,1,train
dataset_katarak,train,aug_0_224_jpeg.rf.d67992520584d3cc4bbfc72743f8ae66.jpg,mature,C:\Personal AI & ML PROJECTS\AI IN HEALTHCARE\MY PROJECT E PAARVAI\Dataset Katarak\train\mature\aug_0_224_jpeg.rf.d67992520584d3cc4bbfc72743f8ae66.jpg,a8d46ca59320e9eb4a2e08a180262bbf111da531808547c0e14c2651e286c099,a03edf70788a26bc,VF_01970,1,train
dataset_katarak,train,aug_0_2258_jpeg.rf.f824bf857686f91caa4381c95e44fc1e.jpg,mature,C:\Personal AI & ML PROJECTS\AI IN HEALTHCARE\MY PROJECT E PAARVAI\Dataset Katarak\train\mature\aug_0_2258_jpeg.rf.f824bf857686f91caa4381c95e44fc1e.jpg,be0d009be42a61c3913388e41b214a44279b073e99637a85cf2ebfe28e554ec9,b7c8e8726d919c2a,VF_01971,1,train
dataset_katarak,train,aug_0_2266_jpeg.rf.26a68447c025043a61e365eca54ba68e.jpg,mature,C:\Personal AI & ML PROJECTS\AI IN HEALTHCARE\MY PROJECT E PAARVAI\Dataset Katarak\train\mature\aug_0_2266_jpeg.rf.26a68447c025043a61e365eca54ba68e.jpg,d11662edc2a0b74fac47fda7b138c2a740d3d52b4e90d3ba4b1ded3b6213c18c,b5dab2055a63d718,VF_01972,1,train
dataset_katarak,train,aug_0_2287_jpeg.rf.8e62c69eb99d3021a08e46da76f5266c.jpg,mature,C:\Personal AI & ML PROJECTS\AI IN HEALTHCARE\MY PROJECT E PAARVAI\Dataset Katarak\train\mature\aug_0_2287_jpeg.rf.8e62c69eb99d3021a08e46da76f5266c.jpg,f67a7e6d51b6926e9a4c3fb60a62f1991883eb4bf6e214fa4091015ccc66a0d7,f525da1a65b5a2c2,VF_01973,1,train
dataset_katarak,train,aug_0_2296_jpeg.rf.92a08f0a6d85cd0dc2e0688aa2aeece5.jpg,mature,C:\Personal AI & ML PROJECTS\AI IN HEALTHCARE\MY PROJECT E PAARVAI\Dataset Katarak\train\mature\aug_0_2296_jpeg.rf.92a08f0a6d85cd0dc2e0688aa2aeece5.jpg,048ab5114d412791e865cdfc95422157cd56bd607e444d359672add573428fe9,eeb1916a949962d6,VF_01974,1,train
dataset_katarak,train,aug_0_2299_jpeg.rf.9e5ee6322d1026bad8e5a87dbb0c3473.jpg,mature,C:\Personal AI & ML PROJECTS\AI IN HEALTHCARE\MY PROJECT E PAARVAI\Dataset Katarak\train\mature\aug_0_2299_jpeg.rf.9e5ee6322d1026bad8e5a87dbb0c3473.jpg,eabb5404e0185accb2c4d8f5a816b5795bcfc159af26f3edcd6d9357b2c6f9e5,f727d8980ce5b28a,VF_01975,1,train
dataset_katarak,train,aug_0_2300_jpeg.rf.dacdc42da8c357600dd4af45f9effcd3.jpg,mature,C:\Personal AI & ML PROJECTS\AI IN HEALTHCARE\MY PROJECT E PAARVAI\Dataset Katarak\train\mature\aug_0_2300_jpeg.rf.dacdc42da8c357600dd4af45f9effcd3.jpg,d351f14cfb7430e922ba033550714afc7d3e3da9c865e72de8bc734dc0485e9c,e1e49e59633a29d8,VF_01976,1,train
dataset_katarak,train,aug_0_2301_jpeg.rf.450faa71ab0081b451d112487e061016.jpg,mature,C:\Personal AI & ML PROJECTS\AI IN HEALTHCARE\MY PROJECT E PAARVAI\Dataset Katarak\train\mature\aug_0_2301_jpeg.rf.450faa71ab0081b451d112487e061016.jpg,03f3f93431a8a5a5e7f5df240b2f0efe28126b5824008cf86e9068549d3511fe,b4cb72248bfcc863,VF_01977,1,train
dataset_katarak,train,aug_0_2314_jpeg.rf.84c5e039b8b4564af162d52b61315f77.jpg,mature,C:\Personal AI & ML PROJECTS\AI IN HEALTHCARE\MY PROJECT E PAARVAI\Dataset Katarak\train\mature\aug_0_2314_jpeg.rf.84c5e039b8b4564af162d52b61315f77.jpg,2b0627710287ab969d4ee1e67f834e537419f6d015039b97857e4cb721d6c0a7,e767ab8450543c57,VF_01978,1,train
dataset_katarak,train,aug_0_2341_jpeg.rf.41e343855e715e5e7c15a5ba5fc3939d.jpg,mature,C:\Personal AI & ML PROJECTS\AI IN HEALTHCARE\MY PROJECT E PAARVAI\Dataset Katarak\train\mature\aug_0_2341_jpeg.rf.41e343855e715e5e7c15a5ba5fc3939d.jpg,add8cc94f7a1d4c0d1b74ef7c506534d87355879e95d05fa5e2ce45571bbe0df,a0cecbb1369dc19c,VF_01980,1,train
dataset_katarak,train,aug_0_235_jpeg.rf.14ca9683b2746c00040f61ffe9c54e96.jpg,mature,C:\Personal AI & ML PROJECTS\AI IN HEALTHCARE\MY PROJECT E PAARVAI\Dataset Katarak\train\mature\aug_0_235_jpeg.rf.14ca9683b2746c00040f61ffe9c54e96.jpg,1d49f30bccbda7cc4a402c2251980ab04d7e569ea61f486d9f900ffd90291b94,b41b8bb4344b3b95,VF_01982,1,train
dataset_katarak,train,aug_0_2374_jpeg.rf.c4ac7a85589261f6e30349632948db62.jpg,mature,C:\Personal AI & ML PROJECTS\AI IN HEALTHCARE\MY PROJECT E PAARVAI\Dataset Katarak\train\mature\aug_0_2374_jpeg.rf.c4ac7a85589261f6e30349632948db62.jpg,3d133f684e8790c5f2a3f7ebaad23d0557e4075b258ad460fae280488952bca2,b0cdf8308df8e171,VF_01984,1,train
dataset_katarak,train,aug_0_237_jpeg.rf.68595f20a2bc3061d714d20c13f52345.jpg,mature,C:\Personal AI & ML PROJECTS\AI IN HEALTHCARE\MY PROJECT E PAARVAI\Dataset Katarak\train\mature\aug_0_237_jpeg.rf.68595f20a2bc3061d714d20c13f52345.jpg,6c2a757b82164b5d15ed3857a47091d607f428b670c4d164ac57d64ef633d263,a79894271ff56342,VF_01985,1,train
dataset_katarak,train,aug_0_240_jpeg.rf.f18f14982b92adac62adc8435e4ef104.jpg,mature,C:\Personal AI & ML PROJECTS\AI IN HEALTHCARE\MY PROJECT E PAARVAI\Dataset Katarak\train\mature\aug_0_240_jpeg.rf.f18f14982b92adac62adc8435e4ef104.jpg,30f4e56362164d52f30b6d49b43dcebcfef39a809c14d6496eb5372c874874cb,e6adc8d4a7419a65,VF_01986,1,train
dataset_katarak,train,aug_0_2521_jpeg.rf.46d23a972bb555229f8aa9f3b6bbbcf3.jpg,mature,C:\Personal AI & ML PROJECTS\AI IN HEALTHCARE\MY PROJECT E PAARVAI\Dataset Katarak\train\mature\aug_0_2521_jpeg.rf.46d23a972bb555229f8aa9f3b6bbbcf3.jpg,5d935db019a62320f1b626504b25fcf4c6181ae92eecfc0a035c11ac133f05d2,ecb8d1c0eeeb6340,VF_01988,1,train
dataset_katarak,train,aug_0_2530_jpeg.rf.e0bed133085f9e5c5d5ed1684d54ed2b.jpg,mature,C:\Personal AI & ML PROJECTS\AI IN HEALTHCARE\MY PROJECT E PAARVAI\Dataset Katarak\train\mature\aug_0_2530_jpeg.rf.e0bed133085f9e5c5d5ed1684d54ed2b.jpg,6bab7184008a5cfb17598d83c7b4f8d7c95ee47345b03f1e11383c9337cb3f87,b2e48dc1909e7f38,VF_01989,1,train
dataset_katarak,train,aug_0_2531_jpeg.rf.64365a4f02e8497414a48566565a6ce0.jpg,mature,C:\Personal AI & ML PROJECTS\AI IN HEALTHCARE\MY PROJECT E PAARVAI\Dataset Katarak\train\mature\aug_0_2531_jpeg.rf.64365a4f02e8497414a48566565a6ce0.jpg,e9b3b73033d547337bc4553dfdd09c05e5b4b115fa95f851da29c374c835dc8f,e9319786b8f8f406,VF_01990,1,train
dataset_katarak,train,aug_0_2549_jpeg.rf.e2fa6609c22c35b86134efd1587d7cf6.jpg,mature,C:\Personal AI & ML PROJECTS\AI IN HEALTHCARE\MY PROJECT E PAARVAI\Dataset Katarak\train\mature\aug_0_2549_jpeg.rf.e2fa6609c22c35b86134efd1587d7cf6.jpg,e2b1984a27b3cfed82bfc0975a9dba7c78534c8c7ae3a6a1b08a07fab6be8d02,b297c94c35b4b6b0,VF_01991,1,train
dataset_katarak,train,aug_0_2554_jpeg.rf.999a09a42411948fee1332e62a0b04b7.jpg,mature,C:\Personal AI & ML PROJECTS\AI IN HEALTHCARE\MY PROJECT E PAARVAI\Dataset Katarak\train\mature\aug_0_2554_jpeg.rf.999a09a42411948fee1332e62a0b04b7.jpg,3d62532988b26ce553315b20327b142c8066d7c177a98cbacf5ce07c30669a24,a16382dd16cd6b5c,VF_01992,1,train
dataset_katarak,train,aug_0_2556_jpeg.rf.45a1e6a4358a4f0af75bb76bdb356eb6.jpg,mature,C:\Personal AI & ML PROJECTS\AI IN HEALTHCARE\MY PROJECT E PAARVAI\Dataset Katarak\train\mature\aug_0_2556_jpeg.rf.45a1e6a4358a4f0af75bb76bdb356eb6.jpg,78c81a2962a94d6cd83dda00c8cb3da479fb94f62fe63240ed2d016333079fee,f636d48d43983e0d,VF_01993,1,train
dataset_katarak,train,aug_0_2577_jpeg.rf.921a4a2762e2352cfae9ea796c02cec2.jpg,mature,C:\Personal AI & ML PROJECTS\AI IN HEALTHCARE\MY PROJECT E PAARVAI\Dataset Katarak\train\mature\aug_0_2577_jpeg.rf.921a4a2762e2352cfae9ea796c02cec2.jpg,2376555ea45436f56ac2d494a995594bdaa2e97f656c3bb2dd15c972d83066d2,b0998f3ed47b81e0,VF_01996,1,train
dataset_katarak,train,aug_0_2610_jpeg.rf.3888b8ea0da8c549882984cbc026e668.jpg,mature,C:\Personal AI & ML PROJECTS\AI IN HEALTHCARE\MY PROJECT E PAARVAI\Dataset Katarak\train\mature\aug_0_2610_jpeg.rf.3888b8ea0da8c549882984cbc026e668.jpg,babd4119639ed52cedaee7c703d9f5f4884e1c0cbef6696bfb2781daef927d64,ecc2d3bb0033ccea,VF_01997,1,train
dataset_katarak,train,aug_0_2616_jpeg.rf.bd71eaea43d86947b45b3dce6379442c.jpg,mature,C:\Personal AI & ML PROJECTS\AI IN HEALTHCARE\MY PROJECT E PAARVAI\Dataset Katarak\train\mature\aug_0_2616_jpeg.rf.bd71eaea43d86947b45b3dce6379442c.jpg,270ed7bafa987f27a0d2d8945f6a8e0dfaa88a27f35c2f80c03676fa34484fd9,a38fcd72a46cd780,VF_01998,1,train
dataset_katarak,train,aug_0_2620_jpeg.rf.75b44630163bea8522365163debc91ef.jpg,mature,C:\Personal AI & ML PROJECTS\AI IN HEALTHCARE\MY PROJECT E PAARVAI\Dataset Katarak\train\mature\aug_0_2620_jpeg.rf.75b44630163bea8522365163debc91ef.jpg,8d7809ebb13c2b05595620ede58d0251528d37ddc9be7f3416407040719677a2,a598dae5f54a620b,VF_01999,1,train
dataset_katarak,train,aug_0_2650_jpeg.rf.dde2193d8a4b2cad0c4a9a6a5a896dba.jpg,mature,C:\Personal AI & ML PROJECTS\AI IN HEALTHCARE\MY PROJECT E PAARVAI\Dataset Katarak\train\mature\aug_0_2650_jpeg.rf.dde2193d8a4b2cad0c4a9a6a5a896dba.jpg,c133ee0b8d2e9ed3b517ff84fb515bed65f0e069efa36204d0d97864fe84af18,a88f9670835bf8ca,VF_02002,1,train
dataset_katarak,train,aug_0_2665_jpeg.rf.47fb9987890d1bf7de3f7366677af1a2.jpg,mature,C:\Personal AI & ML PROJECTS\AI IN HEALTHCARE\MY PROJECT E PAARVAI\Dataset Katarak\train\mature\aug_0_2665_jpeg.rf.47fb9987890d1bf7de3f7366677af1a2.jpg,230d77d13c652523d7802f87bfc8b752c7b1f06b47ede658774d50a959220d63,af4d9c9a6367a428,VF_02004,1,train
dataset_katarak,train,aug_0_2668_jpeg.rf.188aa7c4199fac0108708ba9332dbf49.jpg,mature,C:\Personal AI & ML PROJECTS\AI IN HEALTHCARE\MY PROJECT E PAARVAI\Dataset Katarak\train\mature\aug_0_2668_jpeg.rf.188aa7c4199fac0108708ba9332dbf49.jpg,116b2ae373aa8cdd5f8f67c379aab1c594c4f58674a18f06020876b08f997b7d,b929d69278ace507,VF_02005,1,train
dataset_katarak,train,aug_0_2669_jpeg.rf.50ccc684395b39df1a4331ed4c08ae27.jpg,mature,C:\Personal AI & ML PROJECTS\AI IN HEALTHCARE\MY PROJECT E PAARVAI\Dataset Katarak\train\mature\aug_0_2669_jpeg.rf.50ccc684395b39df1a4331ed4c08ae27.jpg,718bf62588db2fc4d674efa737743ed8eb2cf13447f11e27d6fa1eb94f6d084c,d7d8d8662a3ba234,VF_02006,1,train
dataset_katarak,train,aug_0_2686_jpeg.rf.f8ddbf7b0123480ef3c25aeea8681223.jpg,mature,C:\Personal AI & ML PROJECTS\AI IN HEALTHCARE\MY PROJECT E PAARVAI\Dataset Katarak\train\mature\aug_0_2686_jpeg.rf.f8ddbf7b0123480ef3c25aeea8681223.jpg,8a33eea7f90aa491fa29f5ef37553bd7d22ec0e75ad23f1fa541bf5b6ed94bf5,e1e99ec2f90ac03d,VF_02008,1,train
dataset_katarak,train,aug_0_2689_jpeg.rf.232950d7bcfed320df20b9071d1a5a55.jpg,mature,C:\Personal AI & ML PROJECTS\AI IN HEALTHCARE\MY PROJECT E PAARVAI\Dataset Katarak\train\mature\aug_0_2689_jpeg.rf.232950d7bcfed320df20b9071d1a5a55.jpg,1609d8eb3e9b1045bcd6ae1d338459daaff048f2687db19360475ffbe7813bd9,fe81b22f42ba8e70,VF_02009,1,train
dataset_katarak,train,aug_0_2727_jpeg.rf.b81a11975eb02ee01680e34e2c8915c1.jpg,mature,C:\Personal AI & ML PROJECTS\AI IN HEALTHCARE\MY PROJECT E PAARVAI\Dataset Katarak\train\mature\aug_0_2727_jpeg.rf.b81a11975eb02ee01680e34e2c8915c1.jpg,244e01533c7427080c988621dbe07bc88c17f59cc361b1b594776c8b9086aab2,c1769ccb3394643b,VF_02012,1,train
dataset_katarak,train,aug_0_2743_jpeg.rf.9646ac3c55973f1bc351b8e90a07135e.jpg,mature,C:\Personal AI & ML PROJECTS\AI IN HEALTHCARE\MY PROJECT E PAARVAI\Dataset Katarak\train\mature\aug_0_2743_jpeg.rf.9646ac3c55973f1bc351b8e90a07135e.jpg,dbdc22645dad2d990c8b85742513ccc5cf14cf36e98801d1a1004f9c96671d9d,e3b29c8d6b412c6b,VF_02015,1,train
dataset_katarak,train,aug_0_2757_jpeg.rf.e186a6dc1926142378e7d206b0eb3e33.jpg,mature,C:\Personal AI & ML PROJECTS\AI IN HEALTHCARE\MY PROJECT E PAARVAI\Dataset Katarak\train\mature\aug_0_2757_jpeg.rf.e186a6dc1926142378e7d206b0eb3e33.jpg,86d69606c497c328097b98afc104ff43133edbb1274556edd1b77d4913866e7d,849b8a65cd5a95ad,VF_02017,1,train
dataset_katarak,train,aug_0_2761_jpeg.rf.92a7f92354c67a984a8aa168b0cc287a.jpg,mature,C:\Personal AI & ML PROJECTS\AI IN HEALTHCARE\MY PROJECT E PAARVAI\Dataset Katarak\train\mature\aug_0_2761_jpeg.rf.92a7f92354c67a984a8aa168b0cc287a.jpg,4ff9387f61a3d9e8918d6c5fd0906fc3a8524c3c76c0d9f5dcdf7ed45eee3d67,b4cbcb744bcaac41,VF_02018,1,train
dataset_katarak,train,aug_0_276_jpeg.rf.07f1355613ca21b84bc22b560d89e884.jpg,mature,C:\Personal AI & ML PROJECTS\AI IN HEALTHCARE\MY PROJECT E PAARVAI\Dataset Katarak\train\mature\aug_0_276_jpeg.rf.07f1355613ca21b84bc22b560d89e884.jpg,184f100ed1478001f20bfcaa9e485c202ab81a40a0fc8eb98c4f9a2cd28b6719,fd04d00d2ff8f0d1,VF_02019,1,train
dataset_katarak,train,aug_0_2772_jpeg.rf.18a0beed69876bf2a9057e202537204c.jpg,mature,C:\Personal AI & ML PROJECTS\AI IN HEALTHCARE\MY PROJECT E PAARVAI\Dataset Katarak\train\mature\aug_0_2772_jpeg.rf.18a0beed69876bf2a9057e202537204c.jpg,03db8f66ef5ca408592db0d2ded25d696ccdec2390bf69a4c5456ade1210f752,f58aca34a55a9729,VF_02020,1,train
dataset_katarak,train,aug_0_279_jpeg.rf.151a9de91c38ee6064ad4cdd426ff3b9.jpg,mature,C:\Personal AI & ML PROJECTS\AI IN HEALTHCARE\MY PROJECT E PAARVAI\Dataset Katarak\train\mature\aug_0_279_jpeg.rf.151a9de91c38ee6064ad4cdd426ff3b9.jpg,cffb4703d1ce9bdb1b889b368d2a0952ac9d77b6634b2e939a10ac42b1184d44,f7b8d8c6444aa635,VF_02021,1,train
dataset_katarak,train,aug_0_2801_jpeg.rf.c2e878b914563099fd1c9ac9952ce679.jpg,mature,C:\Personal AI & ML PROJECTS\AI IN HEALTHCARE\MY PROJECT E PAARVAI\Dataset Katarak\train\mature\aug_0_2801_jpeg.rf.c2e878b914563099fd1c9ac9952ce679.jpg,5822de9a32b50495a91fcf71069ca152498c06d1db1d201829d3832eee7a80d9,a6769ac965b198c6,VF_02022,1,train
dataset_katarak,train,aug_0_2811_jpeg.rf.b1e086b5fdeaeee22ca24bfc8adc54de.jpg,mature,C:\Personal AI & ML PROJECTS\AI IN HEALTHCARE\MY PROJECT E PAARVAI\Dataset Katarak\train\mature\aug_0_2811_jpeg.rf.b1e086b5fdeaeee22ca24bfc8adc54de.jpg,cdf4039a96746370426c880885cd0990923402c41d528fc871c3af1f1ece74c1,e09f87688e27a92d,VF_02023,1,train
dataset_katarak,train,aug_0_284_jpeg.rf.60b0b3841c64903cf2647f693b90a0fa.jpg,mature,C:\Personal AI & ML PROJECTS\AI IN HEALTHCARE\MY PROJECT E PAARVAI\Dataset Katarak\train\mature\aug_0_284_jpeg.rf.60b0b3841c64903cf2647f693b90a0fa.jpg,02a41fa66def5a281deaae92a06d0372da0a15f7d12bd3be6278ead93f283a0a,fccc93916c07621f,VF_02025,1,train
dataset_katarak,train,aug_0_2851_jpeg.rf.b2c57e5b2b55b8b2be7d00c1c0a88c48.jpg,mature,C:\Personal AI & ML PROJECTS\AI IN HEALTHCARE\MY PROJECT E PAARVAI\Dataset Katarak\train\mature\aug_0_2851_jpeg.rf.b2c57e5b2b55b8b2be7d00c1c0a88c48.jpg,cfc3c5f896fd7f2ae5a0bea06d9d87c09d3cd8b484b876927e090d2d757e7c21,eb63a6949450bc9b,VF_02026,1,train
dataset_katarak,train,aug_0_2855_jpeg.rf.8212aa169477d900ff0d04ee4be78e46.jpg,mature,C:\Personal AI & ML PROJECTS\AI IN HEALTHCARE\MY PROJECT E PAARVAI\Dataset Katarak\train\mature\aug_0_2855_jpeg.rf.8212aa169477d900ff0d04ee4be78e46.jpg,e5a7ca92b0f09b665bc33e02d600f52d8c8dfdb22bd2bae7891f8446a4917bf0,d070cfcfb83618c3,VF_02027,1,train
dataset_katarak,train,aug_0_2870_jpeg.rf.3f1402a7950c27fb3db41bf4c626bd2f.jpg,mature,C:\Personal AI & ML PROJECTS\AI IN HEALTHCARE\MY PROJECT E PAARVAI\Dataset Katarak\train\mature\aug_0_2870_jpeg.rf.3f1402a7950c27fb3db41bf4c626bd2f.jpg,157d0040b1f8bf4d0261b26e78e54e639917c461c57253aff29b9cabc02cf14f,ac1bc65e68ac8557,VF_02028,1,train
dataset_katarak,train,aug_0_2879_jpeg.rf.df4aa583c078628bb07c936f9d6b24f2.jpg,mature,C:\Personal AI & ML PROJECTS\AI IN HEALTHCARE\MY PROJECT E PAARVAI\Dataset Katarak\train\mature\aug_0_2879_jpeg.rf.df4aa583c078628bb07c936f9d6b24f2.jpg,fc4951eecb36c8e65a8f76e1d1ffbc1fbc8ec407673fcf556a3f7e77d106a90c,abb69c6b6394a08e,VF_02030,1,train
dataset_katarak,train,aug_0_2883_jpeg.rf.d7afb5ceb6f927974fc31171467d5339.jpg,mature,C:\Personal AI & ML PROJECTS\AI IN HEALTHCARE\MY PROJECT E PAARVAI\Dataset Katarak\train\mature\aug_0_2883_jpeg.rf.d7afb5ceb6f927974fc31171467d5339.jpg,deb82b73a41374ad028002dc63a6ac5366150a0a4b8e6d225db5ced01bccce06,b6e3c9d88784791a,VF_02031,1,train
dataset_katarak,train,aug_0_288_jpeg.rf.455193c4a79f0b20bc1610c5f5ea17da.jpg,mature,C:\Personal AI & ML PROJECTS\AI IN HEALTHCARE\MY PROJECT E PAARVAI\Dataset Katarak\train\mature\aug_0_288_jpeg.rf.455193c4a79f0b20bc1610c5f5ea17da.jpg,64d2bedc6a6abe815de42d872d294e5e715315150f6ea09da8d0ced517325002,b636cc8d4d7694b0,VF_02032,1,train
dataset_katarak,train,aug_0_2914_jpeg.rf.8045d6e5166847e64c1cdd833eaa463b.jpg,mature,C:\Personal AI & ML PROJECTS\AI IN HEALTHCARE\MY PROJECT E PAARVAI\Dataset Katarak\train\mature\aug_0_2914_jpeg.rf.8045d6e5166847e64c1cdd833eaa463b.jpg,19782fad2f5642f41b6eb76fd28f16d6503f8a8a398c084ccaab9fe0e6613b18,b4218b3ffcf2c2c0,VF_02033,1,train
dataset_katarak,train,aug_0_291_jpeg.rf.e1d88397329c1faf0fc03345616c7b54.jpg,mature,C:\Personal AI & ML PROJECTS\AI IN HEALTHCARE\MY PROJECT E PAARVAI\Dataset Katarak\train\mature\aug_0_291_jpeg.rf.e1d88397329c1faf0fc03345616c7b54.jpg,d0dcea0852601c03d3ec14adece048655ff44a28f01bed8e506aaa60fdbd2e9e,ab62dc8d5232ca7c,VF_02034,1,train
dataset_katarak,train,aug_0_2923_jpeg.rf.0b6cdfb2b2557d9159463ceb49984a3a.jpg,mature,C:\Personal AI & ML PROJECTS\AI IN HEALTHCARE\MY PROJECT E PAARVAI\Dataset Katarak\train\mature\aug_0_2923_jpeg.rf.0b6cdfb2b2557d9159463ceb49984a3a.jpg,a90f63e597f0fee071070e37d32851ed67fbdae87f1ac1d485f65f8ccb860647,bb45d46a78d164e8,VF_02035,1,train
dataset_katarak,train,aug_0_2928_jpeg.rf.eedb050fa946764f15d7319801ab77a9.jpg,mature,C:\Personal AI & ML PROJECTS\AI IN HEALTHCARE\MY PROJECT E PAARVAI\Dataset Katarak\train\mature\aug_0_2928_jpeg.rf.eedb050fa946764f15d7319801ab77a9.jpg,61930562283dfefb1959b58fc19c08489478de4a31f5503a649813eb26df78d6,e19e96610fac97c2,VF_02036,1,train
dataset_katarak,train,aug_0_292_jpeg.rf.1fb04c3b38fcae5ce22d019680e02b27.jpg,mature,C:\Personal AI & ML PROJECTS\AI IN HEALTHCARE\MY PROJECT E PAARVAI\Dataset Katarak\train\mature\aug_0_292_jpeg.rf.1fb04c3b38fcae5ce22d019680e02b27.jpg,abfcf1672e8074b5f6e6073d75160dee9864072520d1cb903ef06a6fe7b4d7df,e1149e7ce1c1c68f,VF_02037,1,train
dataset_katarak,train,aug_0_2934_jpeg.rf.fc8cfbe38d36f7da87626b2ecad84a21.jpg,mature,C:\Personal AI & ML PROJECTS\AI IN HEALTHCARE\MY PROJECT E PAARVAI\Dataset Katarak\train\mature\aug_0_2934_jpeg.rf.fc8cfbe38d36f7da87626b2ecad84a21.jpg,a3d9f518837b4c3dfe2d1cde4cf1f6c10d73db0ce2bade2b0cee21bba69078ae,c4769b9a1b15251f,VF_02038,1,train
dataset_katarak,train,aug_0_2952_jpeg.rf.52ec6d97ee0d4c452814cef5c1141b15.jpg,mature,C:\Personal AI & ML PROJECTS\AI IN HEALTHCARE\MY PROJECT E PAARVAI\Dataset Katarak\train\mature\aug_0_2952_jpeg.rf.52ec6d97ee0d4c452814cef5c1141b15.jpg,a286786c3c0a3011be612f5e1c005a6bc2eecac36c16d819141b36990d6c14de,e7c0d85960e5e2f4,VF_02040,1,train
dataset_katarak,train,aug_0_2983_jpeg.rf.764b2d2a244647d126f817c8240fe248.jpg,mature,C:\Personal AI & ML PROJECTS\AI IN HEALTHCARE\MY PROJECT E PAARVAI\Dataset Katarak\train\mature\aug_0_2983_jpeg.rf.764b2d2a244647d126f817c8240fe248.jpg,df6ecd930d4f03786ad4db62a68244b213e912ba86bec806d0d5e444a6dc648d,d213cdccb212cf4e,VF_02042,1,train
dataset_katarak,train,aug_0_3004_jpeg.rf.38254aef2cec1b85026f57c489e14982.jpg,mature,C:\Personal AI & ML PROJECTS\AI IN HEALTHCARE\MY PROJECT E PAARVAI\Dataset Katarak\train\mature\aug_0_3004_jpeg.rf.38254aef2cec1b85026f57c489e14982.jpg,ca6bdc4f1596d4576a2d5ea3894a7d449fe37d6eef3c5f7425c7e958b653f7af,b68dad7a844db072,VF_02043,1,train
dataset_katarak,train,aug_0_3017_jpeg.rf.b3aef0041386d81d3f89cad2403f3364.jpg,mature,C:\Personal AI & ML PROJECTS\AI IN HEALTHCARE\MY PROJECT E PAARVAI\Dataset Katarak\train\mature\aug_0_3017_jpeg.rf.b3aef0041386d81d3f89cad2403f3364.jpg,82107fbadb19280d4342a250eebe05b4209305f71c23c80b6414e69ac511de40,b7c8a3047af7d821,VF_02044,1,train
dataset_katarak,train,aug_0_3029_jpeg.rf.a61eee6dd554fe4eb77c6219242beb22.jpg,mature,C:\Personal AI & ML PROJECTS\AI IN HEALTHCARE\MY PROJECT E PAARVAI\Dataset Katarak\train\mature\aug_0_3029_jpeg.rf.a61eee6dd554fe4eb77c6219242beb22.jpg,e7f2e332b43e881eeff80f5a0a9b8a7547c4645e17395958a3dfcfac714ad009,d420cf8f3e64931d,VF_02045,1,train
dataset_katarak,train,aug_0_3047_jpeg.rf.afa509dd2c0e3a861154343b7486f844.jpg,mature,C:\Personal AI & ML PROJECTS\AI IN HEALTHCARE\MY PROJECT E PAARVAI\Dataset Katarak\train\mature\aug_0_3047_jpeg.rf.afa509dd2c0e3a861154343b7486f844.jpg,9da7701f22cade47e531979a2046b32f65280a0c88d1f505319a0af59fe9d5c7,a6769b89cc64b19a,VF_02047,1,train
dataset_katarak,train,aug_0_30_jpeg.rf.d91e118f38863a33072b4d86a56c16d8.jpg,mature,C:\Personal AI & ML PROJECTS\AI IN HEALTHCARE\MY PROJECT E PAARVAI\Dataset Katarak\train\mature\aug_0_30_jpeg.rf.d91e118f38863a33072b4d86a56c16d8.jpg,fbfcee005ed9b01a0ebb12e5af3575586247962e03fc855691558e5ab5d1b656,bb1bccccc813271e,VF_02048,1,train
dataset_katarak,train,aug_0_3145_jpeg.rf.1e39815e75752c92bbc8444fbfa360e5.jpg,mature,C:\Personal AI & ML PROJECTS\AI IN HEALTHCARE\MY PROJECT E PAARVAI\Dataset Katarak\train\mature\aug_0_3145_jpeg.rf.1e39815e75752c92bbc8444fbfa360e5.jpg,525e89c4f6ed4c1c5368ba1ac498c9961e2292281f9ee6fa1156b17f20cc5a24,a25a8d8cd3922d6f,VF_02050,1,train
dataset_katarak,train,aug_0_3154_jpeg.rf.54aa131da4309f539bc1ed80b6f866b8.jpg,mature,C:\Personal AI & ML PROJECTS\AI IN HEALTHCARE\MY PROJECT E PAARVAI\Dataset Katarak\train\mature\aug_0_3154_jpeg.rf.54aa131da4309f539bc1ed80b6f866b8.jpg,12d3df186543e8c74806a1c770a7cf5939695e21f77fca47606f49e64f1fb1e2,f0708f874cdd1fc0,VF_02051,1,train
dataset_katarak,train,aug_0_3156_jpeg.rf.6c9420224896ac6071becb17cbe355a2.jpg,mature,C:\Personal AI & ML PROJECTS\AI IN HEALTHCARE\MY PROJECT E PAARVAI\Dataset Katarak\train\mature\aug_0_3156_jpeg.rf.6c9420224896ac6071becb17cbe355a2.jpg,6475982ffb4bf7aa7318855518f53461acfa1815523eddbb5e602d8a49a70cd7,c7ce9818733b61c3,VF_02052,1,train
dataset_katarak,train,aug_0_3186_jpeg.rf.9aec1a00820ed04a28c906bad947a721.jpg,mature,C:\Personal AI & ML PROJECTS\AI IN HEALTHCARE\MY PROJECT E PAARVAI\Dataset Katarak\train\mature\aug_0_3186_jpeg.rf.9aec1a00820ed04a28c906bad947a721.jpg,f055366801b5dd8d34cdfa69d9cc1eda97414d37899c5e7ad02babb321971b4d,935768d93746992c,VF_02053,1,train
dataset_katarak,train,aug_0_3191_jpeg.rf.7e77410748e0a6d10edd6a9a29d12178.jpg,mature,C:\Personal AI & ML PROJECTS\AI IN HEALTHCARE\MY PROJECT E PAARVAI\Dataset Katarak\train\mature\aug_0_3191_jpeg.rf.7e77410748e0a6d10edd6a9a29d12178.jpg,228b24787a9a9177ffe358eec90c21e9557d0710a0139f88b5afe67e8c12a5cb,9293c948676f3696,VF_02054,1,train
dataset_katarak,train,aug_0_3193_jpeg.rf.7e06b2e8be40d68d93d462bfe45cccd1.jpg,mature,C:\Personal AI & ML PROJECTS\AI IN HEALTHCARE\MY PROJECT E PAARVAI\Dataset Katarak\train\mature\aug_0_3193_jpeg.rf.7e06b2e8be40d68d93d462bfe45cccd1.jpg,7a37c3b1cf13f9e3a89017052794ff2c64bbb51b40298a662424319e74adacd9,ac7cf4970343d394,VF_02055,1,train
dataset_katarak,train,aug_0_3197_jpeg.rf.65a43f3959d49a4dcd33b18c3f2b3823.jpg,mature,C:\Personal AI & ML PROJECTS\AI IN HEALTHCARE\MY PROJECT E PAARVAI\Dataset Katarak\train\mature\aug_0_3197_jpeg.rf.65a43f3959d49a4dcd33b18c3f2b3823.jpg,2314a7d073bf5ea9be435c158e1a35307615c171b979b49dffbad000e2c45050,f3ecc8833f3cd012,VF_02056,1,train
dataset_katarak,train,aug_0_3198_jpeg.rf.a80e419a836c41ace88bbbda57441f5c.jpg,mature,C:\Personal AI & ML PROJECTS\AI IN HEALTHCARE\MY PROJECT E PAARVAI\Dataset Katarak\train\mature\aug_0_3198_jpeg.rf.a80e419a836c41ace88bbbda57441f5c.jpg,f55e0b2075a6a0761734e5c13e15dc475abf929d02beedd126cf3e71e18d9c8d,ef4f90d89de24605,VF_02057,1,train
dataset_katarak,train,aug_0_320_jpeg.rf.3c19984fda987346e94fd679c3fa4fd5.jpg,mature,C:\Personal AI & ML PROJECTS\AI IN HEALTHCARE\MY PROJECT E PAARVAI\Dataset Katarak\train\mature\aug_0_320_jpeg.rf.3c19984fda987346e94fd679c3fa4fd5.jpg,5619523332a531d1663352ed55aa62a3f018c335cba767cbd2061196d182495e,b92ad695da88fc05,VF_02058,1,train
dataset_katarak,train,aug_0_3211_jpeg.rf.52798017c627e5f0e1faba69fa56320e.jpg,mature,C:\Personal AI & ML PROJECTS\AI IN HEALTHCARE\MY PROJECT E PAARVAI\Dataset Katarak\train\mature\aug_0_3211_jpeg.rf.52798017c627e5f0e1faba69fa56320e.jpg,274619f64f05a2625383ca89c03dd5e9545e1ea0edd2ca3b2d3ca4764dfbe143,b3c1df8da894b780,VF_02059,1,train
dataset_katarak,train,aug_0_3213_jpeg.rf.e47b105ac648ed871e49cbe192e0f043.jpg,mature,C:\Personal AI & ML PROJECTS\AI IN HEALTHCARE\MY PROJECT E PAARVAI\Dataset Katarak\train\mature\aug_0_3213_jpeg.rf.e47b105ac648ed871e49cbe192e0f043.jpg,0853c041534ab389f40436c9879192ac840a0b7e4362c432ba3635521d179ba9,ba16e9c9c9a286b5,VF_02060,1,train
dataset_katarak,train,aug_0_3219_jpeg.rf.36be76755a3e529f53055ebe877576c6.jpg,mature,C:\Personal AI & ML PROJECTS\AI IN HEALTHCARE\MY PROJECT E PAARVAI\Dataset Katarak\train\mature\aug_0_3219_jpeg.rf.36be76755a3e529f53055ebe877576c6.jpg,f04695c6a201e43c983cb4f7715a6c6d280bf61c1c6b7aa7ed59a9f6d1728422,b4e48bcbb4b5330a,VF_02061,1,train
dataset_katarak,train,aug_0_3220_jpeg.rf.d34b27cceea97e776bacaaeae7272fd7.jpg,mature,C:\Personal AI & ML PROJECTS\AI IN HEALTHCARE\MY PROJECT E PAARVAI\Dataset Katarak\train\mature\aug_0_3220_jpeg.rf.d34b27cceea97e776bacaaeae7272fd7.jpg,6a051b5d40957bb587ac3d8b5425ff602890823a914222845dcf83cbd2ce37f5,b4b1d75d684a3398,VF_02062,1,train
dataset_katarak,train,aug_0_3309_jpeg.rf.3f817ff2dbc801532dfb0ac791195ce0.jpg,mature,C:\Personal AI & ML PROJECTS\AI IN HEALTHCARE\MY PROJECT E PAARVAI\Dataset Katarak\train\mature\aug_0_3309_jpeg.rf.3f817ff2dbc801532dfb0ac791195ce0.jpg,396b179f923eb4dda0e9799fdc75f129351bfc3b90b3c411f947a26845440985,f588cb35cb5a3468,VF_02063,1,train
dataset_katarak,train,aug_0_3320_jpeg.rf.687a435d90453666fa7415d13254d7c4.jpg,mature,C:\Personal AI & ML PROJECTS\AI IN HEALTHCARE\MY PROJECT E PAARVAI\Dataset Katarak\train\mature\aug_0_3320_jpeg.rf.687a435d90453666fa7415d13254d7c4.jpg,98bd271bca8fb779075ef162cce303fb94c8a7c34dfc7600c0b62ab15a02771b,e1618e969ed989d2,VF_02064,1,train
dataset_katarak,train,aug_0_3327_jpeg.rf.a4939961be39de7698a18dc11b0f3f9f.jpg,mature,C:\Personal AI & ML PROJECTS\AI IN HEALTHCARE\MY PROJECT E PAARVAI\Dataset Katarak\train\mature\aug_0_3327_jpeg.rf.a4939961be39de7698a18dc11b0f3f9f.jpg,77c98bbdbed70e0dff04e60149ec82f995efdb692f81c8ec0c4860fc6205662b,b3c0dc85f216ce33,VF_02066,1,train
dataset_katarak,train,aug_0_333_jpeg.rf.f87934e1ccc5ecbecd45c58b67cdd25a.jpg,mature,C:\Personal AI & ML PROJECTS\AI IN HEALTHCARE\MY PROJECT E PAARVAI\Dataset Katarak\train\mature\aug_0_333_jpeg.rf.f87934e1ccc5ecbecd45c58b67cdd25a.jpg,659c121ef78a09184f9f332507fbc9118f098f5c92ea0f46b520d0de5743d765,e5209a9ef1e5d22a,VF_02067,1,train
dataset_katarak,train,aug_0_3345_jpeg.rf.4d1f45d98b48dc7dc76fe18f3ef59090.jpg,mature,C:\Personal AI & ML PROJECTS\AI IN HEALTHCARE\MY PROJECT E PAARVAI\Dataset Katarak\train\mature\aug_0_3345_jpeg.rf.4d1f45d98b48dc7dc76fe18f3ef59090.jpg,d8a72010cffbf048720802720d497e116c568e00806fc0b7327ee79e663f65b8,a6993f66c89ab14c,VF_02069,1,train
dataset_katarak,train,aug_0_3367_jpeg.rf.b8417e19254b1283e4788a064f617a54.jpg,mature,C:\Personal AI & ML PROJECTS\AI IN HEALTHCARE\MY PROJECT E PAARVAI\Dataset Katarak\train\mature\aug_0_3367_jpeg.rf.b8417e19254b1283e4788a064f617a54.jpg,a7b9fe25e9b23b5fde21dd7ed5108a70c1b218f2a13b0c878d39378d589dba7f,b42ecb8364933b6a,VF_02072,1,train
dataset_katarak,train,aug_0_3371_jpeg.rf.81f81c2cf205d8745c51865da691b863.jpg,mature,C:\Personal AI & ML PROJECTS\AI IN HEALTHCARE\MY PROJECT E PAARVAI\Dataset Katarak\train\mature\aug_0_3371_jpeg.rf.81f81c2cf205d8745c51865da691b863.jpg,2475aaf404cae01aacc0e4cea1c9a5b24ffa6d26f281bddace6d5e22f889e57e,b7c8b2055a7bd50a,VF_02075,1,train
dataset_katarak,train,aug_0_3376_jpeg.rf.d33e1162d177dd515fb0271cb4883313.jpg,mature,C:\Personal AI & ML PROJECTS\AI IN HEALTHCARE\MY PROJECT E PAARVAI\Dataset Katarak\train\mature\aug_0_3376_jpeg.rf.d33e1162d177dd515fb0271cb4883313.jpg,ebdb93cfb3f33b8f93de4d95af9aba4acd21c18e24b573f41a4f628047f51699,b3e5f6f2c036c80a,VF_02076,1,train
dataset_katarak,train,aug_0_3403_jpeg.rf.7a78dcbadd1742abc7fd38ec6c0ecf98.jpg,mature,C:\Personal AI & ML PROJECTS\AI IN HEALTHCARE\MY PROJECT E PAARVAI\Dataset Katarak\train\mature\aug_0_3403_jpeg.rf.7a78dcbadd1742abc7fd38ec6c0ecf98.jpg,a9a7540c5dd5f967364def7b2d8b2ea6e172efa356da6903c5b0fe97dbbed6d9,c3369c6b31d4749a,VF_02078,1,train
dataset_katarak,train,aug_0_3411_jpeg.rf.927d1d917ed6352485b0e0bbe4cb9891.jpg,mature,C:\Personal AI & ML PROJECTS\AI IN HEALTHCARE\MY PROJECT E PAARVAI\Dataset Katarak\train\mature\aug_0_3411_jpeg.rf.927d1d917ed6352485b0e0bbe4cb9891.jpg,57c22ac6fc6a602de30029782e21f69c5cc678d7aef9fc26d01cbc805fc7ab64,ed24c3ded6998c60,VF_02079,1,train
dataset_katarak,train,aug_0_3443_jpeg.rf.d1b6a6ef52d5bc556fac1335778d767c.jpg,mature,C:\Personal AI & ML PROJECTS\AI IN HEALTHCARE\MY PROJECT E PAARVAI\Dataset Katarak\train\mature\aug_0_3443_jpeg.rf.d1b6a6ef52d5bc556fac1335778d767c.jpg,7f58fbfec096e130fe00783a96dfbd68a8fdbf7a601be276c2ea33327042a480,ad53c67ae8a0a596,VF_02080,1,train
dataset_katarak,train,aug_0_3451_jpeg.rf.7ae9ce17e5102be1daf15bddea603fc0.jpg,mature,C:\Personal AI & ML PROJECTS\AI IN HEALTHCARE\MY PROJECT E PAARVAI\Dataset Katarak\train\mature\aug_0_3451_jpeg.rf.7ae9ce17e5102be1daf15bddea603fc0.jpg,88d4d424497a8fa7ab4e22d5fb69971c4d5ca0660312b7d178d8376153a62325,f56bca208d07f616,VF_02083,1,train
dataset_katarak,train,aug_0_3477_jpeg.rf.8ec9602fffc341cc4ee25fce3a127939.jpg,mature,C:\Personal AI & ML PROJECTS\AI IN HEALTHCARE\MY PROJECT E PAARVAI\Dataset Katarak\train\mature\aug_0_3477_jpeg.rf.8ec9602fffc341cc4ee25fce3a127939.jpg,9fbf435ce49fed3d38c4c817b0e4a3b5b63b7790d57dbf24f92a0e6af46ee529,f727cc9868c73d20,VF_02084,1,train
dataset_katarak,train,aug_0_3480_jpeg.rf.0af5d7f81d871f3aba1b8a7a6cf0dd9e.jpg,mature,C:\Personal AI & ML PROJECTS\AI IN HEALTHCARE\MY PROJECT E PAARVAI\Dataset Katarak\train\mature\aug_0_3480_jpeg.rf.0af5d7f81d871f3aba1b8a7a6cf0dd9e.jpg,5485542a6cf405275adc2ccd0ea4120c8dde119598f0ff9960c709d91ebc9b7b,f919f314e66d8911,VF_02085,1,train
dataset_katarak,train,aug_0_3487_jpeg.rf.90d6dd92db92be1909ff9f204dbf4406.jpg,mature,C:\Personal AI & ML PROJECTS\AI IN HEALTHCARE\MY PROJECT E PAARVAI\Dataset Katarak\train\mature\aug_0_3487_jpeg.rf.90d6dd92db92be1909ff9f204dbf4406.jpg,381f95d1aa95b5f5ad3d0974c0968aeaa5c59bb29e75efabab7cdeb251afca01,d420cf9b2ce09b3d,VF_02086,1,train
dataset_katarak,train,aug_0_349_jpeg.rf.d395f2a7754093ed13cdfda8b6ea704c.jpg,mature,C:\Personal AI & ML PROJECTS\AI IN HEALTHCARE\MY PROJECT E PAARVAI\Dataset Katarak\train\mature\aug_0_349_jpeg.rf.d395f2a7754093ed13cdfda8b6ea704c.jpg,d43ecf39e9c8c31c643da6d7e59fa5b5c487c7e13dc7f136600bc2f8709a7187,d2ccc932346fe385,VF_02088,1,train
dataset_katarak,train,aug_0_3501_jpeg.rf.ef657796f0ecedff4ca3dff57a7746d1.jpg,mature,C:\Personal AI & ML PROJECTS\AI IN HEALTHCARE\MY PROJECT E PAARVAI\Dataset Katarak\train\mature\aug_0_3501_jpeg.rf.ef657796f0ecedff4ca3dff57a7746d1.jpg,f61515589c112f4951b17d4f93aa476132beae796ae162c7db825286d5634b64,e69299c9f4674338,VF_02089,1,train
dataset_katarak,train,aug_0_351_jpeg.rf.596cc520cfde4fef53b6cf94fca089de.jpg,mature,C:\Personal AI & ML PROJECTS\AI IN HEALTHCARE\MY PROJECT E PAARVAI\Dataset Katarak\train\mature\aug_0_351_jpeg.rf.596cc520cfde4fef53b6cf94fca089de.jpg,2cebca72f172738bc46d811dc1bbc631afa39435b336012d80e162b54b2b2dc5,d2ccc9323668e38f,VF_02091,1,train
dataset_katarak,train,aug_0_3539_jpeg.rf.51df7c518c9ab4bfe9716592daf208d5.jpg,mature,C:\Personal AI & ML PROJECTS\AI IN HEALTHCARE\MY PROJECT E PAARVAI\Dataset Katarak\train\mature\aug_0_3539_jpeg.rf.51df7c518c9ab4bfe9716592daf208d5.jpg,a5eeb0460315ccb72bb8b7e059840083bd488f1b7037aaec41290f1915a7fef1,f414c9cf3536c968,VF_02092,1,train
dataset_katarak,train,aug_0_354_jpeg.rf.0edb6b518d0be626493d421859984e11.jpg,mature,C:\Personal AI & ML PROJECTS\AI IN HEALTHCARE\MY PROJECT E PAARVAI\Dataset Katarak\train\mature\aug_0_354_jpeg.rf.0edb6b518d0be626493d421859984e11.jpg,540423225e8890c0f9241bb78b1078f97281af54b73debaf4064a4b23d045eb3,e394dc339474ba46,VF_02093,1,train
dataset_katarak,train,aug_0_3557_jpeg.rf.6681e2b6e5ad148609fe581b6ef54e9f.jpg,mature,C:\Personal AI & ML PROJECTS\AI IN HEALTHCARE\MY PROJECT E PAARVAI\Dataset Katarak\train\mature\aug_0_3557_jpeg.rf.6681e2b6e5ad148609fe581b6ef54e9f.jpg,0fba1f9ecc4d0d0658c824a35eb92e157a8bc0e424e9223b6edef407ee419198,f46a8a202ddf72e8,VF_02095,1,train
dataset_katarak,train,aug_0_3559_jpeg.rf.8a6440e9de568717a0e74597a145b67a.jpg,mature,C:\Personal AI & ML PROJECTS\AI IN HEALTHCARE\MY PROJECT E PAARVAI\Dataset Katarak\train\mature\aug_0_3559_jpeg.rf.8a6440e9de568717a0e74597a145b67a.jpg,c64efed659be8da3aeb98d1dd3c73bc17a692a325fe86ba2cfe5b858caea00fc,a2728f4d30e0b797,VF_02096,1,train
dataset_katarak,train,aug_0_357_jpeg.rf.d034c5c2f30df8fe7759e27bba98d8d5.jpg,mature,C:\Personal AI & ML PROJECTS\AI IN HEALTHCARE\MY PROJECT E PAARVAI\Dataset Katarak\train\mature\aug_0_357_jpeg.rf.d034c5c2f30df8fe7759e27bba98d8d5.jpg,cf5798c2d75413118d832d705c6389966e284e121cd4fc2aa9e8dba66338ff99,e5ccda69812e56b4,VF_02097,1,train
dataset_katarak,train,aug_0_3607_jpeg.rf.83255d818459aac27cfa76286bbb125d.jpg,mature,C:\Personal AI & ML PROJECTS\AI IN HEALTHCARE\MY PROJECT E PAARVAI\Dataset Katarak\train\mature\aug_0_3607_jpeg.rf.83255d818459aac27cfa76286bbb125d.jpg,adcaa2fa40daaba022fcd3c6f8cc2d5db047d3fb9ed10007414c84cf11e14be8,ec46d33e2c4473a9,VF_02099,1,train
dataset_katarak,train,aug_0_360_jpeg.rf.02c0e9bc9c2c80e242a13725067f1049.jpg,mature,C:\Personal AI & ML PROJECTS\AI IN HEALTHCARE\MY PROJECT E PAARVAI\Dataset Katarak\train\mature\aug_0_360_jpeg.rf.02c0e9bc9c2c80e242a13725067f1049.jpg,f9dda4b52e0841b734a1dc24bd28df214cdb7859974e396fa2dc80f6b506fefd,b3609cc5f35c4770,VF_02100,1,train
dataset_katarak,train,aug_0_361_jpeg.rf.c8328988168c66a5f8dc17a7f0d743fb.jpg,mature,C:\Personal AI & ML PROJECTS\AI IN HEALTHCARE\MY PROJECT E PAARVAI\Dataset Katarak\train\mature\aug_0_361_jpeg.rf.c8328988168c66a5f8dc17a7f0d743fb.jpg,e9e4d09de08db6e1b8994febb52db9efb60ad572a37895baa866929403cafd4c,e394a37c5483475e,VF_02101,1,train
dataset_katarak,train,aug_0_3631_jpeg.rf.3412c21e5a7a941ee277f44849ffc305.jpg,mature,C:\Personal AI & ML PROJECTS\AI IN HEALTHCARE\MY PROJECT E PAARVAI\Dataset Katarak\train\mature\aug_0_3631_jpeg.rf.3412c21e5a7a941ee277f44849ffc305.jpg,098e030c663516035ac3613c70200609832e6f0547abc99d786f40013f456f56,a6663d99c98c65b2,VF_02102,1,train
dataset_katarak,train,aug_0_3635_jpeg.rf.5d91ba018a664b0ae1acaf6cad2c108c.jpg,mature,C:\Personal AI & ML PROJECTS\AI IN HEALTHCARE\MY PROJECT E PAARVAI\Dataset Katarak\train\mature\aug_0_3635_jpeg.rf.5d91ba018a664b0ae1acaf6cad2c108c.jpg,bad92d653b197b31bdd516466c115089a05cb79f7f3fbd17c10cd5ec4c07c26b,f706d91954b562d2,VF_02104,1,train
dataset_katarak,train,aug_0_3648_jpeg.rf.c6e052df04cedb078319302b09edefc3.jpg,mature,C:\Personal AI & ML PROJECTS\AI IN HEALTHCARE\MY PROJECT E PAARVAI\Dataset Katarak\train\mature\aug_0_3648_jpeg.rf.c6e052df04cedb078319302b09edefc3.jpg,9c47c182d2cccbd79936e9c79bb1090e05ec19159f0a238a6fd4d834c1c3b2bf,b455cb0abcb49356,VF_02105,1,train
dataset_katarak,train,aug_0_3649_jpeg.rf.e868d0a2f578dc3ede00ba0906019518.jpg,mature,C:\Personal AI & ML PROJECTS\AI IN HEALTHCARE\MY PROJECT E PAARVAI\Dataset Katarak\train\mature\aug_0_3649_jpeg.rf.e868d0a2f578dc3ede00ba0906019518.jpg,ad891183430bf6f3720f0775ec3e15075cd96ab67367a849e51db8fb69f35b7c,936cc926e6926d4b,VF_02106,1,train
dataset_katarak,train,aug_0_364_jpeg.rf.b3d8dff289c45e105d64b69b4138b60a.jpg,mature,C:\Personal AI & ML PROJECTS\AI IN HEALTHCARE\MY PROJECT E PAARVAI\Dataset Katarak\train\mature\aug_0_364_jpeg.rf.b3d8dff289c45e105d64b69b4138b60a.jpg,408440af57cca31fa3c461f22484f67d647a17907c65bc38fb6c1c39f6271eec,fda9d0e02f06f02e,VF_02107,1,train
dataset_katarak,train,aug_0_365_jpeg.rf.970f9a041a574195117080b58d5d54e8.jpg,mature,C:\Personal AI & ML PROJECTS\AI IN HEALTHCARE\MY PROJECT E PAARVAI\Dataset Katarak\train\mature\aug_0_365_jpeg.rf.970f9a041a574195117080b58d5d54e8.jpg,4e6a4a4773f6deda5acd6caa13b282a0f0f0e89b6b49ef03b8f33abe95b6ac5f,c49b8a65c75a94ad,VF_02108,1,train
dataset_katarak,train,aug_0_3666_jpeg.rf.9a37d359e45ecfa99afdce0a6653a8cb.jpg,mature,C:\Personal AI & ML PROJECTS\AI IN HEALTHCARE\MY PROJECT E PAARVAI\Dataset Katarak\train\mature\aug_0_3666_jpeg.rf.9a37d359e45ecfa99afdce0a6653a8cb.jpg,6efc6f5bdf46c067a8aa1b69897de11a20976a3d0758b31182e840c95ae6699b,e29dbd2738c4813e,VF_02110,1,train
dataset_katarak,train,aug_0_3679_jpeg.rf.2377bc5f07eb9e045e8580f623e16966.jpg,mature,C:\Personal AI & ML PROJECTS\AI IN HEALTHCARE\MY PROJECT E PAARVAI\Dataset Katarak\train\mature\aug_0_3679_jpeg.rf.2377bc5f07eb9e045e8580f623e16966.jpg,92f0396bcd4bc85d914094b22135dbd6696945df4e3b75a463bc5b9270251c8d,9616c9c9c8c6e46f,VF_02111,1,train
dataset_katarak,train,aug_0_3734_jpeg.rf.43ecfa95f498f2fc0133f3d4c4a30bcf.jpg,mature,C:\Personal AI & ML PROJECTS\AI IN HEALTHCARE\MY PROJECT E PAARVAI\Dataset Katarak\train\mature\aug_0_3734_jpeg.rf.43ecfa95f498f2fc0133f3d4c4a30bcf.jpg,0ec09d9b39e419a9101303b1a2798fa83b5a9642ab3ff8ed964daeda2943dc62,b430f28b4b4fcb94,VF_02114,1,train
dataset_katarak,train,aug_0_3765_jpeg.rf.5bc4ac0ce40c37389e761603d16e7320.jpg,mature,C:\Personal AI & ML PROJECTS\AI IN HEALTHCARE\MY PROJECT E PAARVAI\Dataset Katarak\train\mature\aug_0_3765_jpeg.rf.5bc4ac0ce40c37389e761603d16e7320.jpg,3ad9858853aec412256b0ae3e76261fd27be82c2fe126cceb1325ccc29c50dfe,e161beda1e2bc1c1,VF_02116,1,train
dataset_katarak,train,aug_0_3774_jpeg.rf.9cea87004bd089e8dab887c50836227b.jpg,mature,C:\Personal AI & ML PROJECTS\AI IN HEALTHCARE\MY PROJECT E PAARVAI\Dataset Katarak\train\mature\aug_0_3774_jpeg.rf.9cea87004bd089e8dab887c50836227b.jpg,5bcb7baee108a4276789c73f0c30f54f5800b6ab9a7b80f5505f7b5b31c534ac,ee8a813f2cc2b2ad,VF_02117,1,train
dataset_katarak,train,aug_0_3775_jpeg.rf.0d3aca304106d8dbc1e84075481c482d.jpg,mature,C:\Personal AI & ML PROJECTS\AI IN HEALTHCARE\MY PROJECT E PAARVAI\Dataset Katarak\train\mature\aug_0_3775_jpeg.rf.0d3aca304106d8dbc1e84075481c482d.jpg,cfbc68c00e6051d073ab61d0b2f6dfbba46d8d03a2db7dd65820fc4c96cde31b,b0d48f80f417cbf2,VF_02118,1,train
dataset_katarak,train,aug_0_3785_jpeg.rf.01bd6c71ee1a56ae41a56945ba1df522.jpg,mature,C:\Personal AI & ML PROJECTS\AI IN HEALTHCARE\MY PROJECT E PAARVAI\Dataset Katarak\train\mature\aug_0_3785_jpeg.rf.01bd6c71ee1a56ae41a56945ba1df522.jpg,20d27742da8bfb5e58400cbc5c9aa2523f9ba1ee12cea991d37b498650037451,e93a96e86985c65a,VF_02119,1,train
dataset_katarak,train,aug_0_3787_jpeg.rf.244fe4da2c8f6569356a2e7ea69e2341.jpg,mature,C:\Personal AI & ML PROJECTS\AI IN HEALTHCARE\MY PROJECT E PAARVAI\Dataset Katarak\train\mature\aug_0_3787_jpeg.rf.244fe4da2c8f6569356a2e7ea69e2341.jpg,e919a152e43c4ac8b04f679d3391d6f5ef4d07fa2085f38f08f2aeedd63ab1c3,e363a284dd3f07a1,VF_02120,1,train
dataset_katarak,train,aug_0_3798_jpeg.rf.3df5090ad5116953750e69a4b146a46b.jpg,mature,C:\Personal AI & ML PROJECTS\AI IN HEALTHCARE\MY PROJECT E PAARVAI\Dataset Katarak\train\mature\aug_0_3798_jpeg.rf.3df5090ad5116953750e69a4b146a46b.jpg,82c59b1e37ba7cdebd86880e421e757f93a81938cd57cbe12a0bdbf9e4cf5899,af9898657e54634a,VF_02121,1,train
dataset_katarak,train,aug_0_3799_jpeg.rf.5df3c05849b646c5c7099c4f3458524d.jpg,mature,C:\Personal AI & ML PROJECTS\AI IN HEALTHCARE\MY PROJECT E PAARVAI\Dataset Katarak\train\mature\aug_0_3799_jpeg.rf.5df3c05849b646c5c7099c4f3458524d.jpg,56f520a61b46cf0aeaa1b61c0fe38f0220ae1bbb5e970c399ddb592ca8b22ef5,91dcce204eaf70bc,VF_02122,1,train
dataset_katarak,train,aug_0_3805_jpeg.rf.e700bf4557dedc1c9dfeca22939c33ef.jpg,mature,C:\Personal AI & ML PROJECTS\AI IN HEALTHCARE\MY PROJECT E PAARVAI\Dataset Katarak\train\mature\aug_0_3805_jpeg.rf.e700bf4557dedc1c9dfeca22939c33ef.jpg,a42f8703611a5b707b3ac76d94966c7578206c86835ae32db46b6af91f7f307f,f5cae13552610776,VF_02123,1,train
dataset_katarak,train,aug_0_3821_jpeg.rf.ecf2dd2a1b403ef9b02f02f666120e23.jpg,mature,C:\Personal AI & ML PROJECTS\AI IN HEALTHCARE\MY PROJECT E PAARVAI\Dataset Katarak\train\mature\aug_0_3821_jpeg.rf.ecf2dd2a1b403ef9b02f02f666120e23.jpg,bf3ce30a304208284ef1d9b09a2f44ab194bbe52d2787d20cce5dab76575beaf,abb79c6b6b112c82,VF_02124,1,train
dataset_katarak,train,aug_0_3829_jpeg.rf.00719d89c7353113bd6c528214f3c7d5.jpg,mature,C:\Personal AI & ML PROJECTS\AI IN HEALTHCARE\MY PROJECT E PAARVAI\Dataset Katarak\train\mature\aug_0_3829_jpeg.rf.00719d89c7353113bd6c528214f3c7d5.jpg,490170529296277b10cc05c54e99d3b3ed6755b9bf8eaa89740d3960b60360e0,ba32fbc18905e8ce,VF_02125,1,train
dataset_katarak,train,aug_0_382_jpeg.rf.4181eb10900855efb79fafa9bbdad27b.jpg,mature,C:\Personal AI & ML PROJECTS\AI IN HEALTHCARE\MY PROJECT E PAARVAI\Dataset Katarak\train\mature\aug_0_382_jpeg.rf.4181eb10900855efb79fafa9bbdad27b.jpg,67b6945f659a66ff908b1f8f39603c1c6b3f7d6a2bc5a92410e2bf9cd7c82508,c253cdcc3652cd6c,VF_02126,1,train
dataset_katarak,train,aug_0_3837_jpeg.rf.2b33afa0b17e3987246302c9a66218c4.jpg,mature,C:\Personal AI & ML PROJECTS\AI IN HEALTHCARE\MY PROJECT E PAARVAI\Dataset Katarak\train\mature\aug_0_3837_jpeg.rf.2b33afa0b17e3987246302c9a66218c4.jpg,0f6ff46ce148e1d2dd745a739cc2a22cef180609a4b68fb085aa61b8126989ee,a3538c6c11e1f39e,VF_02128,1,train
dataset_katarak,train,aug_0_3876_jpeg.rf.0b0383dbb8eb3fd8aa5b19847f62ccbf.jpg,mature,C:\Personal AI & ML PROJECTS\AI IN HEALTHCARE\MY PROJECT E PAARVAI\Dataset Katarak\train\mature\aug_0_3876_jpeg.rf.0b0383dbb8eb3fd8aa5b19847f62ccbf.jpg,14dd83dae8e556eb20ab2a7b10506a9f5b1cdbfef98ea1bf0803d0912445f350,aeb3b636f244d828,VF_02129,1,train
dataset_katarak,train,aug_0_3949_jpeg.rf.8b1027fba638ba62ac6fe78691cbe2c0.jpg,mature,C:\Personal AI & ML PROJECTS\AI IN HEALTHCARE\MY PROJECT E PAARVAI\Dataset Katarak\train\mature\aug_0_3949_jpeg.rf.8b1027fba638ba62ac6fe78691cbe2c0.jpg,79763854ade0f157e9a4bc89afff01aeebeebad148863fa05f9909355ff3fd97,f88b8378ec203c9f,VF_02130,1,train
dataset_katarak,train,aug_0_3972_jpeg.rf.94004d6403cb214e209c77e38c6aaaf8.jpg,mature,C:\Personal AI & ML PROJECTS\AI IN HEALTHCARE\MY PROJECT E PAARVAI\Dataset Katarak\train\mature\aug_0_3972_jpeg.rf.94004d6403cb214e209c77e38c6aaaf8.jpg,f4b017aebdcac9c147817fbc5b5ce9c06e86ba58b03f7a635bb73095da0a2af2,a02adb71f84aa3ad,VF_02133,1,train
dataset_katarak,train,aug_0_3996_jpeg.rf.db1b8d11c335de66b4122ce70d37a35c.jpg,mature,C:\Personal AI & ML PROJECTS\AI IN HEALTHCARE\MY PROJECT E PAARVAI\Dataset Katarak\train\mature\aug_0_3996_jpeg.rf.db1b8d11c335de66b4122ce70d37a35c.jpg,168ab03fb4061ad60aeb30996a0a751d0044e47a1a8e0c4ba4a3738211f61af9,af29d0f48e00f52f,VF_02135,1,train
dataset_katarak,train,aug_0_4008_jpeg.rf.dd06278f6fa4403423102d93b6b667e4.jpg,mature,C:\Personal AI & ML PROJECTS\AI IN HEALTHCARE\MY PROJECT E PAARVAI\Dataset Katarak\train\mature\aug_0_4008_jpeg.rf.dd06278f6fa4403423102d93b6b667e4.jpg,419f8c8fa9a6aa84c16e07279258c32e91a724da1a948e1d30bd67f478629559,f8e6cdb0320df990,VF_02136,1,train
dataset_katarak,train,aug_0_4024_jpeg.rf.03bbe142b4789b3181400f0326a1f953.jpg,mature,C:\Personal AI & ML PROJECTS\AI IN HEALTHCARE\MY PROJECT E PAARVAI\Dataset Katarak\train\mature\aug_0_4024_jpeg.rf.03bbe142b4789b3181400f0326a1f953.jpg,c10973ceb0f05dab31df16f473db83d858b4b6e1511eefc0e463f42b9739335e,f0a4d29f88f8e4e8,VF_02137,1,train
dataset_katarak,train,aug_0_4057_jpeg.rf.5fc4a8e96954acc5476eaacc72016c03.jpg,mature,C:\Personal AI & ML PROJECTS\AI IN HEALTHCARE\MY PROJECT E PAARVAI\Dataset Katarak\train\mature\aug_0_4057_jpeg.rf.5fc4a8e96954acc5476eaacc72016c03.jpg,f17e370c1fc6baa1743c3a2e00c87baff1c3021e64213551f43b339653d0981e,ec7e83c08ecda9d0,VF_02138,1,train
dataset_katarak,train,aug_0_4061_jpeg.rf.649435573d26b91b9427008a39f226fe.jpg,mature,C:\Personal AI & ML PROJECTS\AI IN HEALTHCARE\MY PROJECT E PAARVAI\Dataset Katarak\train\mature\aug_0_4061_jpeg.rf.649435573d26b91b9427008a39f226fe.jpg,dd9d7665a7f7d2f044405204ce9c3483446a9be9c3c37023d06bbd277d8c7008,e93897068899ff32,VF_02139,1,train
dataset_katarak,train,aug_0_4068_jpeg.rf.0de16cbe9ce78c8eb16d15439f5b1826.jpg,mature,C:\Personal AI & ML PROJECTS\AI IN HEALTHCARE\MY PROJECT E PAARVAI\Dataset Katarak\train\mature\aug_0_4068_jpeg.rf.0de16cbe9ce78c8eb16d15439f5b1826.jpg,913a0538d32045447e13177dfcb8bbff54e78bc5b43e5e85ae8c1997f27fe97b,c6323dc6639d6c31,VF_02140,1,train
dataset_katarak,train,aug_0_4074_jpeg.rf.c5029939f386ae4585a1319a7c4c65e5.jpg,mature,C:\Personal AI & ML PROJECTS\AI IN HEALTHCARE\MY PROJECT E PAARVAI\Dataset Katarak\train\mature\aug_0_4074_jpeg.rf.c5029939f386ae4585a1319a7c4c65e5.jpg,5d8c02b7fdc82e4dc1a05d6573c1a577b52f77d0ce7792248ad6b4aebb7a9094,e2439a9a5a27c5b5,VF_02142,1,train
dataset_katarak,train,aug_0_4106_jpeg.rf.5e64743a5f50fee41f2012c5a117d93b.jpg,mature,C:\Personal AI & ML PROJECTS\AI IN HEALTHCARE\MY PROJECT E PAARVAI\Dataset Katarak\train\mature\aug_0_4106_jpeg.rf.5e64743a5f50fee41f2012c5a117d93b.jpg,5048f08b707131d4598c47ed97950076d92acbbff5f3c0ef2efc69b17ad7c9c2,b525ca5a96ad4a96,VF_02143,1,train
dataset_katarak,train,aug_0_4111_jpeg.rf.8c0f7c583c1eb961c6c4749b1b194beb.jpg,mature,C:\Personal AI & ML PROJECTS\AI IN HEALTHCARE\MY PROJECT E PAARVAI\Dataset Katarak\train\mature\aug_0_4111_jpeg.rf.8c0f7c583c1eb961c6c4749b1b194beb.jpg,e02c6da1644140bd977b66d1ca4f726371c55698bd7201e6d451d2f64757a348,a99696e94876989b,VF_02144,1,train
dataset_katarak,train,aug_0_4139_jpeg.rf.3079a8a47f109a7e74da6b457b87acb8.jpg,mature,C:\Personal AI & ML PROJECTS\AI IN HEALTHCARE\MY PROJECT E PAARVAI\Dataset Katarak\train\mature\aug_0_4139_jpeg.rf.3079a8a47f109a7e74da6b457b87acb8.jpg,ed5e3b6e9c499a9a34eb11de2878b9e0f989f5ee3c29595bf706d8e2c3103715,ee80d12e0c73b9a7,VF_02147,1,train
dataset_katarak,train,aug_0_4162_jpeg.rf.06a6ec28172fbe695cb46a5f68a18c6e.jpg,mature,C:\Personal AI & ML PROJECTS\AI IN HEALTHCARE\MY PROJECT E PAARVAI\Dataset Katarak\train\mature\aug_0_4162_jpeg.rf.06a6ec28172fbe695cb46a5f68a18c6e.jpg,586320ac1beda3b66241816dc3e583cdb8286a870232ceb945831fcc05d39d3e,c71518c7639e6639,VF_02150,1,train
dataset_katarak,train,aug_0_4169_jpeg.rf.f58a450982966b034c5b13088c8f9aa8.jpg,mature,C:\Personal AI & ML PROJECTS\AI IN HEALTHCARE\MY PROJECT E PAARVAI\Dataset Katarak\train\mature\aug_0_4169_jpeg.rf.f58a450982966b034c5b13088c8f9aa8.jpg,d9e7af7db409eac1bded8ff875e88bcc75deed790383406e12b1eb1dae92aca3,b47ecbf0344bd02c,VF_02151,1,train
dataset_katarak,train,aug_0_4172_jpeg.rf.8c28e8a40e7693a6e90b62cbda1085dc.jpg,mature,C:\Personal AI & ML PROJECTS\AI IN HEALTHCARE\MY PROJECT E PAARVAI\Dataset Katarak\train\mature\aug_0_4172_jpeg.rf.8c28e8a40e7693a6e90b62cbda1085dc.jpg,417af9b10108269953e309572c8eec479a4403ef937c1a6961659f194ecf36a6,f72688de15658e38,VF_02152,1,train
dataset_katarak,train,aug_0_4178_jpeg.rf.b058b9c22b806afe47cf3d7d0381ff77.jpg,mature,C:\Personal AI & ML PROJECTS\AI IN HEALTHCARE\MY PROJECT E PAARVAI\Dataset Katarak\train\mature\aug_0_4178_jpeg.rf.b058b9c22b806afe47cf3d7d0381ff77.jpg,53219816259ac22c044f7595f1aecdf26be5ec542f97574f20ea59a6c8abe297,a2cd9d33644e8c79,VF_02153,1,train
dataset_katarak,train,aug_0_4196_jpeg.rf.78953b76db371e5d13253e2e7e7571b0.jpg,mature,C:\Personal AI & ML PROJECTS\AI IN HEALTHCARE\MY PROJECT E PAARVAI\Dataset Katarak\train\mature\aug_0_4196_jpeg.rf.78953b76db371e5d13253e2e7e7571b0.jpg,03b0822af47ff1c0fea4fb93e55a86f4466ba01cdec7c04ada01a2a45e964716,e11b9ea661d425b6,VF_02154,1,train
dataset_katarak,train,aug_0_4199_jpeg.rf.39775f84315ea50c1c70a07fbe552118.jpg,mature,C:\Personal AI & ML PROJECTS\AI IN HEALTHCARE\MY PROJECT E PAARVAI\Dataset Katarak\train\mature\aug_0_4199_jpeg.rf.39775f84315ea50c1c70a07fbe552118.jpg,63aa348e307341f5a7bc198ec064afd19b1e25fde432a8ff0e9c0d56939b4d33,f0306bcf9c30e4c7,VF_02155,1,train
dataset_katarak,train,aug_0_420_jpeg.rf.cd76a766603a386080f3cf60da135e78.jpg,mature,C:\Personal AI & ML PROJECTS\AI IN HEALTHCARE\MY PROJECT E PAARVAI\Dataset Katarak\train\mature\aug_0_420_jpeg.rf.cd76a766603a386080f3cf60da135e78.jpg,9cfff1e5779698de71a9f896f3727c1cf20c8b69728b97d8a41d0decec95358c,ac9a986578506f6b,VF_02157,1,train
dataset_katarak,train,aug_0_4245_jpeg.rf.4f5186609877c278878fd80cc8c068ed.jpg,mature,C:\Personal AI & ML PROJECTS\AI IN HEALTHCARE\MY PROJECT E PAARVAI\Dataset Katarak\train\mature\aug_0_4245_jpeg.rf.4f5186609877c278878fd80cc8c068ed.jpg,9526101d3c9ac5770f69d368240fbfcc3621b3411e273a154ba75f684f544562,92af6d30b291d1ce,VF_02158,1,train
dataset_katarak,train,aug_0_4247_jpeg.rf.59bc1a0425bf8c033898ca833e908989.jpg,mature,C:\Personal AI & ML PROJECTS\AI IN HEALTHCARE\MY PROJECT E PAARVAI\Dataset Katarak\train\mature\aug_0_4247_jpeg.rf.59bc1a0425bf8c033898ca833e908989.jpg,2aa38a627685e1de3fb9052e5899c0b47efac30a1719ef31fa218815cae2ed65,b9b8d49478ac6517,VF_02159,1,train
dataset_katarak,train,aug_0_4271_jpeg.rf.8c09caa372ce0ad31f1de8839ae11d58.jpg,mature,C:\Personal AI & ML PROJECTS\AI IN HEALTHCARE\MY PROJECT E PAARVAI\Dataset Katarak\train\mature\aug_0_4271_jpeg.rf.8c09caa372ce0ad31f1de8839ae11d58.jpg,a6d2d65de1092018413398ea7d3d9cabaf4917babcdb9bae7dbd3cd981b81455,b2c2dd9f2072166b,VF_02160,1,train
dataset_katarak,train,aug_0_4276_jpeg.rf.9ec1ba2e1d4798050940da7baa14f334.jpg,mature,C:\Personal AI & ML PROJECTS\AI IN HEALTHCARE\MY PROJECT E PAARVAI\Dataset Katarak\train\mature\aug_0_4276_jpeg.rf.9ec1ba2e1d4798050940da7baa14f334.jpg,2d1a8ea47aaeab03f3b70c72adabc8921a84dc750afec0593e8cd9c332cf078f,ee4ca763b258946c,VF_02161,1,train
dataset_katarak,train,aug_0_4279_jpeg.rf.fd8f9bb84025a29a38b483312585c32b.jpg,mature,C:\Personal AI & ML PROJECTS\AI IN HEALTHCARE\MY PROJECT E PAARVAI\Dataset Katarak\train\mature\aug_0_4279_jpeg.rf.fd8f9bb84025a29a38b483312585c32b.jpg,eb97cbc1e7e681736e8a98cb08be1cb599db4732b182ddf0ae066f852246b190,b3c3cc9da132166b,VF_02162,1,train
dataset_katarak,train,aug_0_4296_jpeg.rf.bfa73cee9aec98da84720bb958379cf7.jpg,mature,C:\Personal AI & ML PROJECTS\AI IN HEALTHCARE\MY PROJECT E PAARVAI\Dataset Katarak\train\mature\aug_0_4296_jpeg.rf.bfa73cee9aec98da84720bb958379cf7.jpg,bd1778d31cc6b3171c5960da8528081157056410c96040fac35f7a023f2a5e64,d210cbcd3614cd7d,VF_02164,1,train
dataset_katarak,train,aug_0_4317_jpeg.rf.20b8e035312a05b0b3a9801a37a20a6c.jpg,mature,C:\Personal AI & ML PROJECTS\AI IN HEALTHCARE\MY PROJECT E PAARVAI\Dataset Katarak\train\mature\aug_0_4317_jpeg.rf.20b8e035312a05b0b3a9801a37a20a6c.jpg,e223e37247584344d7adaf7f8c5994d369e7cc76306e6ecd8438c1e6b033a85d,b434a1e9799f86c4,VF_02167,1,train
dataset_katarak,train,aug_0_4320_jpeg.rf.6758a45b256ef55c5f5579edf7782c3c.jpg,mature,C:\Personal AI & ML PROJECTS\AI IN HEALTHCARE\MY PROJECT E PAARVAI\Dataset Katarak\train\mature\aug_0_4320_jpeg.rf.6758a45b256ef55c5f5579edf7782c3c.jpg,70c3abfe567abcca031cb681734de92f0d24508b4f6ea3ad9cf1f74e6e6363f1,fdb1d0b62f04d0ac,VF_02168,1,train
dataset_katarak,train,aug_0_4330_jpeg.rf.4aec12b3b8797a74ccf87c88c9354271.jpg,mature,C:\Personal AI & ML PROJECTS\AI IN HEALTHCARE\MY PROJECT E PAARVAI\Dataset Katarak\train\mature\aug_0_4330_jpeg.rf.4aec12b3b8797a74ccf87c88c9354271.jpg,b6b605733ef5b7783e31573ae1ac66ba43f386fdcfeeab94cea9dc62d91c254b,c6cb9d18333f68e0,VF_02169,1,train
dataset_katarak,train,aug_0_4332_jpeg.rf.9fb0429a8920d3d6155d564d687b3e5a.jpg,mature,C:\Personal AI & ML PROJECTS\AI IN HEALTHCARE\MY PROJECT E PAARVAI\Dataset Katarak\train\mature\aug_0_4332_jpeg.rf.9fb0429a8920d3d6155d564d687b3e5a.jpg,a2cd3a13a2162abcc0aacec477641dcebb5a0b6dc649dc581158b9970a8ff6b4,bb1bc4c0c133377c,VF_02170,1,train
dataset_katarak,train,aug_0_4361_jpeg.rf.f7b27e8b2f37a0c55ec2a9469cdac7d8.jpg,mature,C:\Personal AI & ML PROJECTS\AI IN HEALTHCARE\MY PROJECT E PAARVAI\Dataset Katarak\train\mature\aug_0_4361_jpeg.rf.f7b27e8b2f37a0c55ec2a9469cdac7d8.jpg,338f3e4c96002deda58ef950561b1f3aea6a4f5f90f7f094e9279c078d29854e,a0229f9fb0f0e18f,VF_02172,1,train
dataset_katarak,train,aug_0_4366_jpeg.rf.69e5020f0bb330bd8d23a572838b7bb9.jpg,mature,C:\Personal AI & ML PROJECTS\AI IN HEALTHCARE\MY PROJECT E PAARVAI\Dataset Katarak\train\mature\aug_0_4366_jpeg.rf.69e5020f0bb330bd8d23a572838b7bb9.jpg,5338c603e5b308c995554d6c52cdc4726a6d081ee678a4ca4dad9fa767ae02ed,bae5c572cd48824f,VF_02173,1,train
dataset_katarak,train,aug_0_4369_jpeg.rf.a9b07c42e955f23dec9f21bd99b1a892.jpg,mature,C:\Personal AI & ML PROJECTS\AI IN HEALTHCARE\MY PROJECT E PAARVAI\Dataset Katarak\train\mature\aug_0_4369_jpeg.rf.a9b07c42e955f23dec9f21bd99b1a892.jpg,ba8f3ae011a98e6a8a4eca1241164d8d6d992d3c2ac2ed55c68643894297eebd,fa8fc9322b01b44f,VF_02174,1,train
dataset_katarak,train,aug_0_4371_jpeg.rf.5f56bd16bd4e5d6cb7298d159bded09a.jpg,mature,C:\Personal AI & ML PROJECTS\AI IN HEALTHCARE\MY PROJECT E PAARVAI\Dataset Katarak\train\mature\aug_0_4371_jpeg.rf.5f56bd16bd4e5d6cb7298d159bded09a.jpg,89462b3416ece68cf5d25d56769556ee2a34c391d307a7701778f569604c62d5,b060db0aada973d5,VF_02175,1,train
dataset_katarak,train,aug_0_4408_jpeg.rf.2848c146ffd5589a05b0729673326fad.jpg,mature,C:\Personal AI & ML PROJECTS\AI IN HEALTHCARE\MY PROJECT E PAARVAI\Dataset Katarak\train\mature\aug_0_4408_jpeg.rf.2848c146ffd5589a05b0729673326fad.jpg,1f3081689b9aabe881448d610be38f826f5397b9d1929838addb712e6297bb97,c7ea387363c48696,VF_02177,1,train
dataset_katarak,train,aug_0_440_jpeg.rf.891270bddcb3288651ac91d80b56a62a.jpg,mature,C:\Personal AI & ML PROJECTS\AI IN HEALTHCARE\MY PROJECT E PAARVAI\Dataset Katarak\train\mature\aug_0_440_jpeg.rf.891270bddcb3288651ac91d80b56a62a.jpg,751a916bbb0b797a4df7115887f5967df8629b866b2bf486d80fef5cfbcdf008,b911876c2f9133ba,VF_02178,1,train
dataset_katarak,train,aug_0_4418_jpeg.rf.16c7a5b6e4c1b8fcac1b7da639462950.jpg,mature,C:\Personal AI & ML PROJECTS\AI IN HEALTHCARE\MY PROJECT E PAARVAI\Dataset Katarak\train\mature\aug_0_4418_jpeg.rf.16c7a5b6e4c1b8fcac1b7da639462950.jpg,a05b2f7aeb46eeaae5846819fca05e9dccd5acfdd4f42aff8f8150b9e6a67637,b31af60dc0c9c8f5,VF_02179,1,train
dataset_katarak,train,aug_0_441_jpeg.rf.130774f6d1816fd30c78339157a1c2d5.jpg,mature,C:\Personal AI & ML PROJECTS\AI IN HEALTHCARE\MY PROJECT E PAARVAI\Dataset Katarak\train\mature\aug_0_441_jpeg.rf.130774f6d1816fd30c78339157a1c2d5.jpg,b11b78377e2e1719c9932d82ebbc9a5febd6b1e68d77209c43648b61b0b3380b,b83ac78dc0b78fc0,VF_02180,1,train
dataset_katarak,train,aug_0_4430_jpeg.rf.281e7fd7c877b6b70df53b6cc73b8886.jpg,mature,C:\Personal AI & ML PROJECTS\AI IN HEALTHCARE\MY PROJECT E PAARVAI\Dataset Katarak\train\mature\aug_0_4430_jpeg.rf.281e7fd7c877b6b70df53b6cc73b8886.jpg,80e9044959dcf4e6e2b8594946d5ab0904b5ca55902db1994ebfdc69de468b67,f2ec893136cdc20f,VF_02182,1,train
dataset_katarak,train,aug_0_4439_jpeg.rf.b30cf27f6f4091f2b357ce0f9fc653bf.jpg,mature,C:\Personal AI & ML PROJECTS\AI IN HEALTHCARE\MY PROJECT E PAARVAI\Dataset Katarak\train\mature\aug_0_4439_jpeg.rf.b30cf27f6f4091f2b357ce0f9fc653bf.jpg,f4355668ee40506a240fbc66accc04cf0341880ad2161b6525040f25a0119be9,a071cbcf3622c1ed,VF_02183,1,train
dataset_katarak,train,aug_0_443_jpeg.rf.fe4660cedf2d55693c056ef6b21e0581.jpg,mature,C:\Personal AI & ML PROJECTS\AI IN HEALTHCARE\MY PROJECT E PAARVAI\Dataset Katarak\train\mature\aug_0_443_jpeg.rf.fe4660cedf2d55693c056ef6b21e0581.jpg,206e9f3d535d31f0e5e18f36741b467f9cd7e382f11972538bbc8d9261e66a11,f5888a354b5a356b,VF_02184,1,train
dataset_katarak,train,aug_0_4454_jpeg.rf.7235b1a85940603e472b0ae38477a7ab.jpg,mature,C:\Personal AI & ML PROJECTS\AI IN HEALTHCARE\MY PROJECT E PAARVAI\Dataset Katarak\train\mature\aug_0_4454_jpeg.rf.7235b1a85940603e472b0ae38477a7ab.jpg,636d5912c110eb487dbfe95fa9def0908124b0d44844d79354a93c2470bf9899,a0dd9f60940fc1fc,VF_02185,1,train
dataset_katarak,train,aug_0_4455_jpeg.rf.b009d76456e1f2c01aad1381643b3891.jpg,mature,C:\Personal AI & ML PROJECTS\AI IN HEALTHCARE\MY PROJECT E PAARVAI\Dataset Katarak\train\mature\aug_0_4455_jpeg.rf.b009d76456e1f2c01aad1381643b3891.jpg,3f466f6d0e53cd1bf9fda6ba68a22f3e162cea65566df6d3a4ebfe279cb48096,ba3ad8c5c902379e,VF_02186,1,train
dataset_katarak,train,aug_0_4470_jpeg.rf.90877b88b3111835616e599cfcbb13a2.jpg,mature,C:\Personal AI & ML PROJECTS\AI IN HEALTHCARE\MY PROJECT E PAARVAI\Dataset Katarak\train\mature\aug_0_4470_jpeg.rf.90877b88b3111835616e599cfcbb13a2.jpg,7e9ca6c289093ac3b9c7878c82d5de781ebd4a808734d5e82318fc704826f27d,eb9caa6b94a33c24,VF_02188,1,train
dataset_katarak,train,aug_0_447_jpeg.rf.f9403ceb7f977a514b3acfcd0714bf6f.jpg,mature,C:\Personal AI & ML PROJECTS\AI IN HEALTHCARE\MY PROJECT E PAARVAI\Dataset Katarak\train\mature\aug_0_447_jpeg.rf.f9403ceb7f977a514b3acfcd0714bf6f.jpg,b015ecfced0fcc6a21665c71e4b9486ad269a15f1399a06ce0ec6dcbc8d37b44,e7688a35b5b8e2c1,VF_02189,1,train
dataset_katarak,train,aug_0_4483_jpeg.rf.50845b8232fc07e685f4e4ae5cefc373.jpg,mature,C:\Personal AI & ML PROJECTS\AI IN HEALTHCARE\MY PROJECT E PAARVAI\Dataset Katarak\train\mature\aug_0_4483_jpeg.rf.50845b8232fc07e685f4e4ae5cefc373.jpg,e1a6797a75aa6ac415b0c5400208cb9755da19226d5a5be4a7dc6ddc34b44979,a28d8d93115ffb60,VF_02191,1,train
dataset_katarak,train,aug_0_4498_jpeg.rf.170ab6213242010d2657e8cebf7cc5e4.jpg,mature,C:\Personal AI & ML PROJECTS\AI IN HEALTHCARE\MY PROJECT E PAARVAI\Dataset Katarak\train\mature\aug_0_4498_jpeg.rf.170ab6213242010d2657e8cebf7cc5e4.jpg,2914a11c878925c708d552cb8e5f1d273f8c7702fe7a57e3594489fee36fa0b9,b480cb0ffc34d3d2,VF_02193,1,train
dataset_katarak,train,aug_0_4504_jpeg.rf.d51b157322a7cc9cf913590ea07e5709.jpg,mature,C:\Personal AI & ML PROJECTS\AI IN HEALTHCARE\MY PROJECT E PAARVAI\Dataset Katarak\train\mature\aug_0_4504_jpeg.rf.d51b157322a7cc9cf913590ea07e5709.jpg,6c4faf772db6c3f7b10d1db55885119818fb9377de5a4390099fc786b0235743,fd25c3da529d8d40,VF_02194,1,train
dataset_katarak,train,aug_0_4515_jpeg.rf.f3470de9e066c313825d505b5899da2f.jpg,mature,C:\Personal AI & ML PROJECTS\AI IN HEALTHCARE\MY PROJECT E PAARVAI\Dataset Katarak\train\mature\aug_0_4515_jpeg.rf.f3470de9e066c313825d505b5899da2f.jpg,cc2598916f95cb2590e0bd63f60c34a2b4a21723b76bf03512d2aded580d44d7,f1deda604d1ab229,VF_02195,1,train
dataset_katarak,train,aug_0_4539_jpeg.rf.1c9baa60c7bee3ce8f4ddc1e04879020.jpg,mature,C:\Personal AI & ML PROJECTS\AI IN HEALTHCARE\MY PROJECT E PAARVAI\Dataset Katarak\train\mature\aug_0_4539_jpeg.rf.1c9baa60c7bee3ce8f4ddc1e04879020.jpg,60c29a78d7641a96fbd2dafd6de00723f4a46c3d80bb8afb5749f5749e3e306c,b6b9d8666389964a,VF_02197,1,train
dataset_katarak,train,aug_0_4541_jpeg.rf.35ca8d16af53b166826f341e7ad41528.jpg,mature,C:\Personal AI & ML PROJECTS\AI IN HEALTHCARE\MY PROJECT E PAARVAI\Dataset Katarak\train\mature\aug_0_4541_jpeg.rf.35ca8d16af53b166826f341e7ad41528.jpg,7c2b596514c2967820f79ee8a82790161d1a3a48bd2202f835e04c66068fdd8c,85239e96e9634e96,VF_02198,1,train
dataset_katarak,train,aug_0_4543_jpeg.rf.8612d74fcbbf4ae6f165a3f4d9907eef.jpg,mature,C:\Personal AI & ML PROJECTS\AI IN HEALTHCARE\MY PROJECT E PAARVAI\Dataset Katarak\train\mature\aug_0_4543_jpeg.rf.8612d74fcbbf4ae6f165a3f4d9907eef.jpg,61b8125ee50aa13880c9189a52fe36044fb9be43e8d620db88407bec2cffc4ca,b0e68fc0341e7b78,VF_02199,1,train
dataset_katarak,train,aug_0_4553_jpeg.rf.9dd64fef918b4d4205228f9bdbff66b8.jpg,mature,C:\Personal AI & ML PROJECTS\AI IN HEALTHCARE\MY PROJECT E PAARVAI\Dataset Katarak\train\mature\aug_0_4553_jpeg.rf.9dd64fef918b4d4205228f9bdbff66b8.jpg,88a2ebf73bea8ad14691c493d8c84f882df270fbf382a012c19e3ad54f5bd540,ef63ac94d450b48b,VF_02200,1,train
dataset_katarak,train,aug_0_4560_jpeg.rf.9b1f57bd44d9b8b5a450fb9b852ab87f.jpg,mature,C:\Personal AI & ML PROJECTS\AI IN HEALTHCARE\MY PROJECT E PAARVAI\Dataset Katarak\train\mature\aug_0_4560_jpeg.rf.9b1f57bd44d9b8b5a450fb9b852ab87f.jpg,90a01fc56e0c6a83af63de90b8dc544238acbc26b37eb43ef80bc03d8150f9f7,b2118d3e90617fc7,VF_02201,1,train
dataset_katarak,train,aug_0_4585_jpeg.rf.2ae22da255afacd8879d87bd442baa6b.jpg,mature,C:\Personal AI & ML PROJECTS\AI IN HEALTHCARE\MY PROJECT E PAARVAI\Dataset Katarak\train\mature\aug_0_4585_jpeg.rf.2ae22da255afacd8879d87bd442baa6b.jpg,5f9ee55118ba50e60d50f2f57f4948a9205d205d89218aae713316b759a526a5,d6ccc1676e1e09ca,VF_02202,1,train
dataset_katarak,train,aug_0_4589_jpeg.rf.60ffd3fa9dd4b9a7661e4fcf3c3ea8e1.jpg,mature,C:\Personal AI & ML PROJECTS\AI IN HEALTHCARE\MY PROJECT E PAARVAI\Dataset Katarak\train\mature\aug_0_4589_jpeg.rf.60ffd3fa9dd4b9a7661e4fcf3c3ea8e1.jpg,5fb82e1622c586926ffbf8c7d034ef96319e81ee116184b4bafb247f7cba278e,a9c6c63b092d3eb4,VF_02204,1,train
dataset_katarak,train,aug_0_4601_jpeg.rf.cb0aa6b3accd3ee95bad29f6b3c79771.jpg,mature,C:\Personal AI & ML PROJECTS\AI IN HEALTHCARE\MY PROJECT E PAARVAI\Dataset Katarak\train\mature\aug_0_4601_jpeg.rf.cb0aa6b3accd3ee95bad29f6b3c79771.jpg,087652d9ca081f445ff16119bbe73af785d189dbf9e1e6a4688ccbb04e13371d,a6b0b76758694d4c,VF_02206,1,train
dataset_katarak,train,aug_0_4608_jpeg.rf.9940e5f356e1bf27aaa08983b57e54e4.jpg,mature,C:\Personal AI & ML PROJECTS\AI IN HEALTHCARE\MY PROJECT E PAARVAI\Dataset Katarak\train\mature\aug_0_4608_jpeg.rf.9940e5f356e1bf27aaa08983b57e54e4.jpg,9e65c6cf6d0bdfb5ae590dc4eb01b0693bb403ff0a8e547e9f2041e4b0f88896,e0708f8fecd8bd02,VF_02208,1,train
dataset_katarak,train,aug_0_4631_jpeg.rf.9fe1586003f834a8abd38b7eadf5e45d.jpg,mature,C:\Personal AI & ML PROJECTS\AI IN HEALTHCARE\MY PROJECT E PAARVAI\Dataset Katarak\train\mature\aug_0_4631_jpeg.rf.9fe1586003f834a8abd38b7eadf5e45d.jpg,3380e739a13a920802f78da642b74112290416c1c50b2d8e6d4550fe17faf267,b44bcb28b49593da,VF_02210,1,train
dataset_katarak,train,aug_0_4649_jpeg.rf.850ec20676c1983b231f75cc2bb1574a.jpg,mature,C:\Personal AI & ML PROJECTS\AI IN HEALTHCARE\MY PROJECT E PAARVAI\Dataset Katarak\train\mature\aug_0_4649_jpeg.rf.850ec20676c1983b231f75cc2bb1574a.jpg,080ff592b78005f50feffbe2b52d8f0f81293ca22caa141dd0a853175a819bff,b636e88d4d7c9494,VF_02211,1,train
dataset_katarak,train,aug_0_4650_jpeg.rf.7117d6ec39585059a57a0243ecc4d1aa.jpg,mature,C:\Personal AI & ML PROJECTS\AI IN HEALTHCARE\MY PROJECT E PAARVAI\Dataset Katarak\train\mature\aug_0_4650_jpeg.rf.7117d6ec39585059a57a0243ecc4d1aa.jpg,70f2ed5d3c5d998ca6814bde2fcd6e7a31d6d4f88b60d778f98257a18fed5f51,a999c6c539d2374a,VF_02212,1,train
dataset_katarak,train,aug_0_4654_jpeg.rf.270ae53347620c65ab746fdfc9ea01ea.jpg,mature,C:\Personal AI & ML PROJECTS\AI IN HEALTHCARE\MY PROJECT E PAARVAI\Dataset Katarak\train\mature\aug_0_4654_jpeg.rf.270ae53347620c65ab746fdfc9ea01ea.jpg,2a63a1746ae2f4046556fcae8a941e90b3862697595f4f782f6727eb228b5723,a968d71648cdb966,VF_02213,1,train
dataset_katarak,train,aug_0_46_jpeg.rf.381029610cf9aa221d87d8f040cbf446.jpg,mature,C:\Personal AI & ML PROJECTS\AI IN HEALTHCARE\MY PROJECT E PAARVAI\Dataset Katarak\train\mature\aug_0_46_jpeg.rf.381029610cf9aa221d87d8f040cbf446.jpg,d1d0b0884ed398476e662cf43d85a5c49f513de9977cf6697107a33c2ddf734a,aa9494621ffc635a,VF_02215,1,train
dataset_katarak,train,aug_0_4763_jpeg.rf.c230e6be254f06b9a40ef38c7b902e19.jpg,mature,C:\Personal AI & ML PROJECTS\AI IN HEALTHCARE\MY PROJECT E PAARVAI\Dataset Katarak\train\mature\aug_0_4763_jpeg.rf.c230e6be254f06b9a40ef38c7b902e19.jpg,9e65b5f4d131a7ae147186dac1d5ba924fca62fb6eb47207b082845c01425cb5,a0c09f8bf8a5a3bc,VF_02217,1,train
dataset_katarak,train,aug_0_4768_jpeg.rf.da00f6c925127e68331d642ecbc6353d.jpg,mature,C:\Personal AI & ML PROJECTS\AI IN HEALTHCARE\MY PROJECT E PAARVAI\Dataset Katarak\train\mature\aug_0_4768_jpeg.rf.da00f6c925127e68331d642ecbc6353d.jpg,bb0dbfbb6196192c6be84376c2e7675e554cb9576985262736a3b51ae2f57174,f49dcfc3607c2511,VF_02218,1,train
dataset_katarak,train,aug_0_4773_jpeg.rf.f99d1fe86994940b0511c4d99399e0fa.jpg,mature,C:\Personal AI & ML PROJECTS\AI IN HEALTHCARE\MY PROJECT E PAARVAI\Dataset Katarak\train\mature\aug_0_4773_jpeg.rf.f99d1fe86994940b0511c4d99399e0fa.jpg,a51db97ef07449eb4315fcd65fc38e2ed1939ad30078677196c7f57a1748fdbd,f3e1e233493e1919,VF_02219,1,train
dataset_katarak,train,aug_0_4793_jpeg.rf.c92e924b2da421a02cdab53f058a43dc.jpg,mature,C:\Personal AI & ML PROJECTS\AI IN HEALTHCARE\MY PROJECT E PAARVAI\Dataset Katarak\train\mature\aug_0_4793_jpeg.rf.c92e924b2da421a02cdab53f058a43dc.jpg,6b441132f22f04513851acec5775a49e34a2e7e46532766f31e8e6e9de0a27aa,b4808b3dfc76e2c1,VF_02222,1,train
dataset_katarak,train,aug_0_4797_jpeg.rf.f722dc02e110a754f70dc5b44335623c.jpg,mature,C:\Personal AI & ML PROJECTS\AI IN HEALTHCARE\MY PROJECT E PAARVAI\Dataset Katarak\train\mature\aug_0_4797_jpeg.rf.f722dc02e110a754f70dc5b44335623c.jpg,632e5923682996691c289969bbf8f30370e80b99d8cdf058decc9c42c895d503,f120d38f0de5b2d2,VF_02223,1,train
dataset_katarak,train,aug_0_4834_jpeg.rf.8003bf80117305f195c4450b2f182130.jpg,mature,C:\Personal AI & ML PROJECTS\AI IN HEALTHCARE\MY PROJECT E PAARVAI\Dataset Katarak\train\mature\aug_0_4834_jpeg.rf.8003bf80117305f195c4450b2f182130.jpg,072e776435633decabc2783159d12e859693a313e35a77318288aa7d16a60ca0,d089cb3cb8c93b3c,VF_02224,1,train
dataset_katarak,train,aug_0_4866_jpeg.rf.b04e247e30c7a55f98bf220883b6a5be.jpg,mature,C:\Personal AI & ML PROJECTS\AI IN HEALTHCARE\MY PROJECT E PAARVAI\Dataset Katarak\train\mature\aug_0_4866_jpeg.rf.b04e247e30c7a55f98bf220883b6a5be.jpg,7b1d3a45754f4d26b0b524cfc5c1045b3eac2316b6c8484896d8fdcc320d9fad,e49b8a25c55a95ad,VF_02225,1,train
dataset_katarak,train,aug_0_4896_jpeg.rf.d4097b28504ade1d485eae4136097b66.jpg,mature,C:\Personal AI & ML PROJECTS\AI IN HEALTHCARE\MY PROJECT E PAARVAI\Dataset Katarak\train\mature\aug_0_4896_jpeg.rf.d4097b28504ade1d485eae4136097b66.jpg,d864b54ae444153b8bcb888ea46401eceafc549a0a4c5d591b51dd7bf6184ffc,a09e92601775f9cd,VF_02227,1,train
dataset_katarak,train,aug_0_492_jpeg.rf.b58697ebe21db56d402e4dbcd9c31a15.jpg,mature,C:\Personal AI & ML PROJECTS\AI IN HEALTHCARE\MY PROJECT E PAARVAI\Dataset Katarak\train\mature\aug_0_492_jpeg.rf.b58697ebe21db56d402e4dbcd9c31a15.jpg,60ebb268d324dd0f60dcddab49ce9ce5e700d9e75898816d5be195d5fcb0ee04,a1e086cadcadb2bc,VF_02229,1,train
dataset_katarak,train,aug_0_4935_jpeg.rf.86d8061d53a86a2e3b5cdf18627f7054.jpg,mature,C:\Personal AI & ML PROJECTS\AI IN HEALTHCARE\MY PROJECT E PAARVAI\Dataset Katarak\train\mature\aug_0_4935_jpeg.rf.86d8061d53a86a2e3b5cdf18627f7054.jpg,b1e5dad813b44162401dcabc2f1cae55fcd4fb6c1218b2beaf1c02c40b1b7ca7,92644d9336cb336d,VF_02230,1,train
dataset_katarak,train,aug_0_4936_jpeg.rf.e30859ad96eb4138d4277517fa7a24cb.jpg,mature,C:\Personal AI & ML PROJECTS\AI IN HEALTHCARE\MY PROJECT E PAARVAI\Dataset Katarak\train\mature\aug_0_4936_jpeg.rf.e30859ad96eb4138d4277517fa7a24cb.jpg,950f9bc8d2041afae2c92939377c5af823c6944f368a24891312c64b43cd71d6,e161a6971e5d889d,VF_02231,1,train
dataset_katarak,train,aug_0_4947_jpeg.rf.f7f903b189432b61e8043876be6c73d2.jpg,mature,C:\Personal AI & ML PROJECTS\AI IN HEALTHCARE\MY PROJECT E PAARVAI\Dataset Katarak\train\mature\aug_0_4947_jpeg.rf.f7f903b189432b61e8043876be6c73d2.jpg,1f3af343b0b7d53c979b5415e4f50f726a1abb6c1457cfa41f62d314c6325c8c,d034cfcbbc341e43,VF_02232,1,train
dataset_katarak,train,aug_0_4977_jpeg.rf.c5268c763f280bf3fbf3ba75abce4c16.jpg,mature,C:\Personal AI & ML PROJECTS\AI IN HEALTHCARE\MY PROJECT E PAARVAI\Dataset Katarak\train\mature\aug_0_4977_jpeg.rf.c5268c763f280bf3fbf3ba75abce4c16.jpg,1bda3795316d78c6ee6a22e4d1186c41a274f059cf4318171914f3f960f9abae,a2ed8cb3011f3778,VF_02234,1,train
dataset_katarak,train,aug_0_4980_jpeg.rf.508e2d5340ba66a8fd67394a0c961886.jpg,mature,C:\Personal AI & ML PROJECTS\AI IN HEALTHCARE\MY PROJECT E PAARVAI\Dataset Katarak\train\mature\aug_0_4980_jpeg.rf.508e2d5340ba66a8fd67394a0c961886.jpg,a73eefef83c1e698a19dea5bc1688433e60a8a89122af88ad50605e2d185557e,b8c7c832cdf53641,VF_02235,1,train
dataset_katarak,train,aug_0_4982_jpeg.rf.3095a2a6ebaa3ae9859ff8fcd100e793.jpg,mature,C:\Personal AI & ML PROJECTS\AI IN HEALTHCARE\MY PROJECT E PAARVAI\Dataset Katarak\train\mature\aug_0_4982_jpeg.rf.3095a2a6ebaa3ae9859ff8fcd100e793.jpg,3f5e0ea7c75c0cddd42cce3063915faa31cb9a8d226cb3094516ceb5c36db021,a54d9c9a6367a52a,VF_02236,1,train
dataset_katarak,train,aug_0_4990_jpeg.rf.030c0a9e7d030d1ba7a137aeece10df5.jpg,mature,C:\Personal AI & ML PROJECTS\AI IN HEALTHCARE\MY PROJECT E PAARVAI\Dataset Katarak\train\mature\aug_0_4990_jpeg.rf.030c0a9e7d030d1ba7a137aeece10df5.jpg,f507e83c929ede600767d36415b4a2eaef5dc05b1ef1e6719c49c711abc419eb,f7d8d946451aa235,VF_02238,1,train
dataset_katarak,train,aug_0_5017_jpeg.rf.1cec37d58865602f68c6405b819368cc.jpg,mature,C:\Personal AI & ML PROJECTS\AI IN HEALTHCARE\MY PROJECT E PAARVAI\Dataset Katarak\train\mature\aug_0_5017_jpeg.rf.1cec37d58865602f68c6405b819368cc.jpg,29b75204c8f78fc29165ee5dc1d76dd4e7ec0cf6170b44f6f3cfb75bcbb5ed05,9123df9fd6f06003,VF_02239,1,train
dataset_katarak,train,aug_0_5026_jpeg.rf.9b78b5a7faa945276ec70fa925aa6a46.jpg,mature,C:\Personal AI & ML PROJECTS\AI IN HEALTHCARE\MY PROJECT E PAARVAI\Dataset Katarak\train\mature\aug_0_5026_jpeg.rf.9b78b5a7faa945276ec70fa925aa6a46.jpg,1c5f1a944e9a15e29d656722829b6de359bc69195b967ad79813cbdc8607def5,be36eac18901ead6,VF_02240,1,train
dataset_katarak,train,aug_0_5027_jpeg.rf.d99dc56b630696d8260ce7f17eaf4c0b.jpg,mature,C:\Personal AI & ML PROJECTS\AI IN HEALTHCARE\MY PROJECT E PAARVAI\Dataset Katarak\train\mature\aug_0_5027_jpeg.rf.d99dc56b630696d8260ce7f17eaf4c0b.jpg,8829166b4ad1dbaa4feb1dd8e9c379f83e6fe7b389fac4bec7168fcf88cfe132,a8ac9785fa5ea168,VF_02241,1,train
dataset_katarak,train,aug_0_5029_jpeg.rf.586ea958a1ab9f8f1d0147f62c2fc2bb.jpg,mature,C:\Personal AI & ML PROJECTS\AI IN HEALTHCARE\MY PROJECT E PAARVAI\Dataset Katarak\train\mature\aug_0_5029_jpeg.rf.586ea958a1ab9f8f1d0147f62c2fc2bb.jpg,ae51794102a5929c1fb1eb045fbbfbe23ca04f7aea150891cec2d1be397ad892,f9d620795669813e,VF_02242,1,train
dataset_katarak,train,aug_0_5076_jpeg.rf.c2d1ee52e6878b267194d768004960cf.jpg,mature,C:\Personal AI & ML PROJECTS\AI IN HEALTHCARE\MY PROJECT E PAARVAI\Dataset Katarak\train\mature\aug_0_5076_jpeg.rf.c2d1ee52e6878b267194d768004960cf.jpg,6b817378d30be131fc3dd445e749df9ce9b6ea0de3c13dbc358e7f1bbab48ab1,a2879d34f072638f,VF_02244,1,train
dataset_katarak,train,aug_0_510_jpeg.rf.a335bd3ae3d31ac49336384172564ecd.jpg,mature,C:\Personal AI & ML PROJECTS\AI IN HEALTHCARE\MY PROJECT E PAARVAI\Dataset Katarak\train\mature\aug_0_510_jpeg.rf.a335bd3ae3d31ac49336384172564ecd.jpg,ffe8fbb252f01f91f1ac2bd711843da299ee778adbe576a9461a8d2b63f4b3d9,f03ccbcbe0bc9e10,VF_02246,1,train
dataset_katarak,train,aug_0_511_jpeg.rf.4847068eb88254e0c3198060a69824a3.jpg,mature,C:\Personal AI & ML PROJECTS\AI IN HEALTHCARE\MY PROJECT E PAARVAI\Dataset Katarak\train\mature\aug_0_511_jpeg.rf.4847068eb88254e0c3198060a69824a3.jpg,c049542e239223a37cf8010fedf583bb369a03fcfbeeaef04d46b240c1a604ec,e5abda94a158966a,VF_02248,1,train
dataset_katarak,train,aug_0_5129_jpeg.rf.9fd30316a780ce849b9055409e3d67d8.jpg,mature,C:\Personal AI & ML PROJECTS\AI IN HEALTHCARE\MY PROJECT E PAARVAI\Dataset Katarak\train\mature\aug_0_5129_jpeg.rf.9fd30316a780ce849b9055409e3d67d8.jpg,046111c7ba2c82b3409d96e5c186ee5458f5f3f5ec8fadaa2089bfddde7d8955,e0729f8fc0e0d03f,VF_02249,1,train
dataset_katarak,train,aug_0_5138_jpeg.rf.20273a58e04a958d72632f2c773211a7.jpg,mature,C:\Personal AI & ML PROJECTS\AI IN HEALTHCARE\MY PROJECT E PAARVAI\Dataset Katarak\train\mature\aug_0_5138_jpeg.rf.20273a58e04a958d72632f2c773211a7.jpg,7a89306772d08fcedaeec5a114a16c1a560bd661dec9f58209e89f1ee69dff66,c7173884631bcc7b,VF_02250,1,train
dataset_katarak,train,aug_0_5144_jpeg.rf.c1f249f79d80e65d84245b61c2fb02f9.jpg,mature,C:\Personal AI & ML PROJECTS\AI IN HEALTHCARE\MY PROJECT E PAARVAI\Dataset Katarak\train\mature\aug_0_5144_jpeg.rf.c1f249f79d80e65d84245b61c2fb02f9.jpg,94654489649e551d5d075eb2e5d1e8018c410782e783bf8d52cb4b8aca597057,f434cac835b6e274,VF_02251,1,train
dataset_katarak,train,aug_0_5161_jpeg.rf.be2c54298caef6673bb655d713c10a26.jpg,mature,C:\Personal AI & ML PROJECTS\AI IN HEALTHCARE\MY PROJECT E PAARVAI\Dataset Katarak\train\mature\aug_0_5161_jpeg.rf.be2c54298caef6673bb655d713c10a26.jpg,3b6ec4dff6ecbd4b955346fd10414a67c277ba67a9575138541ab14fc58a8b80,e59b9e65618a9645,VF_02252,1,train
dataset_katarak,train,aug_0_5162_jpeg.rf.e6fc6167237a3547dfcd4721d577dfb8.jpg,mature,C:\Personal AI & ML PROJECTS\AI IN HEALTHCARE\MY PROJECT E PAARVAI\Dataset Katarak\train\mature\aug_0_5162_jpeg.rf.e6fc6167237a3547dfcd4721d577dfb8.jpg,fc52ad9aba76e77a4ebc859f8cb247977cc11828a596f22acf8b85abe9053f71,a864c63a392d37b5,VF_02253,1,train
dataset_katarak,train,aug_0_5170_jpeg.rf.ac07c8811103f3b37acb489dd0db70d7.jpg,mature,C:\Personal AI & ML PROJECTS\AI IN HEALTHCARE\MY PROJECT E PAARVAI\Dataset Katarak\train\mature\aug_0_5170_jpeg.rf.ac07c8811103f3b37acb489dd0db70d7.jpg,89a678251488cd06b839c09709037637e7a5b7b66385348f03baa0fed156b705,a767da1855b562d0,VF_02255,1,train
dataset_katarak,train,aug_0_5205_jpeg.rf.3420ff2dc9893734869d0e475ae9c76f.jpg,mature,C:\Personal AI & ML PROJECTS\AI IN HEALTHCARE\MY PROJECT E PAARVAI\Dataset Katarak\train\mature\aug_0_5205_jpeg.rf.3420ff2dc9893734869d0e475ae9c76f.jpg,bf55dba231f2c22ff434aa376b90f31094d28ebc4d445f74797e982746479dd6,e552ca6ba1969a9a,VF_02257,1,train
dataset_katarak,train,aug_0_5219_jpeg.rf.ed0aee7730ecdb03d478feef8beebabb.jpg,mature,C:\Personal AI & ML PROJECTS\AI IN HEALTHCARE\MY PROJECT E PAARVAI\Dataset Katarak\train\mature\aug_0_5219_jpeg.rf.ed0aee7730ecdb03d478feef8beebabb.jpg,036d3ad6cb3aa3b28c6d5acafd8fd3eb94344291b53da6ae6a60e078d68f63e8,ba3ac58dc8b717c0,VF_02258,1,train
dataset_katarak,train,aug_0_5243_jpeg.rf.410bdfd115acd9e648c6231e4cd644af.jpg,mature,C:\Personal AI & ML PROJECTS\AI IN HEALTHCARE\MY PROJECT E PAARVAI\Dataset Katarak\train\mature\aug_0_5243_jpeg.rf.410bdfd115acd9e648c6231e4cd644af.jpg,99b3dfcb140ab7988978cd92759c6ea8ea7d41e11370b951b3239d665d4d9c05,b812e9cf8d0fa0ea,VF_02259,1,train
dataset_katarak,train,aug_0_5274_jpeg.rf.7e4cb6b4378c0f518aae86f694843209.jpg,mature,C:\Personal AI & ML PROJECTS\AI IN HEALTHCARE\MY PROJECT E PAARVAI\Dataset Katarak\train\mature\aug_0_5274_jpeg.rf.7e4cb6b4378c0f518aae86f694843209.jpg,9cb563fd98c97a3439f4d306b6a6dcf5696563c6a91f6b12b66e4ba648514b8e,b0e68fc1948e3b3a,VF_02264,1,train
dataset_katarak,train,aug_0_5276_jpeg.rf.79e2bb05a9341fb5d1bcc48e0cf59e82.jpg,mature,C:\Personal AI & ML PROJECTS\AI IN HEALTHCARE\MY PROJECT E PAARVAI\Dataset Katarak\train\mature\aug_0_5276_jpeg.rf.79e2bb05a9341fb5d1bcc48e0cf59e82.jpg,9c27f63e3430337c5d164ed72b5df3a457c2c48114cb74a3c488612314a2a6b6,e13bdea5691ec20a,VF_02265,1,train
dataset_katarak,train,aug_0_527_jpeg.rf.c63bcad41a1bf0c8b4b8bd59fc2b06c6.jpg,mature,C:\Personal AI & ML PROJECTS\AI IN HEALTHCARE\MY PROJECT E PAARVAI\Dataset Katarak\train\mature\aug_0_527_jpeg.rf.c63bcad41a1bf0c8b4b8bd59fc2b06c6.jpg,f6eb3f16c6977dca946f6f368031c275fc8854e3eaa02cc85031c6987ff6c481,b63ef6d7012912f0,VF_02266,1,train
dataset_katarak,train,aug_0_5280_jpeg.rf.9f6ad63e98942e58b12cb0f3406a50c9.jpg,mature,C:\Personal AI & ML PROJECTS\AI IN HEALTHCARE\MY PROJECT E PAARVAI\Dataset Katarak\train\mature\aug_0_5280_jpeg.rf.9f6ad63e98942e58b12cb0f3406a50c9.jpg,f1bafc8eb349fb09a53dafaab9b8db4d5681d29520cc9ff699d7fd6fc70058b8,f030cfcbe1ac9e81,VF_02267,1,train
dataset_katarak,train,aug_0_5284_jpeg.rf.cd068cce9646544f4977fd406991c0bc.jpg,mature,C:\Personal AI & ML PROJECTS\AI IN HEALTHCARE\MY PROJECT E PAARVAI\Dataset Katarak\train\mature\aug_0_5284_jpeg.rf.cd068cce9646544f4977fd406991c0bc.jpg,c42a94e0775b43a5d120709437e7a153edc4f65a4ef873b80ed42128f510c0fd,a2729dcc64b199ce,VF_02268,1,train
dataset_katarak,train,aug_0_5287_jpeg.rf.473f17695bd0981f0840e50baba2ed4a.jpg,mature,C:\Personal AI & ML PROJECTS\AI IN HEALTHCARE\MY PROJECT E PAARVAI\Dataset Katarak\train\mature\aug_0_5287_jpeg.rf.473f17695bd0981f0840e50baba2ed4a.jpg,c8b8e45c62fff2d4bce603c2e1beae02b762a12378f6b5573a318d78d6d91249,e56a8a27ad1ef602,VF_02269,1,train
dataset_katarak,train,aug_0_5291_jpeg.rf.e544dfbef0cbce47bc5dd2231446c7b2.jpg,mature,C:\Personal AI & ML PROJECTS\AI IN HEALTHCARE\MY PROJECT E PAARVAI\Dataset Katarak\train\mature\aug_0_5291_jpeg.rf.e544dfbef0cbce47bc5dd2231446c7b2.jpg,95549b047edf3dcda2c9c0d38dac6cfc983257af1026e621ddf53f3edbf7369f,b4cbcf704b88b44b,VF_02270,1,train
dataset_katarak,train,aug_0_5296_jpeg.rf.3aaa18fe2369d8af7738ed789fdfbdbd.jpg,mature,C:\Personal AI & ML PROJECTS\AI IN HEALTHCARE\MY PROJECT E PAARVAI\Dataset Katarak\train\mature\aug_0_5296_jpeg.rf.3aaa18fe2369d8af7738ed789fdfbdbd.jpg,2cdafec088d79b9012ade50202b13696f5234d53eb75518bf6827c64faee1a4c,f5268adee1c58e0a,VF_02271,1,train
dataset_katarak,train,aug_0_5301_jpeg.rf.cc6377eed732157cd37c702f467307b2.jpg,mature,C:\Personal AI & ML PROJECTS\AI IN HEALTHCARE\MY PROJECT E PAARVAI\Dataset Katarak\train\mature\aug_0_5301_jpeg.rf.cc6377eed732157cd37c702f467307b2.jpg,b1398be4c618a8849fe11e0a82f39b9c7467b4d55500e4373a422d6c1fb06333,b4accbd7bc4a9320,VF_02272,1,train
dataset_katarak,train,aug_0_5316_jpeg.rf.714aabbf8d6dbcfb9a7e3500bec3fd55.jpg,mature,C:\Personal AI & ML PROJECTS\AI IN HEALTHCARE\MY PROJECT E PAARVAI\Dataset Katarak\train\mature\aug_0_5316_jpeg.rf.714aabbf8d6dbcfb9a7e3500bec3fd55.jpg,6912d654c195c8296d896411fcbb7387b51d2511e39647f0e94d8f93c4478624,b0cde830aff0e133,VF_02273,1,train
dataset_katarak,train,aug_0_531_jpeg.rf.0754c5b9d4e7fabdc13da0b52fcb0e6e.jpg,mature,C:\Personal AI & ML PROJECTS\AI IN HEALTHCARE\MY PROJECT E PAARVAI\Dataset Katarak\train\mature\aug_0_531_jpeg.rf.0754c5b9d4e7fabdc13da0b52fcb0e6e.jpg,ac41a5ee78d6fc0eaa3be75ef5ea5914a2e5ce7d62612bc023e7fc91793333e0,ae4ca741b338dce4,VF_02274,1,train
dataset_katarak,train,aug_0_5379_jpeg.rf.2af74729587523632da8df87549548d8.jpg,mature,C:\Personal AI & ML PROJECTS\AI IN HEALTHCARE\MY PROJECT E PAARVAI\Dataset Katarak\train\mature\aug_0_5379_jpeg.rf.2af74729587523632da8df87549548d8.jpg,8a5996b11d9deb7b15f889cf3b3f714a0b0a2373d8565b1cd6f395775607d916,a072cf8b90b0d97e,VF_02275,1,train
dataset_katarak,train,aug_0_5393_jpeg.rf.0444036d88ffbd9e5df629bd8acaca96.jpg,mature,C:\Personal AI & ML PROJECTS\AI IN HEALTHCARE\MY PROJECT E PAARVAI\Dataset Katarak\train\mature\aug_0_5393_jpeg.rf.0444036d88ffbd9e5df629bd8acaca96.jpg,a447d9c6ff536647b781e65689e146aa03279fe8870ecfd035ad05c7a72f92f6,b32fdc78e2e88a44,VF_02277,1,train
dataset_katarak,train,aug_0_5400_jpeg.rf.0e6fb9d37bfe59721c452f56fc86b024.jpg,mature,C:\Personal AI & ML PROJECTS\AI IN HEALTHCARE\MY PROJECT E PAARVAI\Dataset Katarak\train\mature\aug_0_5400_jpeg.rf.0e6fb9d37bfe59721c452f56fc86b024.jpg,3e553e9fa6a45db416f9f884082723d020aa294a9019eb4fe185b74ee9b97b43,e5348e5a38f8e683,VF_02278,1,train
dataset_katarak,train,aug_0_545_jpeg.rf.677778aad0ff88a3c2c5aafcd8329e86.jpg,mature,C:\Personal AI & ML PROJECTS\AI IN HEALTHCARE\MY PROJECT E PAARVAI\Dataset Katarak\train\mature\aug_0_545_jpeg.rf.677778aad0ff88a3c2c5aafcd8329e86.jpg,65059626ad3a2a10c91894c87823e642f31a61f81a39222730d8bc598d304165,f3c0dc87e21e88ab,VF_02279,1,train
dataset_katarak,train,aug_0_5485_jpeg.rf.d597eb05bbb5afbe2d5ad8bf647c766c.jpg,mature,C:\Personal AI & ML PROJECTS\AI IN HEALTHCARE\MY PROJECT E PAARVAI\Dataset Katarak\train\mature\aug_0_5485_jpeg.rf.d597eb05bbb5afbe2d5ad8bf647c766c.jpg,b6ddf1fa40591b126196c00dd464a624f5b53002cda130491b0e2c7f66782886,e08d9fe08b271e3c,VF_02280,1,train
dataset_katarak,train,aug_0_5504_jpeg.rf.1ebb935eb58530433cfa6761f4049863.jpg,mature,C:\Personal AI & ML PROJECTS\AI IN HEALTHCARE\MY PROJECT E PAARVAI\Dataset Katarak\train\mature\aug_0_5504_jpeg.rf.1ebb935eb58530433cfa6761f4049863.jpg,ca07ef66d38c72490c8ed24eb03b5fba696dabe4be344f8c6678cabdbae5d4a6,b26e8bf0244bb65c,VF_02281,1,train
dataset_katarak,train,aug_0_5505_jpeg.rf.fa68f04131ed83669d68b9c199aaaae2.jpg,mature,C:\Personal AI & ML PROJECTS\AI IN HEALTHCARE\MY PROJECT E PAARVAI\Dataset Katarak\train\mature\aug_0_5505_jpeg.rf.fa68f04131ed83669d68b9c199aaaae2.jpg,2451617120930f422889e5ef34699aa6fc56f334c9962b043357d7f8b29f9da1,a1dade611c1e61bc,VF_02282,1,train
dataset_katarak,train,aug_0_5514_jpeg.rf.a04a4c95f212f8f9620ca963d42fa891.jpg,mature,C:\Personal AI & ML PROJECTS\AI IN HEALTHCARE\MY PROJECT E PAARVAI\Dataset Katarak\train\mature\aug_0_5514_jpeg.rf.a04a4c95f212f8f9620ca963d42fa891.jpg,c05c2cc7b0d3dd87eb08d33df7cd899f02adea3df6e1b41881c86fbd95774476,d2cdc932364de385,VF_02283,1,train
dataset_katarak,train,aug_0_5530_jpeg.rf.dfc1e51e36d346c26154a7ac0df26cc6.jpg,mature,C:\Personal AI & ML PROJECTS\AI IN HEALTHCARE\MY PROJECT E PAARVAI\Dataset Katarak\train\mature\aug_0_5530_jpeg.rf.dfc1e51e36d346c26154a7ac0df26cc6.jpg,8c4c4c544cbb8eb3ecaec0060003f27732b0c4a774540de40b822ab24025a6da,f632f4cf4390728c,VF_02284,1,train
dataset_katarak,train,aug_0_5584_jpeg.rf.e26207a79538725c021e200c7f7e7bdd.jpg,mature,C:\Personal AI & ML PROJECTS\AI IN HEALTHCARE\MY PROJECT E PAARVAI\Dataset Katarak\train\mature\aug_0_5584_jpeg.rf.e26207a79538725c021e200c7f7e7bdd.jpg,3353ba65411d7050aefe71a3f623e27e645699da9a84d57a222837f8a9d7557c,c6363dcd63994c32,VF_02289,1,train
dataset_katarak,train,aug_0_5590_jpeg.rf.50a10097bf90f5f79ad863a819cf99ad.jpg,mature,C:\Personal AI & ML PROJECTS\AI IN HEALTHCARE\MY PROJECT E PAARVAI\Dataset Katarak\train\mature\aug_0_5590_jpeg.rf.50a10097bf90f5f79ad863a819cf99ad.jpg,e02ededb56f1cd22a0524be1fbb2b8a3c1ea92cf88afe6ed22dc8f10e8d6bbcd,fd1692092ff8f0d0,VF_02290,1,train
dataset_katarak,train,aug_0_5643_jpeg.rf.c5d8cbe98eb2ecf6ce59d47441462f60.jpg,mature,C:\Personal AI & ML PROJECTS\AI IN HEALTHCARE\MY PROJECT E PAARVAI\Dataset Katarak\train\mature\aug_0_5643_jpeg.rf.c5d8cbe98eb2ecf6ce59d47441462f60.jpg,df13bdf5e42a471746de199e8f6e2135ee8b185851de064f0a5ed98e6294c040,a64699896a56b5b9,VF_02292,1,train
dataset_katarak,train,aug_0_5645_jpeg.rf.8e60f0a1194b87a4897b097427d9f4a4.jpg,mature,C:\Personal AI & ML PROJECTS\AI IN HEALTHCARE\MY PROJECT E PAARVAI\Dataset Katarak\train\mature\aug_0_5645_jpeg.rf.8e60f0a1194b87a4897b097427d9f4a4.jpg,f3c581dd2271673b0a007ec3965f5470b65d5cc644464cf770972f7f23c4ecfb,839994226b4bdc9f,VF_02293,1,train
dataset_katarak,train,aug_0_5659_jpeg.rf.4d88414d474fb35bbdef0c75bd6fdc93.jpg,mature,C:\Personal AI & ML PROJECTS\AI IN HEALTHCARE\MY PROJECT E PAARVAI\Dataset Katarak\train\mature\aug_0_5659_jpeg.rf.4d88414d474fb35bbdef0c75bd6fdc93.jpg,a3a98373f2f0732164236011f3283a27b805e137206afce80741bfe52c1a43a0,f26ecde0022d2f27,VF_02294,1,train
dataset_katarak,train,aug_0_5660_jpeg.rf.2a550e2c732e4fe8eee682df656f3329.jpg,mature,C:\Personal AI & ML PROJECTS\AI IN HEALTHCARE\MY PROJECT E PAARVAI\Dataset Katarak\train\mature\aug_0_5660_jpeg.rf.2a550e2c732e4fe8eee682df656f3329.jpg,555c6971a54748271d18c9d258db028fd30b74ccd347e38d6534c5e5e6befffd,e1b0de1e61a06e1f,VF_02295,1,train
dataset_katarak,train,aug_0_5674_jpeg.rf.11d8f2cc8966907860b7ffd1e88a1aeb.jpg,mature,C:\Personal AI & ML PROJECTS\AI IN HEALTHCARE\MY PROJECT E PAARVAI\Dataset Katarak\train\mature\aug_0_5674_jpeg.rf.11d8f2cc8966907860b7ffd1e88a1aeb.jpg,2d0699e3e2212881c1203450b1b6ab4ecc4bce8b6568005b40e58b17a5b736d1,87f9986663f81946,VF_02296,1,train
dataset_katarak,train,aug_0_567_jpeg.rf.be9e70c55d80c2aaecddaab83ffa9a2e.jpg,mature,C:\Personal AI & ML PROJECTS\AI IN HEALTHCARE\MY PROJECT E PAARVAI\Dataset Katarak\train\mature\aug_0_567_jpeg.rf.be9e70c55d80c2aaecddaab83ffa9a2e.jpg,961c0cc78a1f4dd95bd5a62eaf0dff0954c54d8c0ec3bc8313b5f717519edbe9,8b749aca6f31c668,VF_02297,1,train
dataset_katarak,train,aug_0_5713_jpeg.rf.f21751c8a5338992f243beae3f69a501.jpg,mature,C:\Personal AI & ML PROJECTS\AI IN HEALTHCARE\MY PROJECT E PAARVAI\Dataset Katarak\train\mature\aug_0_5713_jpeg.rf.f21751c8a5338992f243beae3f69a501.jpg,4a3eea73bd1970d384100b30350676541883534f501b4a0e2df13322100e4897,e565ad8c4a5234de,VF_02298,1,train
dataset_katarak,train,aug_0_5727_jpeg.rf.428cf06720c257c8e76c42d074dc49da.jpg,mature,C:\Personal AI & ML PROJECTS\AI IN HEALTHCARE\MY PROJECT E PAARVAI\Dataset Katarak\train\mature\aug_0_5727_jpeg.rf.428cf06720c257c8e76c42d074dc49da.jpg,fff886bd79a003b6e5613a4d7bc89999f40834c96a24241e5de8abc5d6289ed2,e798af7350ab3c20,VF_02300,1,train
dataset_katarak,train,aug_0_5734_jpeg.rf.27d8f7190c704e82ed69ce00aaae65c1.jpg,mature,C:\Personal AI & ML PROJECTS\AI IN HEALTHCARE\MY PROJECT E PAARVAI\Dataset Katarak\train\mature\aug_0_5734_jpeg.rf.27d8f7190c704e82ed69ce00aaae65c1.jpg,b5aa90f8769353ce99ba18f76538609e057751c8d30acf05ed32148a9af94504,ad9a9a2538d4476b,VF_02301,1,train
dataset_katarak,train,aug_0_5751_jpeg.rf.7463ddffa8b5366dc5617d18a9cb792d.jpg,mature,C:\Personal AI & ML PROJECTS\AI IN HEALTHCARE\MY PROJECT E PAARVAI\Dataset Katarak\train\mature\aug_0_5751_jpeg.rf.7463ddffa8b5366dc5617d18a9cb792d.jpg,72ff2551a42867577d7751f1977d651dc780192cba11b8eb39d328a076375b6e,879998476731b4da,VF_02303,1,train
dataset_katarak,train,aug_0_5767_jpeg.rf.35c1ebc8e16f51fc4dd73d5ba2a3e57d.jpg,mature,C:\Personal AI & ML PROJECTS\AI IN HEALTHCARE\MY PROJECT E PAARVAI\Dataset Katarak\train\mature\aug_0_5767_jpeg.rf.35c1ebc8e16f51fc4dd73d5ba2a3e57d.jpg,ffa4b55db0be4ef6719e5469956293ab778c4d938b52e5b90930fc5eaac0a04e,b41b8334bc4a37e5,VF_02304,1,train
dataset_katarak,train,aug_0_576_jpeg.rf.e655ce3ca92e8234d6460ca43b68dbc0.jpg,mature,C:\Personal AI & ML PROJECTS\AI IN HEALTHCARE\MY PROJECT E PAARVAI\Dataset Katarak\train\mature\aug_0_576_jpeg.rf.e655ce3ca92e8234d6460ca43b68dbc0.jpg,e013df7257d6a6286c0b2fa6ab5a9c5f080e66380af837f136294522a9f7428b,e10c9e1b313b6ec6,VF_02305,1,train
dataset_katarak,train,aug_0_5784_jpeg.rf.552a545e0a4a59e521c4f247bad51399.jpg,mature,C:\Personal AI & ML PROJECTS\AI IN HEALTHCARE\MY PROJECT E PAARVAI\Dataset Katarak\train\mature\aug_0_5784_jpeg.rf.552a545e0a4a59e521c4f247bad51399.jpg,659a146fe7aeac491ccc727f82d03c02b2cba1692f31e9cb46b244aa9b1a08e4,e1e99ec2f80ac07d,VF_02306,1,train
dataset_katarak,train,aug_0_5799_jpeg.rf.43401b88062d7f7531e753788270909c.jpg,mature,C:\Personal AI & ML PROJECTS\AI IN HEALTHCARE\MY PROJECT E PAARVAI\Dataset Katarak\train\mature\aug_0_5799_jpeg.rf.43401b88062d7f7531e753788270909c.jpg,64eaa355c07eecfa636123d0aacb1a78b6a3044a6977ead923101d3aa3ac7bf8,bac9ea3681fae031,VF_02309,1,train
dataset_katarak,train,aug_0_5805_jpeg.rf.757c16a0f6958586bb87146204e49745.jpg,mature,C:\Personal AI & ML PROJECTS\AI IN HEALTHCARE\MY PROJECT E PAARVAI\Dataset Katarak\train\mature\aug_0_5805_jpeg.rf.757c16a0f6958586bb87146204e49745.jpg,f19708d569a8d072918f6b32dc2ae68df383d1a476895c375665474453007d23,b4bc8bd2b46a9325,VF_02310,1,train
dataset_katarak,train,aug_0_5806_jpeg.rf.9aa96a34ddac835f1cf8a2f8ebfe8d0f.jpg,mature,C:\Personal AI & ML PROJECTS\AI IN HEALTHCARE\MY PROJECT E PAARVAI\Dataset Katarak\train\mature\aug_0_5806_jpeg.rf.9aa96a34ddac835f1cf8a2f8ebfe8d0f.jpg,ab56b16fb7c79987fe98950a500ec4e62a6aa12883f4ee83bcbc764948b23329,bcb1c34a2c3f91f0,VF_02311,1,train
dataset_katarak,train,aug_0_5815_jpeg.rf.16a8eee20197a0be2ec847a4b5278370.jpg,mature,C:\Personal AI & ML PROJECTS\AI IN HEALTHCARE\MY PROJECT E PAARVAI\Dataset Katarak\train\mature\aug_0_5815_jpeg.rf.16a8eee20197a0be2ec847a4b5278370.jpg,0c6e74104f33c8ca71d5aeaef2403ea26abb93c30918c2273425aac1efe2f57d,c2ecc93332adcda1,VF_02312,1,train
dataset_katarak,train,aug_0_5818_jpeg.rf.18c8885b96978dd035d758d9bd668707.jpg,mature,C:\Personal AI & ML PROJECTS\AI IN HEALTHCARE\MY PROJECT E PAARVAI\Dataset Katarak\train\mature\aug_0_5818_jpeg.rf.18c8885b96978dd035d758d9bd668707.jpg,79fc8a6c1008032c11b7168a4f80f8b4538acc08f2445c8c55d7cc536d19d73a,f7999c6063c994c9,VF_02313,1,train
dataset_katarak,train,aug_0_582_jpeg.rf.a917d194bd1bf34be589c43d5e1c261d.jpg,mature,C:\Personal AI & ML PROJECTS\AI IN HEALTHCARE\MY PROJECT E PAARVAI\Dataset Katarak\train\mature\aug_0_582_jpeg.rf.a917d194bd1bf34be589c43d5e1c261d.jpg,d896aa60a1a356d78030571f49e1d4fcb6a572a98a2ec8e63b38601e4c567475,e944d2397a0466ef,VF_02315,1,train
dataset_katarak,train,aug_0_5840_jpeg.rf.f3a7b0cb1a991aa60fb3fe81a3644e4c.jpg,mature,C:\Personal AI & ML PROJECTS\AI IN HEALTHCARE\MY PROJECT E PAARVAI\Dataset Katarak\train\mature\aug_0_5840_jpeg.rf.f3a7b0cb1a991aa60fb3fe81a3644e4c.jpg,8ca2f2935a494976f6a55136d881ed60c6b7041ea4d0c6652d5b2f2ca79a07d1,b6c1c97ec121649f,VF_02316,1,train
dataset_katarak,train,aug_0_5869_jpeg.rf.d393c5f3fac2eb105ec39c7b78f2d4c3.jpg,mature,C:\Personal AI & ML PROJECTS\AI IN HEALTHCARE\MY PROJECT E PAARVAI\Dataset Katarak\train\mature\aug_0_5869_jpeg.rf.d393c5f3fac2eb105ec39c7b78f2d4c3.jpg,c5e2cce76e3bc5ac573a926fa6f5bd75ceaad759e5427e04193df8347fd11032,b430f0f82f69cb92,VF_02318,1,train
dataset_katarak,train,aug_0_5907_jpeg.rf.755c64db5cf44d181aaf40318b788d3c.jpg,mature,C:\Personal AI & ML PROJECTS\AI IN HEALTHCARE\MY PROJECT E PAARVAI\Dataset Katarak\train\mature\aug_0_5907_jpeg.rf.755c64db5cf44d181aaf40318b788d3c.jpg,84f3fd1906db97b3bcdefb76d70936389f90dd4e0c78dbb5181eaece77fbbc83,e9e4d662a8a2a79c,VF_02319,1,train
dataset_katarak,train,aug_0_5951_jpeg.rf.724cbd7ef1ec8ba12aa4fe4e8993848f.jpg,mature,C:\Personal AI & ML PROJECTS\AI IN HEALTHCARE\MY PROJECT E PAARVAI\Dataset Katarak\train\mature\aug_0_5951_jpeg.rf.724cbd7ef1ec8ba12aa4fe4e8993848f.jpg,f808900854a2008d0fc995184fff819b040f525b2f305823dea7cc96d6192cf6,93a86c3736d9d9c0,VF_02320,1,train
dataset_katarak,train,aug_0_5959_jpeg.rf.e297da45452f8a5cf5f605bfe122dc5e.jpg,mature,C:\Personal AI & ML PROJECTS\AI IN HEALTHCARE\MY PROJECT E PAARVAI\Dataset Katarak\train\mature\aug_0_5959_jpeg.rf.e297da45452f8a5cf5f605bfe122dc5e.jpg,c7fd4b938d57c67e53496da300fa53bd1edd8100f9d71fa446e26cb008326ab9,ee7fd1c10ca8b950,VF_02321,1,train
dataset_katarak,train,aug_0_5992_jpeg.rf.53b2e1ce3c8eee10884fa2852ac54eba.jpg,mature,C:\Personal AI & ML PROJECTS\AI IN HEALTHCARE\MY PROJECT E PAARVAI\Dataset Katarak\train\mature\aug_0_5992_jpeg.rf.53b2e1ce3c8eee10884fa2852ac54eba.jpg,26f0c9e6c30e386c8525e01171fdefcc9f31f0da1ad1d9f8e108753b130d2bf0,a5c19f8af8b5a330,VF_02323,1,train
dataset_katarak,train,aug_0_5_jpeg.rf.b9657e29b47c147af0360e1c232a0b39.jpg,mature,C:\Personal AI & ML PROJECTS\AI IN HEALTHCARE\MY PROJECT E PAARVAI\Dataset Katarak\train\mature\aug_0_5_jpeg.rf.b9657e29b47c147af0360e1c232a0b39.jpg,b1d28cf087c8fce356043fbee1dd6c9b386800f40a83af7844f60c41f16ce362,b491cb0e2cbdb1b8,VF_02324,1,train
dataset_katarak,train,aug_0_6002_jpeg.rf.e2952842cf8d0a6f606802ad0140a513.jpg,mature,C:\Personal AI & ML PROJECTS\AI IN HEALTHCARE\MY PROJECT E PAARVAI\Dataset Katarak\train\mature\aug_0_6002_jpeg.rf.e2952842cf8d0a6f606802ad0140a513.jpg,35ffa30c10788177a362fc2ef6d8751ba90006c32890138edf9a2c6d63398701,ee7ec1c18c8cb958,VF_02325,1,train
dataset_katarak,train,aug_0_6004_jpeg.rf.0ee9ac604a630ee6b2a9bbb277c03003.jpg,mature,C:\Personal AI & ML PROJECTS\AI IN HEALTHCARE\MY PROJECT E PAARVAI\Dataset Katarak\train\mature\aug_0_6004_jpeg.rf.0ee9ac604a630ee6b2a9bbb277c03003.jpg,fee2965364b7dba6162766c02ee57291e8203035033de89cd87f1d907724cee1,bacde9308df2e805,VF_02326,1,train
dataset_katarak,train,aug_0_6014_jpeg.rf.3a9a6f0513670039245aca3b6e3a6e71.jpg,mature,C:\Personal AI & ML PROJECTS\AI IN HEALTHCARE\MY PROJECT E PAARVAI\Dataset Katarak\train\mature\aug_0_6014_jpeg.rf.3a9a6f0513670039245aca3b6e3a6e71.jpg,5b45b078633cf2339d3ea073ab1751ab5818ff453c7239d8ab5f4853fe760fae,b4b8cb4635726b70,VF_02327,1,train
dataset_katarak,train,aug_0_6022_jpeg.rf.673ef272acef4d7e0f25dfb274716677.jpg,mature,C:\Personal AI & ML PROJECTS\AI IN HEALTHCARE\MY PROJECT E PAARVAI\Dataset Katarak\train\mature\aug_0_6022_jpeg.rf.673ef272acef4d7e0f25dfb274716677.jpg,9d3a1fac69ab8c36612d199a5379967b56aebf02d1177c27bbd95a73c1cfcfd2,a08f8fb0304ff768,VF_02328,1,train
dataset_katarak,train,aug_0_603_jpeg.rf.52a0968e50ff2f259b9679e45ea77c39.jpg,mature,C:\Personal AI & ML PROJECTS\AI IN HEALTHCARE\MY PROJECT E PAARVAI\Dataset Katarak\train\mature\aug_0_603_jpeg.rf.52a0968e50ff2f259b9679e45ea77c39.jpg,b3448e6921b1480c97d5f000d602180f82b62f610fd6c591156254436ba6962d,e5b3da94c1d30a4b,VF_02329,1,train
dataset_katarak,train,aug_0_6060_jpeg.rf.424274b8fd0e8c282a9dffabe0430bcb.jpg,mature,C:\Personal AI & ML PROJECTS\AI IN HEALTHCARE\MY PROJECT E PAARVAI\Dataset Katarak\train\mature\aug_0_6060_jpeg.rf.424274b8fd0e8c282a9dffabe0430bcb.jpg,f9a9c7954794a0123fc80bb1704e64ae698fc94a36b30b3daa7ebafdddfa5707,b47472db0bcbc0d4,VF_02330,1,train
dataset_katarak,train,aug_0_6079_jpeg.rf.d1972eeed3b244f73560c2966ebcda52.jpg,mature,C:\Personal AI & ML PROJECTS\AI IN HEALTHCARE\MY PROJECT E PAARVAI\Dataset Katarak\train\mature\aug_0_6079_jpeg.rf.d1972eeed3b244f73560c2966ebcda52.jpg,fe4ee0c504508024b22141a37c83cc7aa1bd4b79033c9ee8b21148f635c66e18,ef9090271d5d62ea,VF_02331,1,train
dataset_katarak,train,aug_0_6096_jpeg.rf.dd90dc78efc9baed761bb77c1b1e3192.jpg,mature,C:\Personal AI & ML PROJECTS\AI IN HEALTHCARE\MY PROJECT E PAARVAI\Dataset Katarak\train\mature\aug_0_6096_jpeg.rf.dd90dc78efc9baed761bb77c1b1e3192.jpg,b0d816ee7da6aab9f5ce1314e83fed81ea2ca1249098498a46e7b43395e9ae09,f38fcf32814a98e4,VF_02332,1,train
dataset_katarak,train,aug_0_610_jpeg.rf.e938d99dc6c26b3c4b2e15572762e1d3.jpg,mature,C:\Personal AI & ML PROJECTS\AI IN HEALTHCARE\MY PROJECT E PAARVAI\Dataset Katarak\train\mature\aug_0_610_jpeg.rf.e938d99dc6c26b3c4b2e15572762e1d3.jpg,012862c0b613fc5aaee63942482282ec1568a1dc88f903778464abcc20942b6d,b0fc8fc0f425c336,VF_02334,1,train
dataset_katarak,train,aug_0_6125_jpeg.rf.01abddf28e5836457a0e7d7debca6391.jpg,mature,C:\Personal AI & ML PROJECTS\AI IN HEALTHCARE\MY PROJECT E PAARVAI\Dataset Katarak\train\mature\aug_0_6125_jpeg.rf.01abddf28e5836457a0e7d7debca6391.jpg,6a96b4feb189de6e22e3f2ad15b7b1ffe74f7477fb0d8f54e47ed6dd9cd7ae81,a0728f4f10e0f797,VF_02336,1,train
dataset_katarak,train,aug_0_6135_jpeg.rf.abc0afae5cd2370d7210528820611d58.jpg,mature,C:\Personal AI & ML PROJECTS\AI IN HEALTHCARE\MY PROJECT E PAARVAI\Dataset Katarak\train\mature\aug_0_6135_jpeg.rf.abc0afae5cd2370d7210528820611d58.jpg,696980b067db9ef32efc685ce74012b01e79b04386af26f1dd84f7c529d7479a,85dc9869e99c6a69,VF_02337,1,train
dataset_katarak,train,aug_0_613_jpeg.rf.1abdfa3249dfdb8c8e90cb4bd856fc23.jpg,mature,C:\Personal AI & ML PROJECTS\AI IN HEALTHCARE\MY PROJECT E PAARVAI\Dataset Katarak\train\mature\aug_0_613_jpeg.rf.1abdfa3249dfdb8c8e90cb4bd856fc23.jpg,0251f130427389ca1e1a6f647b372c52e222b6b262f43d2a5c8f80313991ccf3,a8bc85a57a52a17b,VF_02338,1,train
dataset_katarak,train,aug_0_6170_jpeg.rf.ebf002d80d69539719cc994f82e03e1a.jpg,mature,C:\Personal AI & ML PROJECTS\AI IN HEALTHCARE\MY PROJECT E PAARVAI\Dataset Katarak\train\mature\aug_0_6170_jpeg.rf.ebf002d80d69539719cc994f82e03e1a.jpg,73c851290bfe01ae2414924c9da9d9ad6aff8585402d88be15a97194bd902ff2,ac659b52386bd2e4,VF_02340,1,train
dataset_katarak,train,aug_0_6176_jpeg.rf.424a6ab7cf7112eccb50ce3ea937b6dc.jpg,mature,C:\Personal AI & ML PROJECTS\AI IN HEALTHCARE\MY PROJECT E PAARVAI\Dataset Katarak\train\mature\aug_0_6176_jpeg.rf.424a6ab7cf7112eccb50ce3ea937b6dc.jpg,11bbb025f984980b42337572e981641eb14b59688bc1c267ed3025d3c96685bd,e161a6de16159dd8,VF_02341,1,train
dataset_katarak,train,aug_0_6192_jpeg.rf.b9285abb87a05311969383a374b191b5.jpg,mature,C:\Personal AI & ML PROJECTS\AI IN HEALTHCARE\MY PROJECT E PAARVAI\Dataset Katarak\train\mature\aug_0_6192_jpeg.rf.b9285abb87a05311969383a374b191b5.jpg,833cd3cc25f4cf729eecc908841998fc1f8dfb8e617822645c28710376766442,e15ede61e11fe0a0,VF_02342,1,train
dataset_katarak,train,aug_0_6193_jpeg.rf.758c26ad9cd7a1301010e5bdcd59e9c4.jpg,mature,C:\Personal AI & ML PROJECTS\AI IN HEALTHCARE\MY PROJECT E PAARVAI\Dataset Katarak\train\mature\aug_0_6193_jpeg.rf.758c26ad9cd7a1301010e5bdcd59e9c4.jpg,ad8eaba52a1ac21330d66e8cfc05ec7f94e3ac668224cb3766504e9c0d412029,b0b1cb5f24626973,VF_02343,1,train
dataset_katarak,train,aug_0_6199_jpeg.rf.4d59c32176c7705c874b7d3d84f63f5c.jpg,mature,C:\Personal AI & ML PROJECTS\AI IN HEALTHCARE\MY PROJECT E PAARVAI\Dataset Katarak\train\mature\aug_0_6199_jpeg.rf.4d59c32176c7705c874b7d3d84f63f5c.jpg,98584c93529d1e38f9a01a80a5ba1ae0e3207488cef33766003aee59204721f8,a061979f9788f8b4,VF_02344,1,train
dataset_katarak,train,aug_0_6203_jpeg.rf.98cd6d4885c163a4eef8d11accdb2bba.jpg,mature,C:\Personal AI & ML PROJECTS\AI IN HEALTHCARE\MY PROJECT E PAARVAI\Dataset Katarak\train\mature\aug_0_6203_jpeg.rf.98cd6d4885c163a4eef8d11accdb2bba.jpg,86e358f9588363ecb0aabee92d4cba1290a58c12d5e3474a0c83a77e05d4d219,ed25a942d39f2589,VF_02345,1,train
dataset_katarak,train,aug_0_6231_jpeg.rf.e47254cd15a4a831df1a2e26169aa0de.jpg,mature,C:\Personal AI & ML PROJECTS\AI IN HEALTHCARE\MY PROJECT E PAARVAI\Dataset Katarak\train\mature\aug_0_6231_jpeg.rf.e47254cd15a4a831df1a2e26169aa0de.jpg,33f04e100ae8de3c7c907c06af250a8de7491e603c7d8b763e2414b8d62527c1,f9e982e0ad0ef02e,VF_02347,1,train
dataset_katarak,train,aug_0_6237_jpeg.rf.224ba574cbb6e8c000bb1871080398dd.jpg,mature,C:\Personal AI & ML PROJECTS\AI IN HEALTHCARE\MY PROJECT E PAARVAI\Dataset Katarak\train\mature\aug_0_6237_jpeg.rf.224ba574cbb6e8c000bb1871080398dd.jpg,2708c391ae453ccd706112b793bf0acc34958c180a9c5c8bfaa76bc4868c5a47,ac93772c033cd46b,VF_02348,1,train
dataset_katarak,train,aug_0_6248_jpeg.rf.d35762621a3883c86d8d720d137bfbe3.jpg,mature,C:\Personal AI & ML PROJECTS\AI IN HEALTHCARE\MY PROJECT E PAARVAI\Dataset Katarak\train\mature\aug_0_6248_jpeg.rf.d35762621a3883c86d8d720d137bfbe3.jpg,df2c1e2642321036842167b2bfeba18816f9bef07ac10db6a94d208953525e63,a7259a9cb4e9cb82,VF_02349,1,train
dataset_katarak,train,aug_0_6249_jpeg.rf.f4fdee54fbb7e845c3d5eb7e24fdab17.jpg,mature,C:\Personal AI & ML PROJECTS\AI IN HEALTHCARE\MY PROJECT E PAARVAI\Dataset Katarak\train\mature\aug_0_6249_jpeg.rf.f4fdee54fbb7e845c3d5eb7e24fdab17.jpg,04938584d72110cdf10b16a4c9f6da45ef9db1d8507642049847c659db81edae,b63e8889c1dec5cc,VF_02350,1,train
dataset_katarak,train,aug_0_624_jpeg.rf.5d3b64db94aa4341b75f7df8855cb3ed.jpg,mature,C:\Personal AI & ML PROJECTS\AI IN HEALTHCARE\MY PROJECT E PAARVAI\Dataset Katarak\train\mature\aug_0_624_jpeg.rf.5d3b64db94aa4341b75f7df8855cb3ed.jpg,befae14293a60542fccfaf4a0866e07ec5c16f58bff0c8838dd5cd3fd58fb876,ee80d12e8c72bfa4,VF_02351,1,train
dataset_katarak,train,aug_0_6303_jpeg.rf.69a2141db088af7c2fa14cfe6085b8a7.jpg,mature,C:\Personal AI & ML PROJECTS\AI IN HEALTHCARE\MY PROJECT E PAARVAI\Dataset Katarak\train\mature\aug_0_6303_jpeg.rf.69a2141db088af7c2fa14cfe6085b8a7.jpg,21e1e6041ae8764959dd49b55275eea61d545b69458a864f05f649e13b4af58a,83738ccc6a93e39a,VF_02353,1,train
dataset_katarak,train,aug_0_6310_jpeg.rf.590f99d58e32ec5d552bc5526697783f.jpg,mature,C:\Personal AI & ML PROJECTS\AI IN HEALTHCARE\MY PROJECT E PAARVAI\Dataset Katarak\train\mature\aug_0_6310_jpeg.rf.590f99d58e32ec5d552bc5526697783f.jpg,46416feb322f392e9743ca4db448eb6c53a8e9b14d27763745272cf6d5a9f967,e642c96ba5be129a,VF_02354,1,train
dataset_katarak,train,aug_0_6331_jpeg.rf.d42e8bd2c73b747c8881940df8d41688.jpg,mature,C:\Personal AI & ML PROJECTS\AI IN HEALTHCARE\MY PROJECT E PAARVAI\Dataset Katarak\train\mature\aug_0_6331_jpeg.rf.d42e8bd2c73b747c8881940df8d41688.jpg,3efa59d815c46f17ed3cac5c47bc5fc9fdc5247f4283447b097dd9d8bace6860,b161da1b6da1b2d2,VF_02355,1,train
dataset_katarak,train,aug_0_6347_jpeg.rf.d795728c5d90d0b2276a3aeddf86f494.jpg,mature,C:\Personal AI & ML PROJECTS\AI IN HEALTHCARE\MY PROJECT E PAARVAI\Dataset Katarak\train\mature\aug_0_6347_jpeg.rf.d795728c5d90d0b2276a3aeddf86f494.jpg,62a807683bef8022da58e555bafcd66df4ffc9c6ebe62389970d226aa5c0f450,baa085917b6fc607,VF_02356,1,train
dataset_katarak,train,aug_0_635_jpeg.rf.217cf87be2419303b1fb8460b5632c88.jpg,mature,C:\Personal AI & ML PROJECTS\AI IN HEALTHCARE\MY PROJECT E PAARVAI\Dataset Katarak\train\mature\aug_0_635_jpeg.rf.217cf87be2419303b1fb8460b5632c88.jpg,06ce9b029075c3000d54cbfabb5e7ebc5adf3c7af56c24862779b65513a0d785,a1cf9a17372d6246,VF_02357,1,train
dataset_katarak,train,aug_0_6367_jpeg.rf.de6bcdd839371daf5845b32fe17dae74.jpg,mature,C:\Personal AI & ML PROJECTS\AI IN HEALTHCARE\MY PROJECT E PAARVAI\Dataset Katarak\train\mature\aug_0_6367_jpeg.rf.de6bcdd839371daf5845b32fe17dae74.jpg,29a73a17423a6acf30ed95ec4237184ea8e1f94a946fa30e458b58b410730fbe,b525da5a1f894a95,VF_02358,1,train
dataset_katarak,train,aug_0_6376_jpeg.rf.092456d49c2499914d11732ff109317b.jpg,mature,C:\Personal AI & ML PROJECTS\AI IN HEALTHCARE\MY PROJECT E PAARVAI\Dataset Katarak\train\mature\aug_0_6376_jpeg.rf.092456d49c2499914d11732ff109317b.jpg,9181f7abefa4d794c605963882b16d91aa195fb95b8619f5710e5209bd93f7ab,a64bb6d91c9c4c93,VF_02361,1,train
dataset_katarak,train,aug_0_6392_jpeg.rf.66f603c6b66c94cc08fcc63f6e8d5acc.jpg,mature,C:\Personal AI & ML PROJECTS\AI IN HEALTHCARE\MY PROJECT E PAARVAI\Dataset Katarak\train\mature\aug_0_6392_jpeg.rf.66f603c6b66c94cc08fcc63f6e8d5acc.jpg,a354d2aa061a87b28bb9f117eb87d69062934d06fb7913f3a047e1052e63fed8,b33cdd62a19d1692,VF_02362,1,train
dataset_katarak,train,aug_0_6407_jpeg.rf.f680f8c1f30f64ac97edc2877544528f.jpg,mature,C:\Personal AI & ML PROJECTS\AI IN HEALTHCARE\MY PROJECT E PAARVAI\Dataset Katarak\train\mature\aug_0_6407_jpeg.rf.f680f8c1f30f64ac97edc2877544528f.jpg,0ab66c16031b3129ca84482dabed7a64f8dd6df0019a695367eaf1f8bf997fa4,d074cbc3b8343bc3,VF_02363,1,train
dataset_katarak,train,aug_0_6412_jpeg.rf.b2ef56725a71714cb1490ba518d7dc6c.jpg,mature,C:\Personal AI & ML PROJECTS\AI IN HEALTHCARE\MY PROJECT E PAARVAI\Dataset Katarak\train\mature\aug_0_6412_jpeg.rf.b2ef56725a71714cb1490ba518d7dc6c.jpg,0f9d4efb8ddd7f483a6e708007ae0e5614914ec580fc5bc14d0ec4d5a83e1d8a,e1d4de6aa922a69c,VF_02365,1,train
dataset_katarak,train,aug_0_6414_jpeg.rf.c9261ab6bae9b1ee3b35926278a2f4aa.jpg,mature,C:\Personal AI & ML PROJECTS\AI IN HEALTHCARE\MY PROJECT E PAARVAI\Dataset Katarak\train\mature\aug_0_6414_jpeg.rf.c9261ab6bae9b1ee3b35926278a2f4aa.jpg,2efab7c99a6fc8fa09c7f39ea9c235927874bd33668da129c55220cd05369055,b4a38bd0b46b93b4,VF_02366,1,train
dataset_katarak,train,aug_0_643_jpeg.rf.f7c11ce3119e23ca1fa530df3575a254.jpg,mature,C:\Personal AI & ML PROJECTS\AI IN HEALTHCARE\MY PROJECT E PAARVAI\Dataset Katarak\train\mature\aug_0_643_jpeg.rf.f7c11ce3119e23ca1fa530df3575a254.jpg,35ecff2bce94bc8db617608151f491bfe8e0e9d7bf1317c163be985842341af1,fa82845fdf2aa885,VF_02367,1,train
dataset_katarak,train,aug_0_6448_jpeg.rf.001456059c095d9fe8f39406aeff3ad7.jpg,mature,C:\Personal AI & ML PROJECTS\AI IN HEALTHCARE\MY PROJECT E PAARVAI\Dataset Katarak\train\mature\aug_0_6448_jpeg.rf.001456059c095d9fe8f39406aeff3ad7.jpg,c808129ba1046240e1a162052132b28c7c33d54795bd994d6a2590dd24da4e1e,f5cac335c220ad9e,VF_02368,1,train
dataset_katarak,train,aug_0_6462_jpeg.rf.d2660328c9c74ca937a1728bfe48f6f8.jpg,mature,C:\Personal AI & ML PROJECTS\AI IN HEALTHCARE\MY PROJECT E PAARVAI\Dataset Katarak\train\mature\aug_0_6462_jpeg.rf.d2660328c9c74ca937a1728bfe48f6f8.jpg,678774bcc32e9e40201b7cb84a09fa13066ae75f4d70c5ea7622ee76467faa05,b430cbcb3435fa89,VF_02369,1,train
dataset_katarak,train,aug_0_6477_jpeg.rf.1064ebbd9588e4c12b0cf4e939966739.jpg,mature,C:\Personal AI & ML PROJECTS\AI IN HEALTHCARE\MY PROJECT E PAARVAI\Dataset Katarak\train\mature\aug_0_6477_jpeg.rf.1064ebbd9588e4c12b0cf4e939966739.jpg,f9d48ae8d43b1e96d77d2b34e25a500037d5988b73e4a99d26e8d9abef7e9251,e54cda9a61913676,VF_02370,1,train
dataset_katarak,train,aug_0_6489_jpeg.rf.51f976d4483eeccf98401ff8570d1090.jpg,mature,C:\Personal AI & ML PROJECTS\AI IN HEALTHCARE\MY PROJECT E PAARVAI\Dataset Katarak\train\mature\aug_0_6489_jpeg.rf.51f976d4483eeccf98401ff8570d1090.jpg,27844fe10fed474de30519aea26dca9f66e3cc4cc4981c2723208df4d4bdd1a8,c3439ccc9d83b1ba,VF_02371,1,train
dataset_katarak,train,aug_0_6497_jpeg.rf.11f2768e5ed15695c6c3e7104e19bfe8.jpg,mature,C:\Personal AI & ML PROJECTS\AI IN HEALTHCARE\MY PROJECT E PAARVAI\Dataset Katarak\train\mature\aug_0_6497_jpeg.rf.11f2768e5ed15695c6c3e7104e19bfe8.jpg,69da54f8fdc82e4e1d1ad0d7eb1f31778180b60f93eda2cfc4ebfe89757b7efd,fec8c9364a29360f,VF_02372,1,train
dataset_katarak,train,aug_0_6515_jpeg.rf.9245e1475872b6954cea7740c53d691a.jpg,mature,C:\Personal AI & ML PROJECTS\AI IN HEALTHCARE\MY PROJECT E PAARVAI\Dataset Katarak\train\mature\aug_0_6515_jpeg.rf.9245e1475872b6954cea7740c53d691a.jpg,4fe6e4f45c3881ecdc056b2903e5524adfb58cba652406250321e6b03836540f,bc1b8234ed5aa1ad,VF_02373,1,train
dataset_katarak,train,aug_0_6536_jpeg.rf.19482e25eba711af50d7a41023278544.jpg,mature,C:\Personal AI & ML PROJECTS\AI IN HEALTHCARE\MY PROJECT E PAARVAI\Dataset Katarak\train\mature\aug_0_6536_jpeg.rf.19482e25eba711af50d7a41023278544.jpg,16ef8bfbfda09cd031f7ab96ab4d5f11fc92abbbc1c9fbf23585b389c632fa1d,ec3cd1c18ca87373,VF_02374,1,train
dataset_katarak,train,aug_0_6569_jpeg.rf.471993e771e27fb8ddf84ae4b5f40934.jpg,mature,C:\Personal AI & ML PROJECTS\AI IN HEALTHCARE\MY PROJECT E PAARVAI\Dataset Katarak\train\mature\aug_0_6569_jpeg.rf.471993e771e27fb8ddf84ae4b5f40934.jpg,3913a177c9e3f7ec06d86a0f512fbea11fa7ef24a0b0302b7fc775f2a03034ec,b0198b3e9cf931c5,VF_02376,1,train
dataset_katarak,train,aug_0_656_jpeg.rf.2562ce24f243ea340b3ec72b5d23b903.jpg,mature,C:\Personal AI & ML PROJECTS\AI IN HEALTHCARE\MY PROJECT E PAARVAI\Dataset Katarak\train\mature\aug_0_656_jpeg.rf.2562ce24f243ea340b3ec72b5d23b903.jpg,89a9bb4609cd0460c98dcdaf68882a7720fac47541f913413e76fd77ba8914a7,b4d48bc0fc05c3b7,VF_02377,1,train
dataset_katarak,train,aug_0_657_jpeg.rf.8b316c4f16fabe286ffc7446c0303cde.jpg,mature,C:\Personal AI & ML PROJECTS\AI IN HEALTHCARE\MY PROJECT E PAARVAI\Dataset Katarak\train\mature\aug_0_657_jpeg.rf.8b316c4f16fabe286ffc7446c0303cde.jpg,ce9b5a88f2f62c564fc61d269b595085a43b6b48f324bd0e83d099aaea5093cc,a9b694df6b5824a4,VF_02379,1,train
dataset_katarak,train,aug_0_6605_jpeg.rf.2f098e35d318cbf9eaa94417e868c2c7.jpg,mature,C:\Personal AI & ML PROJECTS\AI IN HEALTHCARE\MY PROJECT E PAARVAI\Dataset Katarak\train\mature\aug_0_6605_jpeg.rf.2f098e35d318cbf9eaa94417e868c2c7.jpg,85d5848cab4b733410336288bb2f56f8255345e8dd5cc6265942d9901ef90dfb,b632f28d6b2a8a9a,VF_02380,1,train
dataset_katarak,train,aug_0_6613_jpeg.rf.09767e8434a739fe15378558114e3909.jpg,mature,C:\Personal AI & ML PROJECTS\AI IN HEALTHCARE\MY PROJECT E PAARVAI\Dataset Katarak\train\mature\aug_0_6613_jpeg.rf.09767e8434a739fe15378558114e3909.jpg,424dd94eb9fead6b83ca10cfd7b1fba4fab5755d4b565d2e6511585e3c7a7a1f,fc66c38a3c1d6362,VF_02381,1,train
dataset_katarak,train,aug_0_6622_jpeg.rf.d2113027f8d6d1cb18755a6816aa07ca.jpg,mature,C:\Personal AI & ML PROJECTS\AI IN HEALTHCARE\MY PROJECT E PAARVAI\Dataset Katarak\train\mature\aug_0_6622_jpeg.rf.d2113027f8d6d1cb18755a6816aa07ca.jpg,c29c307d9dd2b4389b20c327c475951939854b121c277f1706c19faa9295e517,e8e997c0b80ee07d,VF_02382,1,train
dataset_katarak,train,aug_0_667_jpeg.rf.8a99095f9fb61dcc74b4f92558b5990c.jpg,mature,C:\Personal AI & ML PROJECTS\AI IN HEALTHCARE\MY PROJECT E PAARVAI\Dataset Katarak\train\mature\aug_0_667_jpeg.rf.8a99095f9fb61dcc74b4f92558b5990c.jpg,26165855c2ab17a0657d0afcfed354b180a987831e112440fd5eb4dea3c98f06,e165a7de1e0a9ec0,VF_02384,1,train
dataset_katarak,train,aug_0_668_jpeg.rf.d9f6f16f9b89fe887a5aba5f2ae81e3a.jpg,mature,C:\Personal AI & ML PROJECTS\AI IN HEALTHCARE\MY PROJECT E PAARVAI\Dataset Katarak\train\mature\aug_0_668_jpeg.rf.d9f6f16f9b89fe887a5aba5f2ae81e3a.jpg,735452f69c514be68cb57000e7cdc7b5d82f04073810240cd422cbd4c82b172e,f810cd4f3670f12d,VF_02385,1,train
dataset_katarak,train,aug_0_6724_jpeg.rf.2be4e557e497a36291fb258b62de60f1.jpg,mature,C:\Personal AI & ML PROJECTS\AI IN HEALTHCARE\MY PROJECT E PAARVAI\Dataset Katarak\train\mature\aug_0_6724_jpeg.rf.2be4e557e497a36291fb258b62de60f1.jpg,de27a64a1b614a087d8867960cfef4c244e38cb3a4c538e701fa4f0bae94e852,b7c9d33ec8b46038,VF_02388,1,train
dataset_katarak,train,aug_0_6731_jpeg.rf.64df1438f35c7f5371b469310042f991.jpg,mature,C:\Personal AI & ML PROJECTS\AI IN HEALTHCARE\MY PROJECT E PAARVAI\Dataset Katarak\train\mature\aug_0_6731_jpeg.rf.64df1438f35c7f5371b469310042f991.jpg,910587038a0b7297746d6be727e8c26ce9ba765f3752c11a2703450d1e6212ee,f535e1ca529e0789,VF_02390,1,train
dataset_katarak,train,aug_0_673_jpeg.rf.7bc509783bedb52256a7027580350c1e.jpg,mature,C:\Personal AI & ML PROJECTS\AI IN HEALTHCARE\MY PROJECT E PAARVAI\Dataset Katarak\train\mature\aug_0_673_jpeg.rf.7bc509783bedb52256a7027580350c1e.jpg,86711e478962e1afbbbce468267d1ff8f7e99a98bee102f3329af14a58ecff4c,f084c2df88f8e6e1,VF_02391,1,train
dataset_katarak,train,aug_0_675_jpeg.rf.c0a5ede8f4d1f2a8b2591ba9fb7b3ec2.jpg,mature,C:\Personal AI & ML PROJECTS\AI IN HEALTHCARE\MY PROJECT E PAARVAI\Dataset Katarak\train\mature\aug_0_675_jpeg.rf.c0a5ede8f4d1f2a8b2591ba9fb7b3ec2.jpg,d6e94ef50ab365de32e56c5c633fa78b080f4ae70b4eec5fb578fc35a130e935,e5b2da45616a36a5,VF_02392,1,train
dataset_katarak,train,aug_0_6774_jpeg.rf.43a1c11f8c70e9e2087b2b39ac323f6e.jpg,mature,C:\Personal AI & ML PROJECTS\AI IN HEALTHCARE\MY PROJECT E PAARVAI\Dataset Katarak\train\mature\aug_0_6774_jpeg.rf.43a1c11f8c70e9e2087b2b39ac323f6e.jpg,bcbd7433a3d3baa4a772e844d61151cb53f79d6bdd6a167daedb1b706b0029b6,f31ee38d49c119c6,VF_02393,1,train
dataset_katarak,train,aug_0_6804_jpeg.rf.e2080714e0d50e5659bcd27c2b7b77d5.jpg,mature,C:\Personal AI & ML PROJECTS\AI IN HEALTHCARE\MY PROJECT E PAARVAI\Dataset Katarak\train\mature\aug_0_6804_jpeg.rf.e2080714e0d50e5659bcd27c2b7b77d5.jpg,45e5d67571d474ad16f6966815a3832a74b10c618243e25b6242ba2355c2ee4f,b47d8b0a3cb49353,VF_02395,1,train
dataset_katarak,train,aug_0_6805_jpeg.rf.4b4f63812894b8dc801cdedaf82e8f5e.jpg,mature,C:\Personal AI & ML PROJECTS\AI IN HEALTHCARE\MY PROJECT E PAARVAI\Dataset Katarak\train\mature\aug_0_6805_jpeg.rf.4b4f63812894b8dc801cdedaf82e8f5e.jpg,c6875a2eacf4820a8cf301469089a0882043399cf0fda685ee9291671bf3c1f4,85a19a92ed616e9e,VF_02396,1,train
dataset_katarak,train,aug_0_6819_jpeg.rf.0e4732b259b466719b7e0e952f5c8987.jpg,mature,C:\Personal AI & ML PROJECTS\AI IN HEALTHCARE\MY PROJECT E PAARVAI\Dataset Katarak\train\mature\aug_0_6819_jpeg.rf.0e4732b259b466719b7e0e952f5c8987.jpg,7ca1b4da35992ee8ac9d981cb49835207a5c83cd0c53074db7df587a05bedbbd,a6469d296ad6a539,VF_02397,1,train
dataset_katarak,train,aug_0_6824_jpeg.rf.6983d011ba414a4a554e9a81b435c1be.jpg,mature,C:\Personal AI & ML PROJECTS\AI IN HEALTHCARE\MY PROJECT E PAARVAI\Dataset Katarak\train\mature\aug_0_6824_jpeg.rf.6983d011ba414a4a554e9a81b435c1be.jpg,5dcaf4b57df98d768c3462e4e8219e455aa1681cf2b0987c746ee61a8ea513ec,b42cdb136cccb962,VF_02399,1,train
dataset_katarak,train,aug_0_6829_jpeg.rf.3943c448444f73234cd4aa65bd087643.jpg,mature,C:\Personal AI & ML PROJECTS\AI IN HEALTHCARE\MY PROJECT E PAARVAI\Dataset Katarak\train\mature\aug_0_6829_jpeg.rf.3943c448444f73234cd4aa65bd087643.jpg,e123fb81acb9b59d1623ceab0e327114163e3344d1e6b8e06363dd62c6b56ee0,bc1383243d5a33bb,VF_02400,1,train
dataset_katarak,train,aug_0_6885_jpeg.rf.92a437bd8579648812f08f77b1023c06.jpg,mature,C:\Personal AI & ML PROJECTS\AI IN HEALTHCARE\MY PROJECT E PAARVAI\Dataset Katarak\train\mature\aug_0_6885_jpeg.rf.92a437bd8579648812f08f77b1023c06.jpg,5c10166a9deccc477ae0feeed1cbfcd01845fd209ef963a2f02c7bb33ba617c8,b0108fff30c0637f,VF_02402,1,train
dataset_katarak,train,aug_0_6888_jpeg.rf.ca1d1b62e9cfe15ccd2b710ce87e9743.jpg,mature,C:\Personal AI & ML PROJECTS\AI IN HEALTHCARE\MY PROJECT E PAARVAI\Dataset Katarak\train\mature\aug_0_6888_jpeg.rf.ca1d1b62e9cfe15ccd2b710ce87e9743.jpg,f5e889d2c0579df92ea2e7ce695d05a7faacff0c2cf0b8e7ee0385811c07e271,fe1dc17506f77100,VF_02403,1,train
dataset_katarak,train,aug_0_6891_jpeg.rf.f7d1823f5cd26f58111d8bea2d471b2d.jpg,mature,C:\Personal AI & ML PROJECTS\AI IN HEALTHCARE\MY PROJECT E PAARVAI\Dataset Katarak\train\mature\aug_0_6891_jpeg.rf.f7d1823f5cd26f58111d8bea2d471b2d.jpg,287a1fb3680ef3a72ddcb9e90b88f27055336bd880418457e94843712cabd781,b48b772d033dc06b,VF_02404,1,train
dataset_katarak,train,aug_0_68_jpeg.rf.b7bfa1471ad750987a8fe8d1adab8028.jpg,mature,C:\Personal AI & ML PROJECTS\AI IN HEALTHCARE\MY PROJECT E PAARVAI\Dataset Katarak\train\mature\aug_0_68_jpeg.rf.b7bfa1471ad750987a8fe8d1adab8028.jpg,4604360b22494f717876aa7d177baa0935dd3571676d4d7f98251b22c8956c55,b527caca758d6912,VF_02405,1,train
dataset_katarak,train,aug_0_6906_jpeg.rf.a3ee42291fbcf62c54d37dec7319c3ad.jpg,mature,C:\Personal AI & ML PROJECTS\AI IN HEALTHCARE\MY PROJECT E PAARVAI\Dataset Katarak\train\mature\aug_0_6906_jpeg.rf.a3ee42291fbcf62c54d37dec7319c3ad.jpg,ec45d72ed5d533dacaaa0c0156c5ae44089e36a675bec3adca7d71ef70dfe2c5,85da9865e59c6d68,VF_02406,1,train
dataset_katarak,train,aug_0_6930_jpeg.rf.6b21f7191dd2440bf25cdfc5dbdc6128.jpg,mature,C:\Personal AI & ML PROJECTS\AI IN HEALTHCARE\MY PROJECT E PAARVAI\Dataset Katarak\train\mature\aug_0_6930_jpeg.rf.6b21f7191dd2440bf25cdfc5dbdc6128.jpg,d7d7432819542f061222380b506b08e64a8d4022b2cb9933b93cff06194260a9,e565ad8c5a50b4da,VF_02410,1,train
dataset_katarak,train,aug_0_6966_jpeg.rf.e8c174cdb1b638c653bfebf07fedd626.jpg,mature,C:\Personal AI & ML PROJECTS\AI IN HEALTHCARE\MY PROJECT E PAARVAI\Dataset Katarak\train\mature\aug_0_6966_jpeg.rf.e8c174cdb1b638c653bfebf07fedd626.jpg,455f5b68dec6e4a6a54986bafa7bd8dbf6fa362f06eb4b5b799fcb0fe648b1ef,b0f49f81f415cf30,VF_02411,1,train
dataset_katarak,train,aug_0_6989_jpeg.rf.9afe655f4fb5e9ac53073865ca75af77.jpg,mature,C:\Personal AI & ML PROJECTS\AI IN HEALTHCARE\MY PROJECT E PAARVAI\Dataset Katarak\train\mature\aug_0_6989_jpeg.rf.9afe655f4fb5e9ac53073865ca75af77.jpg,c3c86aec2e189c4be2e5a85974138d8cb0d5878e4cc00197f155a30d05654b43,abcc9463738434db,VF_02413,1,train
dataset_katarak,train,aug_0_6996_jpeg.rf.5f5e5467754ba0c39ba51b2f0810edab.jpg,mature,C:\Personal AI & ML PROJECTS\AI IN HEALTHCARE\MY PROJECT E PAARVAI\Dataset Katarak\train\mature\aug_0_6996_jpeg.rf.5f5e5467754ba0c39ba51b2f0810edab.jpg,6c992ca300d477473fe753b3e930bc7d24c5de7ab5e0c6d7dca51251a1101c0e,b0cd61268ff0ce65,VF_02414,1,train
dataset_katarak,train,aug_0_7049_jpeg.rf.c84169ddc8dac96e441983e18698d823.jpg,mature,C:\Personal AI & ML PROJECTS\AI IN HEALTHCARE\MY PROJECT E PAARVAI\Dataset Katarak\train\mature\aug_0_7049_jpeg.rf.c84169ddc8dac96e441983e18698d823.jpg,2f8aa91f542e667e9b4f05eefc06ba9494cb8c28354a8633595785d0e5d43a89,c6389de273cc6938,VF_02416,1,train
dataset_katarak,train,aug_0_7092_jpeg.rf.2d7fba44297e97235669d999aa435521.jpg,mature,C:\Personal AI & ML PROJECTS\AI IN HEALTHCARE\MY PROJECT E PAARVAI\Dataset Katarak\train\mature\aug_0_7092_jpeg.rf.2d7fba44297e97235669d999aa435521.jpg,0fa2137d041c99132c5dd221827832dd499d833d323f6d9bba84ae99857c8d0b,e161a7de1e0a9ec1,VF_02418,1,train
dataset_katarak,train,aug_0_7104_jpeg.rf.39e04db3cded209f548c5d0aef1a9c51.jpg,mature,C:\Personal AI & ML PROJECTS\AI IN HEALTHCARE\MY PROJECT E PAARVAI\Dataset Katarak\train\mature\aug_0_7104_jpeg.rf.39e04db3cded209f548c5d0aef1a9c51.jpg,f6549c042247e619d4ee8dc515031963b22f5bbacac68a8459473424aada62c8,e337d8d0c3c7a858,VF_02419,1,train
dataset_katarak,train,aug_0_7114_jpeg.rf.4b82fbfb3a3cd5fa672f1ef9cff1ee6b.jpg,mature,C:\Personal AI & ML PROJECTS\AI IN HEALTHCARE\MY PROJECT E PAARVAI\Dataset Katarak\train\mature\aug_0_7114_jpeg.rf.4b82fbfb3a3cd5fa672f1ef9cff1ee6b.jpg,4c5f92bbe36dbce9321c5b3e3ad582384b7afd021b5449892eb2b4aeec1ecdc5,e09f87681ee2886f,VF_02421,1,train
dataset_katarak,train,aug_0_7122_jpeg.rf.991f00c419879734176638f8b5d74150.jpg,mature,C:\Personal AI & ML PROJECTS\AI IN HEALTHCARE\MY PROJECT E PAARVAI\Dataset Katarak\train\mature\aug_0_7122_jpeg.rf.991f00c419879734176638f8b5d74150.jpg,b00b7f2cf321cfd4f1213d77795fa66ab8af6e6024a98faedec4969e07d05f9b,acc2756c837dc863,VF_02422,1,train
dataset_katarak,train,aug_0_712_jpeg.rf.e2df257ce084a3b71d66b9cfe4592e42.jpg,mature,C:\Personal AI & ML PROJECTS\AI IN HEALTHCARE\MY PROJECT E PAARVAI\Dataset Katarak\train\mature\aug_0_712_jpeg.rf.e2df257ce084a3b71d66b9cfe4592e42.jpg,32e2d0bdaa7b5c2e00142e47c6632ff94c5689aa8a6921dd2ea9553e0a71e2a4,fbe6e2312c30193d,VF_02423,1,train
dataset_katarak,train,aug_0_7130_jpeg.rf.1adb5ae9304cf3390a07b37fa9064975.jpg,mature,C:\Personal AI & ML PROJECTS\AI IN HEALTHCARE\MY PROJECT E PAARVAI\Dataset Katarak\train\mature\aug_0_7130_jpeg.rf.1adb5ae9304cf3390a07b37fa9064975.jpg,28d2fcc90e8d2079bfe31e3fbd91a978a64cbc7826c3432a64d6221bbe0cf440,aa90956e4a9db636,VF_02424,1,train
dataset_katarak,train,aug_0_7160_jpeg.rf.6b6d8af1d3c175dcd69e21cc7c3cdf5d.jpg,mature,C:\Personal AI & ML PROJECTS\AI IN HEALTHCARE\MY PROJECT E PAARVAI\Dataset Katarak\train\mature\aug_0_7160_jpeg.rf.6b6d8af1d3c175dcd69e21cc7c3cdf5d.jpg,b42f4a5082c3db79a0b530af89c761f996204eb26c402bff5807a7a56b4b6b2a,e1c49e1a71e8e4e5,VF_02426,1,train
dataset_katarak,train,aug_0_7171_jpeg.rf.1c74f625c891b579741b3c14e71a633b.jpg,mature,C:\Personal AI & ML PROJECTS\AI IN HEALTHCARE\MY PROJECT E PAARVAI\Dataset Katarak\train\mature\aug_0_7171_jpeg.rf.1c74f625c891b579741b3c14e71a633b.jpg,7324b2db92199e7b057427b6f16b01b83fee219f45c569fc84a5794bdac64e06,e48bca35c55a9527,VF_02427,1,train
dataset_katarak,train,aug_0_7258_jpeg.rf.4ae3495f17090d8807bd590bde690047.jpg,mature,C:\Personal AI & ML PROJECTS\AI IN HEALTHCARE\MY PROJECT E PAARVAI\Dataset Katarak\train\mature\aug_0_7258_jpeg.rf.4ae3495f17090d8807bd590bde690047.jpg,d3c4a2c7ac57ca0029b30925fe5a2b47539c828c40f03901e2c2240ae26b8167,ba3ac58dc0b787b0,VF_02430,1,train
dataset_katarak,train,aug_0_7280_jpeg.rf.307083769b5c6b496a52689a0ba335cc.jpg,mature,C:\Personal AI & ML PROJECTS\AI IN HEALTHCARE\MY PROJECT E PAARVAI\Dataset Katarak\train\mature\aug_0_7280_jpeg.rf.307083769b5c6b496a52689a0ba335cc.jpg,3fee1dab9d5a12c3f9c2801c4cea99afa39aaaac5d0580c5b907d2de21720db7,ea2c8585dad7a07a,VF_02432,1,train
dataset_katarak,train,aug_0_7291_jpeg.rf.5732bc9e4ee17a1340a1bf8f8268fd36.jpg,mature,C:\Personal AI & ML PROJECTS\AI IN HEALTHCARE\MY PROJECT E PAARVAI\Dataset Katarak\train\mature\aug_0_7291_jpeg.rf.5732bc9e4ee17a1340a1bf8f8268fd36.jpg,e61306e7f8f700c051248aa541c90fbb4e8e8324d663bcb829ff407d6c089484,e5a9ca9ca548966d,VF_02434,1,train
dataset_katarak,train,aug_0_7299_jpeg.rf.f7634ef7337d2fac3cb7d4cd797fdcaa.jpg,mature,C:\Personal AI & ML PROJECTS\AI IN HEALTHCARE\MY PROJECT E PAARVAI\Dataset Katarak\train\mature\aug_0_7299_jpeg.rf.f7634ef7337d2fac3cb7d4cd797fdcaa.jpg,6909bce656a17f1fabbd508bb8e54129af74bcb3492cf6af8688da6a73bb91d2,fa70c9cd2af2b4a0,VF_02435,1,train
dataset_katarak,train,aug_0_7353_jpeg.rf.06bf8de8a52712b7a5eef6c8d2716b6c.jpg,mature,C:\Personal AI & ML PROJECTS\AI IN HEALTHCARE\MY PROJECT E PAARVAI\Dataset Katarak\train\mature\aug_0_7353_jpeg.rf.06bf8de8a52712b7a5eef6c8d2716b6c.jpg,a082bdf433d1087e67c22c897237093c6716125a529861b3d23e20f4489c835e,e1169e39e1e4c78a,VF_02436,1,train
dataset_katarak,train,aug_0_7357_jpeg.rf.e7c5e1c617e6caa83af6478132cf1576.jpg,mature,C:\Personal AI & ML PROJECTS\AI IN HEALTHCARE\MY PROJECT E PAARVAI\Dataset Katarak\train\mature\aug_0_7357_jpeg.rf.e7c5e1c617e6caa83af6478132cf1576.jpg,dbaf59b5818cf17a2b69568296fe05c61d6ff1ed30f3ceab7f6212f8f85c65b0,e1619e9cf1e1d642,VF_02437,1,train
dataset_katarak,train,aug_0_7368_jpeg.rf.8478cfb1882d989983b04f21e80f83ba.jpg,mature,C:\Personal AI & ML PROJECTS\AI IN HEALTHCARE\MY PROJECT E PAARVAI\Dataset Katarak\train\mature\aug_0_7368_jpeg.rf.8478cfb1882d989983b04f21e80f83ba.jpg,381dfab3baeae5105c7a7110875586dcaa8bf3a01bab1ab8cfe96e31cf684af9,c6063d8d6213cd7b,VF_02438,1,train
dataset_katarak,train,aug_0_7385_jpeg.rf.c6cc5bca5cbc95d6cd099c2093566c04.jpg,mature,C:\Personal AI & ML PROJECTS\AI IN HEALTHCARE\MY PROJECT E PAARVAI\Dataset Katarak\train\mature\aug_0_7385_jpeg.rf.c6cc5bca5cbc95d6cd099c2093566c04.jpg,056d4b614d39f1d48e72966e6e63307b7b565e15f0c4515a6a9ff290136abacd,f0708f8fecf89c20,VF_02439,1,train
dataset_katarak,train,aug_0_738_jpeg.rf.4ed5ae43a565c256e4c9207e7ca3a4a3.jpg,mature,C:\Personal AI & ML PROJECTS\AI IN HEALTHCARE\MY PROJECT E PAARVAI\Dataset Katarak\train\mature\aug_0_738_jpeg.rf.4ed5ae43a565c256e4c9207e7ca3a4a3.jpg,630b96fe6683594cbd717e121fe0ce575f8941233445ffacbe2827ede6605817,a06192df17c9f954,VF_02440,1,train
dataset_katarak,train,aug_0_7398_jpeg.rf.1b8effb5317737eb198559f963e1a083.jpg,mature,C:\Personal AI & ML PROJECTS\AI IN HEALTHCARE\MY PROJECT E PAARVAI\Dataset Katarak\train\mature\aug_0_7398_jpeg.rf.1b8effb5317737eb198559f963e1a083.jpg,32dd81d87d5ac9db304db62f690583d244e9fa074ae80ac3fbe96c42af9d0c52,a853857afaa5a196,VF_02441,1,train
dataset_katarak,train,aug_0_7405_jpeg.rf.33010b8bdd68e7d2ccee953db5c51d65.jpg,mature,C:\Personal AI & ML PROJECTS\AI IN HEALTHCARE\MY PROJECT E PAARVAI\Dataset Katarak\train\mature\aug_0_7405_jpeg.rf.33010b8bdd68e7d2ccee953db5c51d65.jpg,9894eacc87079b923c46a8f6420466fa295d3cde12d82cf52979eedf3f7ccd5c,e08b8f7060233cff,VF_02442,1,train
dataset_katarak,train,aug_0_7407_jpeg.rf.2c1da60e7a19a0a918b6cde52798e18b.jpg,mature,C:\Personal AI & ML PROJECTS\AI IN HEALTHCARE\MY PROJECT E PAARVAI\Dataset Katarak\train\mature\aug_0_7407_jpeg.rf.2c1da60e7a19a0a918b6cde52798e18b.jpg,15998a37ad30880f684ee5d859d7c53a8b97f9661f6c2507ac7b354e76cade83,876698b967c6b225,VF_02443,1,train
dataset_katarak,train,aug_0_743_jpeg.rf.02ed396ebfeff5b88c9b523eca4bfb22.jpg,mature,C:\Personal AI & ML PROJECTS\AI IN HEALTHCARE\MY PROJECT E PAARVAI\Dataset Katarak\train\mature\aug_0_743_jpeg.rf.02ed396ebfeff5b88c9b523eca4bfb22.jpg,0063c9857e41b34189a18b079159cbfd3980982eb58ca42cc16e74ee98cfd6e6,e1619eda1e23e1e1,VF_02444,1,train
dataset_katarak,train,aug_0_7487_jpeg.rf.f396267b60c4437f722a9535ae532569.jpg,mature,C:\Personal AI & ML PROJECTS\AI IN HEALTHCARE\MY PROJECT E PAARVAI\Dataset Katarak\train\mature\aug_0_7487_jpeg.rf.f396267b60c4437f722a9535ae532569.jpg,95662fa1b3cdcfbf6684ba14c742789127274ba99d9e3a6871bcd8eab6fb537c,a46cd796e88c3366,VF_02448,1,train
dataset_katarak,train,aug_0_7522_jpeg.rf.741f9e0cdaf921354c5edcb165b27d7c.jpg,mature,C:\Personal AI & ML PROJECTS\AI IN HEALTHCARE\MY PROJECT E PAARVAI\Dataset Katarak\train\mature\aug_0_7522_jpeg.rf.741f9e0cdaf921354c5edcb165b27d7c.jpg,67ffd36fc1364764c4982364d0c0404bb626584d1fb47d4c0d169af70ee716ff,b996866fd900a6d9,VF_02452,1,train
dataset_katarak,train,aug_0_752_jpeg.rf.d9141ab803f19d4f856082b4d0c75371.jpg,mature,C:\Personal AI & ML PROJECTS\AI IN HEALTHCARE\MY PROJECT E PAARVAI\Dataset Katarak\train\mature\aug_0_752_jpeg.rf.d9141ab803f19d4f856082b4d0c75371.jpg,b37367e56706b62e546d8bc9768c4115a996d582bf0ce57aec28a7a46e7e0d1f,f62788d8c1c78d2b,VF_02453,1,train
dataset_katarak,train,aug_0_7588_jpeg.rf.b4dcfbbd35bd6e4f4735c216c8216984.jpg,mature,C:\Personal AI & ML PROJECTS\AI IN HEALTHCARE\MY PROJECT E PAARVAI\Dataset Katarak\train\mature\aug_0_7588_jpeg.rf.b4dcfbbd35bd6e4f4735c216c8216984.jpg,16e767520619479f5bd15f367f03cd0a5583810491ef1056e446fc5c650131a5,929fcd6d262c3392,VF_02456,1,train
dataset_katarak,train,aug_0_7590_jpeg.rf.d8c3930846e05f12a3d933bccf666d43.jpg,mature,C:\Personal AI & ML PROJECTS\AI IN HEALTHCARE\MY PROJECT E PAARVAI\Dataset Katarak\train\mature\aug_0_7590_jpeg.rf.d8c3930846e05f12a3d933bccf666d43.jpg,3aacf89ac8f5adcad171aa911638e59a8f4161de8208a3a957df72dc2e7953ba,a64fb258949c9da3,VF_02457,1,train
dataset_katarak,train,aug_0_7605_jpeg.rf.b3b04a3825c2da04982bfb1f455fac39.jpg,mature,C:\Personal AI & ML PROJECTS\AI IN HEALTHCARE\MY PROJECT E PAARVAI\Dataset Katarak\train\mature\aug_0_7605_jpeg.rf.b3b04a3825c2da04982bfb1f455fac39.jpg,9b73b07465b310e92747cb5e6a0547c0b836684ccc34611876c206fb385a1d15,a29ddc7242cdea83,VF_02459,1,train
dataset_katarak,train,aug_0_7606_jpeg.rf.e712bc2a5c0a2a74f8586d0b21e89038.jpg,mature,C:\Personal AI & ML PROJECTS\AI IN HEALTHCARE\MY PROJECT E PAARVAI\Dataset Katarak\train\mature\aug_0_7606_jpeg.rf.e712bc2a5c0a2a74f8586d0b21e89038.jpg,157857f840fb5885aa12483eac2c84dec23b023a87b90d51a71f464533384f89,b4568b2fb494934b,VF_02460,1,train
dataset_katarak,train,aug_0_7620_jpeg.rf.436689f321d35b41a74e22cc3feb7f94.jpg,mature,C:\Personal AI & ML PROJECTS\AI IN HEALTHCARE\MY PROJECT E PAARVAI\Dataset Katarak\train\mature\aug_0_7620_jpeg.rf.436689f321d35b41a74e22cc3feb7f94.jpg,efeb36dba5829e5efb651773ec9c67dc47d165c09cdf0ae46835fdf47121fc22,ee4e89999d067253,VF_02461,1,train
dataset_katarak,train,aug_0_7621_jpeg.rf.b58014bd4cee0b5da601f33860085af9.jpg,mature,C:\Personal AI & ML PROJECTS\AI IN HEALTHCARE\MY PROJECT E PAARVAI\Dataset Katarak\train\mature\aug_0_7621_jpeg.rf.b58014bd4cee0b5da601f33860085af9.jpg,836e668cbb0e96736bcc884918edfeb44788193c2172566c816836fc7804b0aa,b0038f3ef0e2c38f,VF_02462,1,train
dataset_katarak,train,aug_0_7630_jpeg.rf.82c877e1939af92dba7e2c3702bb22ad.jpg,mature,C:\Personal AI & ML PROJECTS\AI IN HEALTHCARE\MY PROJECT E PAARVAI\Dataset Katarak\train\mature\aug_0_7630_jpeg.rf.82c877e1939af92dba7e2c3702bb22ad.jpg,da961ef4e1852eb082b7deca803969ae45a1fe570a08101e86755fdf7bb71e5c,93536cd83646992f,VF_02464,1,train
dataset_katarak,train,aug_0_7638_jpeg.rf.89432cde2bba3bce5a5c3c71db98e16b.jpg,mature,C:\Personal AI & ML PROJECTS\AI IN HEALTHCARE\MY PROJECT E PAARVAI\Dataset Katarak\train\mature\aug_0_7638_jpeg.rf.89432cde2bba3bce5a5c3c71db98e16b.jpg,bf9f69665721afd059eb9dffb3fb8ac743a4cd2eb02871426010e6822e9425e8,f5eac93035c8ca96,VF_02465,1,train
dataset_katarak,train,aug_0_7640_jpeg.rf.f92140425daefebb6bb4e46c0788d744.jpg,mature,C:\Personal AI & ML PROJECTS\AI IN HEALTHCARE\MY PROJECT E PAARVAI\Dataset Katarak\train\mature\aug_0_7640_jpeg.rf.f92140425daefebb6bb4e46c0788d744.jpg,3830882eb663bd17c477743b3fff4495f5df5e32d222b74875a72e9f3c2896ce,c6c69c1db33831f1,VF_02466,1,train
dataset_katarak,train,aug_0_7642_jpeg.rf.e8edbb1039f1a3e58d781e0fbc8989a9.jpg,mature,C:\Personal AI & ML PROJECTS\AI IN HEALTHCARE\MY PROJECT E PAARVAI\Dataset Katarak\train\mature\aug_0_7642_jpeg.rf.e8edbb1039f1a3e58d781e0fbc8989a9.jpg,0214b82f539e3fd62e53901a3c8d9e9e4dfe6780aa1452592b8a6a5b1f39578b,b2d4df81f015cb92,VF_02467,1,train
dataset_katarak,train,aug_0_7650_jpeg.rf.506bc06868ddb78f06064e3a6c60b12b.jpg,mature,C:\Personal AI & ML PROJECTS\AI IN HEALTHCARE\MY PROJECT E PAARVAI\Dataset Katarak\train\mature\aug_0_7650_jpeg.rf.506bc06868ddb78f06064e3a6c60b12b.jpg,3949982c82a22b18158f5847efe1cbf69cf557c1c36b8450c1ce6cada8f25164,ec249adea179870e,VF_02469,1,train
dataset_katarak,train,aug_0_767_jpeg.rf.bd16fe138a72840726cacb18018045c4.jpg,mature,C:\Personal AI & ML PROJECTS\AI IN HEALTHCARE\MY PROJECT E PAARVAI\Dataset Katarak\train\mature\aug_0_767_jpeg.rf.bd16fe138a72840726cacb18018045c4.jpg,bc978d3fe262a7d89857dbc1bc73bf3f185c847e9313d50bc76af9ca928e3032,b5f8da2595ca8495,VF_02471,1,train
dataset_katarak,train,aug_0_7696_jpeg.rf.e46b729e1f7f4b315ab087732828b70f.jpg,mature,C:\Personal AI & ML PROJECTS\AI IN HEALTHCARE\MY PROJECT E PAARVAI\Dataset Katarak\train\mature\aug_0_7696_jpeg.rf.e46b729e1f7f4b315ab087732828b70f.jpg,1775d3c856981ae5fafe2d9c911c3a64ba660f7153c0acdc91da98b279fb3d6f,e39c9b2718dcc11e,VF_02472,1,train
dataset_katarak,train,aug_0_76_jpeg.rf.df55df694237e74bad2dacef3f973caa.jpg,mature,C:\Personal AI & ML PROJECTS\AI IN HEALTHCARE\MY PROJECT E PAARVAI\Dataset Katarak\train\mature\aug_0_76_jpeg.rf.df55df694237e74bad2dacef3f973caa.jpg,5ad0406ee2cc72121c94de7ec196bde8965ead40bd2ac4fc421f84078fdd45fc,a6b999d66a29a447,VF_02473,1,train
dataset_katarak,train,aug_0_7722_jpeg.rf.7bd256aee1d8770e93d2ee0698eeec4d.jpg,mature,C:\Personal AI & ML PROJECTS\AI IN HEALTHCARE\MY PROJECT E PAARVAI\Dataset Katarak\train\mature\aug_0_7722_jpeg.rf.7bd256aee1d8770e93d2ee0698eeec4d.jpg,8c9d0c319c37f8ca7cec0f816cff7fc62167397b123d0c855122b085bc413329,e11a9ee461d83cda,VF_02475,1,train
dataset_katarak,train,aug_0_7758_jpeg.rf.ec997b6d706a65f5a3deadaf2e90cb2a.jpg,mature,C:\Personal AI & ML PROJECTS\AI IN HEALTHCARE\MY PROJECT E PAARVAI\Dataset Katarak\train\mature\aug_0_7758_jpeg.rf.ec997b6d706a65f5a3deadaf2e90cb2a.jpg,d9cd0e7cb2f7273d1860fa5924338e81993951c968c0a0feab279d5420813924,b297c83c374163dc,VF_02476,1,train
dataset_katarak,train,aug_0_7762_jpeg.rf.f4e03d7ea24ca56d047d9bd4c96d39ee.jpg,mature,C:\Personal AI & ML PROJECTS\AI IN HEALTHCARE\MY PROJECT E PAARVAI\Dataset Katarak\train\mature\aug_0_7762_jpeg.rf.f4e03d7ea24ca56d047d9bd4c96d39ee.jpg,824bd75edb4495ca500a57b0b8c0727f8bb63481d4847fccf3f772de2da01e78,b131dfcf90f0c087,VF_02477,1,train
dataset_katarak,train,aug_0_7765_jpeg.rf.81b3ae3bc71b0350e0074b850006c746.jpg,mature,C:\Personal AI & ML PROJECTS\AI IN HEALTHCARE\MY PROJECT E PAARVAI\Dataset Katarak\train\mature\aug_0_7765_jpeg.rf.81b3ae3bc71b0350e0074b850006c746.jpg,251aa275410b63b3bf860f55829d0c14f14fe7d9faba0f75fc518593ff16b5ea,fa30cd8d2b7e14e0,VF_02478,1,train
dataset_katarak,train,aug_0_7770_jpeg.rf.4280018cc6646a697c2f611563d64c7e.jpg,mature,C:\Personal AI & ML PROJECTS\AI IN HEALTHCARE\MY PROJECT E PAARVAI\Dataset Katarak\train\mature\aug_0_7770_jpeg.rf.4280018cc6646a697c2f611563d64c7e.jpg,b3f5a8f7f65b65aee5b8359585017042547180d7c118c4211d00a1bd11a5f651,a18bcf74a44fa7c0,VF_02479,1,train
dataset_katarak,train,aug_0_7771_jpeg.rf.a1087fb545ac85aee67d941f7d46a80c.jpg,mature,C:\Personal AI & ML PROJECTS\AI IN HEALTHCARE\MY PROJECT E PAARVAI\Dataset Katarak\train\mature\aug_0_7771_jpeg.rf.a1087fb545ac85aee67d941f7d46a80c.jpg,04f6b76764d865f22a3dcfc3f11afa47c6619267d362eec647ca35be78ff6f2a,a1de9e60940e61fd,VF_02480,1,train
dataset_katarak,train,aug_0_7792_jpeg.rf.82d6bf9b0232b12ecc6a436c4a8c8212.jpg,mature,C:\Personal AI & ML PROJECTS\AI IN HEALTHCARE\MY PROJECT E PAARVAI\Dataset Katarak\train\mature\aug_0_7792_jpeg.rf.82d6bf9b0232b12ecc6a436c4a8c8212.jpg,26db44a8156cf0658f0ba79719e271bbf319d72a85e04bae4f5510dd39240ef4,e544da6a45952eda,VF_02482,1,train
dataset_katarak,train,aug_0_7797_jpeg.rf.7656d996da2cbfe5239c387b3a968eaa.jpg,mature,C:\Personal AI & ML PROJECTS\AI IN HEALTHCARE\MY PROJECT E PAARVAI\Dataset Katarak\train\mature\aug_0_7797_jpeg.rf.7656d996da2cbfe5239c387b3a968eaa.jpg,9fdc0c660a88ef1ce0d852a94cd9ac175366052a119fbab3ce906adfb52ce834,e695c9d0a7499a65,VF_02483,1,train
dataset_katarak,train,aug_0_779_jpeg.rf.cf94465421eb8af0d8852b08a56ed87e.jpg,mature,C:\Personal AI & ML PROJECTS\AI IN HEALTHCARE\MY PROJECT E PAARVAI\Dataset Katarak\train\mature\aug_0_779_jpeg.rf.cf94465421eb8af0d8852b08a56ed87e.jpg,aaf3ca7c472310db56d8c219535b259e9f7edba259936eb5a7ef0027ba0c1894,f0304fcf9cb4e681,VF_02484,1,train
dataset_katarak,train,aug_0_7803_jpeg.rf.8d844a9771d7bf60e59ca8a968ebccac.jpg,mature,C:\Personal AI & ML PROJECTS\AI IN HEALTHCARE\MY PROJECT E PAARVAI\Dataset Katarak\train\mature\aug_0_7803_jpeg.rf.8d844a9771d7bf60e59ca8a968ebccac.jpg,38afd377d8abe4bafa60e44f48227208b0d835bb182b3fb5a7d9e45493c42612,bc8bc334cc5aa19d,VF_02487,1,train
dataset_katarak,train,aug_0_7805_jpeg.rf.1f33f2ff6ec46953b6b87fb396a2a890.jpg,mature,C:\Personal AI & ML PROJECTS\AI IN HEALTHCARE\MY PROJECT E PAARVAI\Dataset Katarak\train\mature\aug_0_7805_jpeg.rf.1f33f2ff6ec46953b6b87fb396a2a890.jpg,17b24f42285b3b712461c6757177b9ede82746b060fe56d2935663c9ab141e40,9267499336cb316d,VF_02488,1,train
dataset_katarak,train,aug_0_7822_jpeg.rf.ac6615f9316cfd1b37ddf571eb7365bd.jpg,mature,C:\Personal AI & ML PROJECTS\AI IN HEALTHCARE\MY PROJECT E PAARVAI\Dataset Katarak\train\mature\aug_0_7822_jpeg.rf.ac6615f9316cfd1b37ddf571eb7365bd.jpg,84e8cacc8a13e6ad64c1dfbbdad1b6f9c22adf7f4146e6c3d54b3acbee5f28a6,f232c388cbc0bce7,VF_02489,1,train
dataset_katarak,train,aug_0_7888_jpeg.rf.88ab4f425fe0829ecfdaec3ad6c352f4.jpg,mature,C:\Personal AI & ML PROJECTS\AI IN HEALTHCARE\MY PROJECT E PAARVAI\Dataset Katarak\train\mature\aug_0_7888_jpeg.rf.88ab4f425fe0829ecfdaec3ad6c352f4.jpg,cd7019e96ea68e869d4736a0d048e6d930cbc5ffdb35569a7dcbab2e473c1cff,f4cbc9343549e389,VF_02490,1,train
dataset_katarak,train,aug_0_790_jpeg.rf.1896913b76f2508ec6f32c0eb8dbbaac.jpg,mature,C:\Personal AI & ML PROJECTS\AI IN HEALTHCARE\MY PROJECT E PAARVAI\Dataset Katarak\train\mature\aug_0_790_jpeg.rf.1896913b76f2508ec6f32c0eb8dbbaac.jpg,d543df550623a6a9d35258c39915ad4f77990c2d8f2772ddea8120b073ef5d45,b4cbf4744ba8526a,VF_02491,1,train
dataset_katarak,train,aug_0_7928_jpeg.rf.883b3ca15b2ba45afc4dbfae7e044b87.jpg,mature,C:\Personal AI & ML PROJECTS\AI IN HEALTHCARE\MY PROJECT E PAARVAI\Dataset Katarak\train\mature\aug_0_7928_jpeg.rf.883b3ca15b2ba45afc4dbfae7e044b87.jpg,2d0c4321e4d9c4dc79b5beb60bd92549ba65ae10ac42bd585820794a35fb04a4,b2cdf0240dfa6974,VF_02493,1,train
dataset_katarak,train,aug_0_7960_jpeg.rf.17504899e1902f6896a8e50430fa4094.jpg,mature,C:\Personal AI & ML PROJECTS\AI IN HEALTHCARE\MY PROJECT E PAARVAI\Dataset Katarak\train\mature\aug_0_7960_jpeg.rf.17504899e1902f6896a8e50430fa4094.jpg,cfa19aad7689487c5389f9c217dea48c9e8020a17648414e154aa05f077090e0,aac89c564bae4c3b,VF_02496,1,train
dataset_katarak,train,aug_0_7980_jpeg.rf.34628091b2d80cb44a551b64844a4d52.jpg,mature,C:\Personal AI & ML PROJECTS\AI IN HEALTHCARE\MY PROJECT E PAARVAI\Dataset Katarak\train\mature\aug_0_7980_jpeg.rf.34628091b2d80cb44a551b64844a4d52.jpg,f92a45f7d76545995a823eeb2d5a6cd7c409ff1effe89d15d2991219eb9b2c8b,e9b9d68668fb6600,VF_02498,1,train
dataset_katarak,train,aug_0_798_jpeg.rf.7adc8346bc0ae838d373d89893a02459.jpg,mature,C:\Personal AI & ML PROJECTS\AI IN HEALTHCARE\MY PROJECT E PAARVAI\Dataset Katarak\train\mature\aug_0_798_jpeg.rf.7adc8346bc0ae838d373d89893a02459.jpg,bcefffac6bcb6d258bcaa2381201bc6cc8100edfa4ba6e00156f70669987a5eb,f626d9394484a6ee,VF_02500,1,train
dataset_katarak,train,aug_0_8014_jpeg.rf.c742026bd878377d8a4b10fb3cf20da1.jpg,mature,C:\Personal AI & ML PROJECTS\AI IN HEALTHCARE\MY PROJECT E PAARVAI\Dataset Katarak\train\mature\aug_0_8014_jpeg.rf.c742026bd878377d8a4b10fb3cf20da1.jpg,c3d40974665089f2c8791a26c5bd11f6bc6ec56e603e29f55dc318ef67982d46,eb63a3855c3d0f81,VF_02501,1,train
dataset_katarak,train,aug_0_8016_jpeg.rf.4f7ed43e89da38bc22168ed3e388cfb5.jpg,mature,C:\Personal AI & ML PROJECTS\AI IN HEALTHCARE\MY PROJECT E PAARVAI\Dataset Katarak\train\mature\aug_0_8016_jpeg.rf.4f7ed43e89da38bc22168ed3e388cfb5.jpg,5f4fd080b5bf793c94192325bbfca907720c4a9d428206b073f5cc9ca9a529e6,fa66c9f01204abb7,VF_02502,1,train
dataset_katarak,train,aug_0_805_jpeg.rf.1959d4ba568ee37a5e6ac9bbe6aea9ea.jpg,mature,C:\Personal AI & ML PROJECTS\AI IN HEALTHCARE\MY PROJECT E PAARVAI\Dataset Katarak\train\mature\aug_0_805_jpeg.rf.1959d4ba568ee37a5e6ac9bbe6aea9ea.jpg,7504d893d84ab34bf7fd66ee7247d713bd6d8df191d3077ceea9c570760760ba,b4a2cbf52c4a93ac,VF_02503,1,train
dataset_katarak,train,aug_0_8069_jpeg.rf.39f0f27b714a8c1a0105f04edee8bd1a.jpg,mature,C:\Personal AI & ML PROJECTS\AI IN HEALTHCARE\MY PROJECT E PAARVAI\Dataset Katarak\train\mature\aug_0_8069_jpeg.rf.39f0f27b714a8c1a0105f04edee8bd1a.jpg,7ead26b17b9be0dd7c3921df5cd80e454807fad9f2f77daee8fe63532fac1d2c,e103de7ae1c1c61e,VF_02504,1,train
dataset_katarak,train,aug_0_8090_jpeg.rf.c3e59b4537f31f4f2155c445f7fa5eb2.jpg,mature,C:\Personal AI & ML PROJECTS\AI IN HEALTHCARE\MY PROJECT E PAARVAI\Dataset Katarak\train\mature\aug_0_8090_jpeg.rf.c3e59b4537f31f4f2155c445f7fa5eb2.jpg,f9772bf65035f184197b2cbf9e95c2947a12877412612421497a9d6f4737289d,db70ccc4b1227bc9,VF_02505,1,train
dataset_katarak,train,aug_0_8119_jpeg.rf.cbb6d98012a6864adb80347a989f0df6.jpg,mature,C:\Personal AI & ML PROJECTS\AI IN HEALTHCARE\MY PROJECT E PAARVAI\Dataset Katarak\train\mature\aug_0_8119_jpeg.rf.cbb6d98012a6864adb80347a989f0df6.jpg,0817c40374de0b95b675625d91949b44bc7171b4d318a79428d84a9ad58ff473,b123df9f92f0c007,VF_02507,1,train
dataset_katarak,train,aug_0_8129_jpeg.rf.64aec3c20f056c2a3b9b6822ee5422b1.jpg,mature,C:\Personal AI & ML PROJECTS\AI IN HEALTHCARE\MY PROJECT E PAARVAI\Dataset Katarak\train\mature\aug_0_8129_jpeg.rf.64aec3c20f056c2a3b9b6822ee5422b1.jpg,e1400f2049f87110f30522705d179b24679ad86a6c131300faeb39c016a79bb6,b4cbcf300b8bb40f,VF_02509,1,train
dataset_katarak,train,aug_0_8140_jpeg.rf.4be81c6ddb25fad79e9c188dafa09803.jpg,mature,C:\Personal AI & ML PROJECTS\AI IN HEALTHCARE\MY PROJECT E PAARVAI\Dataset Katarak\train\mature\aug_0_8140_jpeg.rf.4be81c6ddb25fad79e9c188dafa09803.jpg,05b230f4a5af8dc9905789e8fa1a79e6943a414d7f50fdd746ccee9c7497318c,e7bcb8638c08c357,VF_02510,1,train
dataset_katarak,train,aug_0_8156_jpeg.rf.0b48c71f253e21168f95a61701298ec6.jpg,mature,C:\Personal AI & ML PROJECTS\AI IN HEALTHCARE\MY PROJECT E PAARVAI\Dataset Katarak\train\mature\aug_0_8156_jpeg.rf.0b48c71f253e21168f95a61701298ec6.jpg,5ff9532a4db189bcf13cd366b90fd37f6325118021927c7bcbddcca0f0df135f,b9d49668d265f870,VF_02513,1,train
dataset_katarak,train,aug_0_8167_jpeg.rf.ebb1ebf852e1b41ab74a2f16157fbd7c.jpg,mature,C:\Personal AI & ML PROJECTS\AI IN HEALTHCARE\MY PROJECT E PAARVAI\Dataset Katarak\train\mature\aug_0_8167_jpeg.rf.ebb1ebf852e1b41ab74a2f16157fbd7c.jpg,b5f8e97b08e93c6fb19d383570e0735e60df955b16e6995be151230a69eda6f3,e29de7500d6f805d,VF_02514,1,train
dataset_katarak,train,aug_0_8232_jpeg.rf.e19ca2126d426a2415c68f9cbc98b728.jpg,mature,C:\Personal AI & ML PROJECTS\AI IN HEALTHCARE\MY PROJECT E PAARVAI\Dataset Katarak\train\mature\aug_0_8232_jpeg.rf.e19ca2126d426a2415c68f9cbc98b728.jpg,f7d0a388c26dcbf7be8557008d7413422c198d51f73e5b41c75ea154421e91b9,f588ca35c35a35a9,VF_02515,1,train
dataset_katarak,train,aug_0_8258_jpeg.rf.6dc27c735ac9746672444339aa27b483.jpg,mature,C:\Personal AI & ML PROJECTS\AI IN HEALTHCARE\MY PROJECT E PAARVAI\Dataset Katarak\train\mature\aug_0_8258_jpeg.rf.6dc27c735ac9746672444339aa27b483.jpg,f8d3497c15839932db442ebb35da2cb27e869456002e29361ffaef2c47b12c08,d73768d89931a5c4,VF_02516,1,train
dataset_katarak,train,aug_0_8265_jpeg.rf.dc696fb2c44bc6a66493842232fb1039.jpg,mature,C:\Personal AI & ML PROJECTS\AI IN HEALTHCARE\MY PROJECT E PAARVAI\Dataset Katarak\train\mature\aug_0_8265_jpeg.rf.dc696fb2c44bc6a66493842232fb1039.jpg,2dc291fc69d2f9e549c8bc2c97c375319d89e2ca8bcf974b5b405eef3e5d0a11,e7c2980971e1f3e4,VF_02517,1,train
dataset_katarak,train,aug_0_8267_jpeg.rf.d546dd5ba8324cadf9a2748e3893cc82.jpg,mature,C:\Personal AI & ML PROJECTS\AI IN HEALTHCARE\MY PROJECT E PAARVAI\Dataset Katarak\train\mature\aug_0_8267_jpeg.rf.d546dd5ba8324cadf9a2748e3893cc82.jpg,4bf25f5814afc84a34f3e35fda9e09caab4662e86818f6dc7a46936ac1db7457,b2688df734599278,VF_02518,1,train
dataset_katarak,train,aug_0_8320_jpeg.rf.527af382feefe06ce1eefdfc6cba92e0.jpg,mature,C:\Personal AI & ML PROJECTS\AI IN HEALTHCARE\MY PROJECT E PAARVAI\Dataset Katarak\train\mature\aug_0_8320_jpeg.rf.527af382feefe06ce1eefdfc6cba92e0.jpg,a5772dc079783a8983b23bceed637bcfed530526c7677d75c34199920ced7105,c7ea183b636166c6,VF_02522,1,train
dataset_katarak,train,aug_0_8321_jpeg.rf.7b6712b54d5a157dbfd67333a9328f29.jpg,mature,C:\Personal AI & ML PROJECTS\AI IN HEALTHCARE\MY PROJECT E PAARVAI\Dataset Katarak\train\mature\aug_0_8321_jpeg.rf.7b6712b54d5a157dbfd67333a9328f29.jpg,416dd2ba661d6952de3f8cc056fbdf6186e955cb4f70e2ada49c6b1dd710db8c,a268c9c736bc638e,VF_02523,1,train
dataset_katarak,train,aug_0_8324_jpeg.rf.a3e9bd9ff3a36fc8202a399219673622.jpg,mature,C:\Personal AI & ML PROJECTS\AI IN HEALTHCARE\MY PROJECT E PAARVAI\Dataset Katarak\train\mature\aug_0_8324_jpeg.rf.a3e9bd9ff3a36fc8202a399219673622.jpg,e6e4980cae664791d2ebd3c5a48583bb196ed3d0c5135e8daa6d094aa86e5719,f0cfc5706f80161f,VF_02524,1,train
dataset_katarak,train,aug_0_8326_jpeg.rf.f870c6dc9a3eb40fd2d4342cf43877f2.jpg,mature,C:\Personal AI & ML PROJECTS\AI IN HEALTHCARE\MY PROJECT E PAARVAI\Dataset Katarak\train\mature\aug_0_8326_jpeg.rf.f870c6dc9a3eb40fd2d4342cf43877f2.jpg,c76617960dbc03bf74178a8c7eba7b525e993906a707ab01c06a8730b26048fa,e554da63a1a79694,VF_02525,1,train
dataset_katarak,train,aug_0_8329_jpeg.rf.4598413b914d519525eb37093d6e27a8.jpg,mature,C:\Personal AI & ML PROJECTS\AI IN HEALTHCARE\MY PROJECT E PAARVAI\Dataset Katarak\train\mature\aug_0_8329_jpeg.rf.4598413b914d519525eb37093d6e27a8.jpg,c267352ac8b3599fbe36551d32a5d1bc469e79798d661fd623119199b36f9576,a09d9f61f00fca3c,VF_02526,1,train
dataset_katarak,train,aug_0_8334_jpeg.rf.6864328c1389c4e9ffa11933f9427ecc.jpg,mature,C:\Personal AI & ML PROJECTS\AI IN HEALTHCARE\MY PROJECT E PAARVAI\Dataset Katarak\train\mature\aug_0_8334_jpeg.rf.6864328c1389c4e9ffa11933f9427ecc.jpg,fd27359f4436c64e0775f90c63229d1fe6bed8a753320953649ba9e0b58912d8,f2eecd3036cde280,VF_02527,1,train
dataset_katarak,train,aug_0_8342_jpeg.rf.5bce2df0251a9757e4a6c7778e6b9825.jpg,mature,C:\Personal AI & ML PROJECTS\AI IN HEALTHCARE\MY PROJECT E PAARVAI\Dataset Katarak\train\mature\aug_0_8342_jpeg.rf.5bce2df0251a9757e4a6c7778e6b9825.jpg,824178382483753cc4a5bd64523a28859f526822cacf148bc38158abe7853bfe,fe3789d805668d29,VF_02528,1,train
dataset_katarak,train,aug_0_8352_jpeg.rf.20c91f3e7ff8bd48264a5f34cf54791a.jpg,mature,C:\Personal AI & ML PROJECTS\AI IN HEALTHCARE\MY PROJECT E PAARVAI\Dataset Katarak\train\mature\aug_0_8352_jpeg.rf.20c91f3e7ff8bd48264a5f34cf54791a.jpg,df654eb595af97e6d7682543736e3d6763f870140c80b89e3df56a1828966af6,b2c0df8de894a71a,VF_02529,1,train
dataset_katarak,train,aug_0_8369_jpeg.rf.9544f01c5ba6df37c631a1dac19e24d5.jpg,mature,C:\Personal AI & ML PROJECTS\AI IN HEALTHCARE\MY PROJECT E PAARVAI\Dataset Katarak\train\mature\aug_0_8369_jpeg.rf.9544f01c5ba6df37c631a1dac19e24d5.jpg,46286b4aa941babea9f04f635badc46ff6ba1afca04b8d6d19220350b69f80bd,e08f8ff0c2031f3e,VF_02530,1,train
dataset_katarak,train,aug_0_8376_jpeg.rf.8369832e8c237b505ac6074d3cb362ba.jpg,mature,C:\Personal AI & ML PROJECTS\AI IN HEALTHCARE\MY PROJECT E PAARVAI\Dataset Katarak\train\mature\aug_0_8376_jpeg.rf.8369832e8c237b505ac6074d3cb362ba.jpg,6e97aef5d5c3635fc71383de0ff62e4377a7838ed67511d002e9cc3df9202b39,e545b49af85ab099,VF_02532,1,train
dataset_katarak,train,aug_0_8377_jpeg.rf.fee2fac5ec779086049728b5efeeec18.jpg,mature,C:\Personal AI & ML PROJECTS\AI IN HEALTHCARE\MY PROJECT E PAARVAI\Dataset Katarak\train\mature\aug_0_8377_jpeg.rf.fee2fac5ec779086049728b5efeeec18.jpg,d4ed13dc4df9c250daa130c15c43c7ba1660f78f4773d3bee154a5e0f2d4dc93,e4348f4b38e0b787,VF_02533,1,train
dataset_katarak,train,aug_0_8408_jpeg.rf.e90f78d77189b859ffa58017968fc309.jpg,mature,C:\Personal AI & ML PROJECTS\AI IN HEALTHCARE\MY PROJECT E PAARVAI\Dataset Katarak\train\mature\aug_0_8408_jpeg.rf.e90f78d77189b859ffa58017968fc309.jpg,b494dfc2a5d0ede94205c87ce51869d04637abcf532e623381e9b382b4b02b4f,b94ed67568d245e0,VF_02534,1,train
dataset_katarak,train,aug_0_8414_jpeg.rf.b1b5631bda6ea43c8c5a1a625ff5d607.jpg,mature,C:\Personal AI & ML PROJECTS\AI IN HEALTHCARE\MY PROJECT E PAARVAI\Dataset Katarak\train\mature\aug_0_8414_jpeg.rf.b1b5631bda6ea43c8c5a1a625ff5d607.jpg,0c6e715010582c700237cccce7a36c6dc8999b196bd13dc053e174f26e62226e,a64fb6d914944d93,VF_02535,1,train
dataset_katarak,train,aug_0_8420_jpeg.rf.8d474946b2c44230c0f34627b46f29d2.jpg,mature,C:\Personal AI & ML PROJECTS\AI IN HEALTHCARE\MY PROJECT E PAARVAI\Dataset Katarak\train\mature\aug_0_8420_jpeg.rf.8d474946b2c44230c0f34627b46f29d2.jpg,49824ed7d3d87b2b4f81800f5849e68a1506b3a26bdcfdcf083029459f7acdfb,93a8683736b9d9d0,VF_02536,1,train
dataset_katarak,train,aug_0_8422_jpeg.rf.b388c131dad01840aba47bd9b44edff5.jpg,mature,C:\Personal AI & ML PROJECTS\AI IN HEALTHCARE\MY PROJECT E PAARVAI\Dataset Katarak\train\mature\aug_0_8422_jpeg.rf.b388c131dad01840aba47bd9b44edff5.jpg,4eea3cf9d5d970e490accbcc740da5f9abbdf6b362d1aeda5a5a35888b61a7e8,b4cb83bc4a338dd4,VF_02537,1,train
dataset_katarak,train,aug_0_8433_jpeg.rf.44e106e639c7632063aaf1c261ce8524.jpg,mature,C:\Personal AI & ML PROJECTS\AI IN HEALTHCARE\MY PROJECT E PAARVAI\Dataset Katarak\train\mature\aug_0_8433_jpeg.rf.44e106e639c7632063aaf1c261ce8524.jpg,e9ea31546e73be367b1fabee8187ce997c1833d176b66d3cc56bfdc72d47cc6e,fdcac32552608d9e,VF_02538,1,train
dataset_katarak,train,aug_0_8444_jpeg.rf.e051641608f385f8f4c5a718d6b8d985.jpg,mature,C:\Personal AI & ML PROJECTS\AI IN HEALTHCARE\MY PROJECT E PAARVAI\Dataset Katarak\train\mature\aug_0_8444_jpeg.rf.e051641608f385f8f4c5a718d6b8d985.jpg,7813eac8bbf32f46cf4f5b5765e13ffe8e20cd1d9ab5b0659b158eda064462b1,f7c8c13749f8260b,VF_02539,1,train
dataset_katarak,train,aug_0_8465_jpeg.rf.ab691b2f490607f418941e5a9642e1ee.jpg,mature,C:\Personal AI & ML PROJECTS\AI IN HEALTHCARE\MY PROJECT E PAARVAI\Dataset Katarak\train\mature\aug_0_8465_jpeg.rf.ab691b2f490607f418941e5a9642e1ee.jpg,ac410caabd1b87b99d98fb4934a1549c6a073d56c8341a1a008cfb4726edbc47,ef90906f4c586aea,VF_02541,1,train
dataset_katarak,train,aug_0_846_jpeg.rf.4a561f442f38f8a9652a2d7e2d33e8f8.jpg,mature,C:\Personal AI & ML PROJECTS\AI IN HEALTHCARE\MY PROJECT E PAARVAI\Dataset Katarak\train\mature\aug_0_846_jpeg.rf.4a561f442f38f8a9652a2d7e2d33e8f8.jpg,aa0b2f61157e10f99f3cdb2755fe9aeaa7957071aa7f0f18fd4137e2eaac1926,e1d59e5a61e18696,VF_02542,1,train
dataset_katarak,train,aug_0_8471_jpeg.rf.1f0c70971a1fa994df09a327821d3ad1.jpg,mature,C:\Personal AI & ML PROJECTS\AI IN HEALTHCARE\MY PROJECT E PAARVAI\Dataset Katarak\train\mature\aug_0_8471_jpeg.rf.1f0c70971a1fa994df09a327821d3ad1.jpg,5f6b9e7b9cbb8712400b42e97bf02bf2cd7adce181a9ecd786760e76d52a0843,e7688a3575da42c3,VF_02543,1,train
dataset_katarak,train,aug_0_8490_jpeg.rf.fe3b05292ae7c6dbff6dcc7680ed6d98.jpg,mature,C:\Personal AI & ML PROJECTS\AI IN HEALTHCARE\MY PROJECT E PAARVAI\Dataset Katarak\train\mature\aug_0_8490_jpeg.rf.fe3b05292ae7c6dbff6dcc7680ed6d98.jpg,abd125a140334ad7b844ab079e66e02d9a277511c0209aece6f226f89e5b373d,b0cf8f30343fe3c0,VF_02545,1,train
dataset_katarak,train,aug_0_850_jpeg.rf.2148dbc3948bc1d4524f712a775f400b.jpg,mature,C:\Personal AI & ML PROJECTS\AI IN HEALTHCARE\MY PROJECT E PAARVAI\Dataset Katarak\train\mature\aug_0_850_jpeg.rf.2148dbc3948bc1d4524f712a775f400b.jpg,69a8c53bd3d16786e53f6eca6a7f4b14862cdd808d29dd9511aa2196a25043ee,b4ce8bc0fc09c23f,VF_02547,1,train
dataset_katarak,train,aug_0_8567_jpeg.rf.e04534e2d316b6acb125b1c2ebe8a716.jpg,mature,C:\Personal AI & ML PROJECTS\AI IN HEALTHCARE\MY PROJECT E PAARVAI\Dataset Katarak\train\mature\aug_0_8567_jpeg.rf.e04534e2d316b6acb125b1c2ebe8a716.jpg,778375bb5289ef295640bba5be4b4128ffd4964f4adafdfc4bf8146851957d18,e1e59e1b71272c26,VF_02549,1,train
dataset_katarak,train,aug_0_857_jpeg.rf.b9267e526adc987f039616bb7252a782.jpg,mature,C:\Personal AI & ML PROJECTS\AI IN HEALTHCARE\MY PROJECT E PAARVAI\Dataset Katarak\train\mature\aug_0_857_jpeg.rf.b9267e526adc987f039616bb7252a782.jpg,8d5f24f7a9657a429c24cb4c459df0e997aafdf975202da035a9ac906cb3ac7c,f120da9a4de5b2d2,VF_02550,1,train
dataset_katarak,train,aug_0_860_jpeg.rf.f4fc1b357430e331c19aef84f7a47ed9.jpg,mature,C:\Personal AI & ML PROJECTS\AI IN HEALTHCARE\MY PROJECT E PAARVAI\Dataset Katarak\train\mature\aug_0_860_jpeg.rf.f4fc1b357430e331c19aef84f7a47ed9.jpg,3db1a5925399262105b178042f461d088d6ea29ae591bd0277b2b77a476e74ef,8706b899670799bb,VF_02551,1,train
dataset_katarak,train,aug_0_8620_jpeg.rf.426e58f09bef1fea65bf1fdbd7b455b7.jpg,mature,C:\Personal AI & ML PROJECTS\AI IN HEALTHCARE\MY PROJECT E PAARVAI\Dataset Katarak\train\mature\aug_0_8620_jpeg.rf.426e58f09bef1fea65bf1fdbd7b455b7.jpg,4135bd72801ec1d33797997b527bcbfddef9fc1e835a6c811e9bc26aa0225c47,e19e25717e019e78,VF_02553,1,train
dataset_katarak,train,aug_0_8637_jpeg.rf.a64d055d98ac591b81d3f8edb63ad7f3.jpg,mature,C:\Personal AI & ML PROJECTS\AI IN HEALTHCARE\MY PROJECT E PAARVAI\Dataset Katarak\train\mature\aug_0_8637_jpeg.rf.a64d055d98ac591b81d3f8edb63ad7f3.jpg,a75c296049d9acb0ab23fb23aaf36c634c62b7393c2f65e8db07ced61c647463,b5cad23cc852f4d8,VF_02555,1,train
dataset_katarak,train,aug_0_8648_jpeg.rf.a83fdaa0b5c99472d5c0045630901541.jpg,mature,C:\Personal AI & ML PROJECTS\AI IN HEALTHCARE\MY PROJECT E PAARVAI\Dataset Katarak\train\mature\aug_0_8648_jpeg.rf.a83fdaa0b5c99472d5c0045630901541.jpg,b7f433426d1d25230e46b43a8acbaef98ab703463024da6bff52a4ed693a5b5a,e51b9e9461ca25b6,VF_02556,1,train
dataset_katarak,train,aug_0_8663_jpeg.rf.b8d98f583b60f3b634989b3f57d5dfee.jpg,mature,C:\Personal AI & ML PROJECTS\AI IN HEALTHCARE\MY PROJECT E PAARVAI\Dataset Katarak\train\mature\aug_0_8663_jpeg.rf.b8d98f583b60f3b634989b3f57d5dfee.jpg,cc011f6e7d9097fb2df390aabab768d034905d449fb1aa366338107cf7ebe0d9,ba3ac445877a36e1,VF_02558,1,train
dataset_katarak,train,aug_0_8665_jpeg.rf.63dd72db6ff153b3a501462bf3631fe5.jpg,mature,C:\Personal AI & ML PROJECTS\AI IN HEALTHCARE\MY PROJECT E PAARVAI\Dataset Katarak\train\mature\aug_0_8665_jpeg.rf.63dd72db6ff153b3a501462bf3631fe5.jpg,dcc8de5b1129cbba76021bff0955174c85ea63a702a3620aba626e672e1b4181,e743bc9c8ce74388,VF_02559,1,train
dataset_katarak,train,aug_0_8678_jpeg.rf.3a679442de38222852556ea1e1a3c0b7.jpg,mature,C:\Personal AI & ML PROJECTS\AI IN HEALTHCARE\MY PROJECT E PAARVAI\Dataset Katarak\train\mature\aug_0_8678_jpeg.rf.3a679442de38222852556ea1e1a3c0b7.jpg,a3c597fbef486b4380abc0aecd5d8ab67c805e519b318057625d680931cd9d6d,f0cccf623419cd2e,VF_02560,1,train
dataset_katarak,train,aug_0_8682_jpeg.rf.e2d364488b07ef421f8fe7d0ae5622b6.jpg,mature,C:\Personal AI & ML PROJECTS\AI IN HEALTHCARE\MY PROJECT E PAARVAI\Dataset Katarak\train\mature\aug_0_8682_jpeg.rf.e2d364488b07ef421f8fe7d0ae5622b6.jpg,c9b4dedaadfb321e82a16fdcd6756523b429d8447081d71d316f245e1eb1d40e,b0818f3dbc727389,VF_02561,1,train
dataset_katarak,train,aug_0_8684_jpeg.rf.b9065bd17fcc6e3f65988e92ce099d6f.jpg,mature,C:\Personal AI & ML PROJECTS\AI IN HEALTHCARE\MY PROJECT E PAARVAI\Dataset Katarak\train\mature\aug_0_8684_jpeg.rf.b9065bd17fcc6e3f65988e92ce099d6f.jpg,036afd79ea2ba1cd8bc99bc947ad32b5d1d5535418856ceefda0291b3877d64f,92ad6d363691d9c2,VF_02562,1,train
dataset_katarak,train,aug_0_871_jpeg.rf.695b579af4120d2ad4f18e4e0a99482a.jpg,mature,C:\Personal AI & ML PROJECTS\AI IN HEALTHCARE\MY PROJECT E PAARVAI\Dataset Katarak\train\mature\aug_0_871_jpeg.rf.695b579af4120d2ad4f18e4e0a99482a.jpg,d033fabcaf44c2ab4a7a208e80dde1d139021d4dc1a00e8fa93e59203aa0b590,fa53855d7fa8a084,VF_02565,1,train
dataset_katarak,train,aug_0_8743_jpeg.rf.7bfad832358b52c4f9f8945f42d41e04.jpg,mature,C:\Personal AI & ML PROJECTS\AI IN HEALTHCARE\MY PROJECT E PAARVAI\Dataset Katarak\train\mature\aug_0_8743_jpeg.rf.7bfad832358b52c4f9f8945f42d41e04.jpg,b26064a55e101822b9554bbd0b6eec53259a3a509e4a117b51144efa70026187,e59aad734a8d34a1,VF_02566,1,train
dataset_katarak,train,aug_0_8759_jpeg.rf.cbba3e2250c5a22392b60b52473f8ba3.jpg,mature,C:\Personal AI & ML PROJECTS\AI IN HEALTHCARE\MY PROJECT E PAARVAI\Dataset Katarak\train\mature\aug_0_8759_jpeg.rf.cbba3e2250c5a22392b60b52473f8ba3.jpg,4a26d3dd353e1423f5b079a8a8f70e35c88b37c34fbd385c0b69e4bfc2827989,c3349c5331dd78b1,VF_02567,1,train
dataset_katarak,train,aug_0_876_jpeg.rf.0937ca7f48e78f41d5b0fe54ec7cc335.jpg,mature,C:\Personal AI & ML PROJECTS\AI IN HEALTHCARE\MY PROJECT E PAARVAI\Dataset Katarak\train\mature\aug_0_876_jpeg.rf.0937ca7f48e78f41d5b0fe54ec7cc335.jpg,e3b4b9ac8d3e857e74bee5ab9475ba1afda5b7f26fbfee133f1669e0359ee216,f646d8a96395342b,VF_02568,1,train
dataset_katarak,train,aug_0_8770_jpeg.rf.29c16f68c81a58f4e843711cb4fc5066.jpg,mature,C:\Personal AI & ML PROJECTS\AI IN HEALTHCARE\MY PROJECT E PAARVAI\Dataset Katarak\train\mature\aug_0_8770_jpeg.rf.29c16f68c81a58f4e843711cb4fc5066.jpg,0d25c5657cdfe757cce25b04dc59ff516e9f528f20cd91db8eb33982332c5e09,e335dcd5232e1c52,VF_02569,1,train
dataset_katarak,train,aug_0_8807_jpeg.rf.374f5ada9bb6209784e8951cefe8593a.jpg,mature,C:\Personal AI & ML PROJECTS\AI IN HEALTHCARE\MY PROJECT E PAARVAI\Dataset Katarak\train\mature\aug_0_8807_jpeg.rf.374f5ada9bb6209784e8951cefe8593a.jpg,a4f5e243093710f304f3e1bf030fbd0c65a0c1dd0196e59c46c727fd9fbf8e41,e266a7c83e2a0f8b,VF_02570,1,train
dataset_katarak,train,aug_0_8813_jpeg.rf.9da765c97a65f22a783037e00e6b8146.jpg,mature,C:\Personal AI & ML PROJECTS\AI IN HEALTHCARE\MY PROJECT E PAARVAI\Dataset Katarak\train\mature\aug_0_8813_jpeg.rf.9da765c97a65f22a783037e00e6b8146.jpg,c8de44ad5034864d9e15315fb218eca971908f16c509e59aad9673ae7768b597,d28fcf38b0c9383c,VF_02571,1,train
dataset_katarak,train,aug_0_8814_jpeg.rf.e23d9aa6e51724a4a4cf830dca625103.jpg,mature,C:\Personal AI & ML PROJECTS\AI IN HEALTHCARE\MY PROJECT E PAARVAI\Dataset Katarak\train\mature\aug_0_8814_jpeg.rf.e23d9aa6e51724a4a4cf830dca625103.jpg,a3364749c878bbea85d93fde30fbd27a22d6f49b6f400eec8e80164fca6979ac,a8d3c77afaa1a094,VF_02572,1,train
dataset_katarak,train,aug_0_8818_jpeg.rf.a02a172e9519ad436548aae284204b1f.jpg,mature,C:\Personal AI & ML PROJECTS\AI IN HEALTHCARE\MY PROJECT E PAARVAI\Dataset Katarak\train\mature\aug_0_8818_jpeg.rf.a02a172e9519ad436548aae284204b1f.jpg,9620907e3675e0e5ad2f7950309d383a0d5b59434eb4e1f51b9b0db6f3329d31,c7c7981c333962e3,VF_02573,1,train
dataset_katarak,train,aug_0_8834_jpeg.rf.e14d6c2e928f93a12121865a67072832.jpg,mature,C:\Personal AI & ML PROJECTS\AI IN HEALTHCARE\MY PROJECT E PAARVAI\Dataset Katarak\train\mature\aug_0_8834_jpeg.rf.e14d6c2e928f93a12121865a67072832.jpg,50e1f9ca4295b12849e166af59fcd87a0709187d279e46fdef6c3cf5862ec67c,a19da42317326bb7,VF_02574,1,train
dataset_katarak,train,aug_0_8838_jpeg.rf.39f1ceb2398d5adc25ccfabdf2b9f572.jpg,mature,C:\Personal AI & ML PROJECTS\AI IN HEALTHCARE\MY PROJECT E PAARVAI\Dataset Katarak\train\mature\aug_0_8838_jpeg.rf.39f1ceb2398d5adc25ccfabdf2b9f572.jpg,75714840aef39056e1609552bbfffcaf0a6c63a3dd51ee77b0fdd99e7ee8652a,f830cdcf2dfa12c0,VF_02575,1,train
dataset_katarak,train,aug_0_8841_jpeg.rf.bf67f570df984b9200b0f21dfbf57ef6.jpg,mature,C:\Personal AI & ML PROJECTS\AI IN HEALTHCARE\MY PROJECT E PAARVAI\Dataset Katarak\train\mature\aug_0_8841_jpeg.rf.bf67f570df984b9200b0f21dfbf57ef6.jpg,b178c291ed9da8ac5d259f14626427b7483c5aea29aee6a1781c1f147a67330c,bb1af23ee509c039,VF_02576,1,train
dataset_katarak,train,aug_0_8845_jpeg.rf.cabba91d0de8e710d7d25b28b2417291.jpg,mature,C:\Personal AI & ML PROJECTS\AI IN HEALTHCARE\MY PROJECT E PAARVAI\Dataset Katarak\train\mature\aug_0_8845_jpeg.rf.cabba91d0de8e710d7d25b28b2417291.jpg,3d60a3b2052c0389a4f118abf4efa799511504ec222d4cd6c5b7613f82b2b40e,b434cbcb0a74b4f2,VF_02577,1,train
dataset_katarak,train,aug_0_8853_jpeg.rf.dda797d032dcaa86adc644c4472dd2db.jpg,mature,C:\Personal AI & ML PROJECTS\AI IN HEALTHCARE\MY PROJECT E PAARVAI\Dataset Katarak\train\mature\aug_0_8853_jpeg.rf.dda797d032dcaa86adc644c4472dd2db.jpg,486fa54856673edbcbc008128d9851b8cdc801839ede69138de600e731f8e1c1,e5958acab527423e,VF_02578,1,train
dataset_katarak,train,aug_0_8886_jpeg.rf.f5740eb405f2e374543cbd3e5c373e9d.jpg,mature,C:\Personal AI & ML PROJECTS\AI IN HEALTHCARE\MY PROJECT E PAARVAI\Dataset Katarak\train\mature\aug_0_8886_jpeg.rf.f5740eb405f2e374543cbd3e5c373e9d.jpg,3067e9730639ee203c35f426805e6e296c606aa0999d7426b9f1cde8f70e9b49,86259992e5676c9e,VF_02580,1,train
dataset_katarak,train,aug_0_8910_jpeg.rf.d37dcfbb9f728afed087cbfb9e95c54e.jpg,mature,C:\Personal AI & ML PROJECTS\AI IN HEALTHCARE\MY PROJECT E PAARVAI\Dataset Katarak\train\mature\aug_0_8910_jpeg.rf.d37dcfbb9f728afed087cbfb9e95c54e.jpg,c92a17e40db3e66bcdcbd288732a2a73c1f880cb6ec16f74d945fdeb9e3e7dc1,fc18c3743cf2631c,VF_02581,1,train
dataset_katarak,train,aug_0_8912_jpeg.rf.739a8731f3a68015af4c1f274244742f.jpg,mature,C:\Personal AI & ML PROJECTS\AI IN HEALTHCARE\MY PROJECT E PAARVAI\Dataset Katarak\train\mature\aug_0_8912_jpeg.rf.739a8731f3a68015af4c1f274244742f.jpg,a6992dd3e6370dfae494f25f998ef0e5b72aa8e7e0ed2a6992eb10f3c4cec796,9393c94866673796,VF_02582,1,train
dataset_katarak,train,aug_0_8921_jpeg.rf.5ad38d006acb3ed8b0ed751092f18366.jpg,mature,C:\Personal AI & ML PROJECTS\AI IN HEALTHCARE\MY PROJECT E PAARVAI\Dataset Katarak\train\mature\aug_0_8921_jpeg.rf.5ad38d006acb3ed8b0ed751092f18366.jpg,0dfacae9120a0a4dc56f14f56bc91fe07125a2dcdf0951d8c2504a5d8c799188,f73760c898c133e5,VF_02583,1,train
dataset_katarak,train,aug_0_8957_jpeg.rf.0e892110530555653b0c55b94e9c4928.jpg,mature,C:\Personal AI & ML PROJECTS\AI IN HEALTHCARE\MY PROJECT E PAARVAI\Dataset Katarak\train\mature\aug_0_8957_jpeg.rf.0e892110530555653b0c55b94e9c4928.jpg,e2e405f0285c746ef36dc12bbaa135ee49ecac500fce95f726e711fa42db0608,ecc2913b8c62ebcc,VF_02586,1,train
dataset_katarak,train,aug_0_8968_jpeg.rf.0ad2c6fd5c47c2d6868e4d218a31d7ce.jpg,mature,C:\Personal AI & ML PROJECTS\AI IN HEALTHCARE\MY PROJECT E PAARVAI\Dataset Katarak\train\mature\aug_0_8968_jpeg.rf.0ad2c6fd5c47c2d6868e4d218a31d7ce.jpg,2ab71240b13ef800dce64d297835de5463da0c283dbeee7f85be8fab44b2cf09,f666a98184b2bc9d,VF_02587,1,train
dataset_katarak,train,aug_0_9000_jpeg.rf.3cd33adf0149e2842116ee6f61784ff3.jpg,mature,C:\Personal AI & ML PROJECTS\AI IN HEALTHCARE\MY PROJECT E PAARVAI\Dataset Katarak\train\mature\aug_0_9000_jpeg.rf.3cd33adf0149e2842116ee6f61784ff3.jpg,86c8224c7c4756a800745af7ed89475aa9a560dc67d2e980a4be946bb4446ebf,b4cbc3344bbe8c70,VF_02589,1,train
dataset_katarak,train,aug_0_9016_jpeg.rf.b0f8b56aa97f42e057f678e4743e68b4.jpg,mature,C:\Personal AI & ML PROJECTS\AI IN HEALTHCARE\MY PROJECT E PAARVAI\Dataset Katarak\train\mature\aug_0_9016_jpeg.rf.b0f8b56aa97f42e057f678e4743e68b4.jpg,be589dee10a321a362880cf78116c30996d00a6f27d24b7de0c745f885a7a7cb,b441ca6aaca497d7,VF_02592,1,train
dataset_katarak,train,aug_0_9080_jpeg.rf.bbb9d8e0a22d40052aeebe1c0e5bb0e7.jpg,mature,C:\Personal AI & ML PROJECTS\AI IN HEALTHCARE\MY PROJECT E PAARVAI\Dataset Katarak\train\mature\aug_0_9080_jpeg.rf.bbb9d8e0a22d40052aeebe1c0e5bb0e7.jpg,1462233b64e9f26bb235112b0e87bd32c236f11d3664b05d31259db093be390d,ec90b367951dd219,VF_02595,1,train
dataset_katarak,train,aug_0_9095_jpeg.rf.996e0ccabaa80d89fd8dff8e22b2a600.jpg,mature,C:\Personal AI & ML PROJECTS\AI IN HEALTHCARE\MY PROJECT E PAARVAI\Dataset Katarak\train\mature\aug_0_9095_jpeg.rf.996e0ccabaa80d89fd8dff8e22b2a600.jpg,4aa2787554da9c560b8c44adad0bd7ccff41d8362dc172ae3e0826b346c10612,b4cb811e7b60863f,VF_02597,1,train
dataset_katarak,train,aug_0_90_jpeg.rf.27cf3458fb06889c501d0c07c8e83241.jpg,mature,C:\Personal AI & ML PROJECTS\AI IN HEALTHCARE\MY PROJECT E PAARVAI\Dataset Katarak\train\mature\aug_0_90_jpeg.rf.27cf3458fb06889c501d0c07c8e83241.jpg,42ebd8e03d6f05578f1cc4ce9159900befca07e0205b5eecba8ce08594d04d9e,ad2598987aafe1c4,VF_02598,1,train
dataset_katarak,train,aug_0_9160_jpeg.rf.5b314236c650517fe09d9d3a1dca2c5a.jpg,mature,C:\Personal AI & ML PROJECTS\AI IN HEALTHCARE\MY PROJECT E PAARVAI\Dataset Katarak\train\mature\aug_0_9160_jpeg.rf.5b314236c650517fe09d9d3a1dca2c5a.jpg,d76dbd2d2362552376dabf9c5d60e31693156b5000e4fff528c1d532b8a9868a,a28d8d33115ff760,VF_02601,1,train
dataset_katarak,train,aug_0_9169_jpeg.rf.c9e0e45b10182665f0e5c2ce141dbfd2.jpg,mature,C:\Personal AI & ML PROJECTS\AI IN HEALTHCARE\MY PROJECT E PAARVAI\Dataset Katarak\train\mature\aug_0_9169_jpeg.rf.c9e0e45b10182665f0e5c2ce141dbfd2.jpg,53a1bc5f9e062fefa2d1b12ade403450df8a9f99c0efed9c2448439657b55f24,a19fa023173663b7,VF_02602,1,train
dataset_katarak,train,aug_0_9188_jpeg.rf.fd7a083749d600046fb2de96f04ad452.jpg,mature,C:\Personal AI & ML PROJECTS\AI IN HEALTHCARE\MY PROJECT E PAARVAI\Dataset Katarak\train\mature\aug_0_9188_jpeg.rf.fd7a083749d600046fb2de96f04ad452.jpg,5ea62e5c7addbac563207d133638f95f78d2274653064345d2c58b014b0b1348,f5cac335c228ad1e,VF_02603,1,train
dataset_katarak,train,aug_0_9193_jpeg.rf.369cd3e54fe26fb33a6093f93be06189.jpg,mature,C:\Personal AI & ML PROJECTS\AI IN HEALTHCARE\MY PROJECT E PAARVAI\Dataset Katarak\train\mature\aug_0_9193_jpeg.rf.369cd3e54fe26fb33a6093f93be06189.jpg,59912aa3084713a9aa5706928b0599294721e0897525fb4b5b0eff718d04feb6,a111cccf8f7a3271,VF_02604,1,train
dataset_katarak,train,aug_0_9197_jpeg.rf.44c8258ae52c51e735f6128acd3bf7fe.jpg,mature,C:\Personal AI & ML PROJECTS\AI IN HEALTHCARE\MY PROJECT E PAARVAI\Dataset Katarak\train\mature\aug_0_9197_jpeg.rf.44c8258ae52c51e735f6128acd3bf7fe.jpg,94bbac2fa17b4965daf052bbad9a2c237a2e2ed2c629c808f0bdf0973d31a1d7,c73098e77bc66630,VF_02605,1,train
dataset_katarak,train,aug_0_9209_jpeg.rf.71b3f372675c8bedaf26ca9d1ae74792.jpg,mature,C:\Personal AI & ML PROJECTS\AI IN HEALTHCARE\MY PROJECT E PAARVAI\Dataset Katarak\train\mature\aug_0_9209_jpeg.rf.71b3f372675c8bedaf26ca9d1ae74792.jpg,9e768162a779ca2bb1ddd2f2d81a24a22d8269e6987caff996a06bdfa544e2eb,f6c8892717980fd6,VF_02607,1,train
dataset_katarak,train,aug_0_9302_jpeg.rf.d138af6647477dd7d951cde0e732ea8e.jpg,mature,C:\Personal AI & ML PROJECTS\AI IN HEALTHCARE\MY PROJECT E PAARVAI\Dataset Katarak\train\mature\aug_0_9302_jpeg.rf.d138af6647477dd7d951cde0e732ea8e.jpg,6de2dc6be8f173796565859699ea533fc14e4bcc591df39e35a1a1fcea29d923,f0306bc78ddc34e2,VF_02608,1,train
dataset_katarak,train,aug_0_9308_jpeg.rf.50eb68b1cf5c30e162da1cb9da9be058.jpg,mature,C:\Personal AI & ML PROJECTS\AI IN HEALTHCARE\MY PROJECT E PAARVAI\Dataset Katarak\train\mature\aug_0_9308_jpeg.rf.50eb68b1cf5c30e162da1cb9da9be058.jpg,aa50ac95b7396f73821f5bf3874ed1eb9daeb52a3b8f90eceded9b9d247258c1,b4aeca95ac5b9328,VF_02609,1,train
dataset_katarak,train,aug_0_9315_jpeg.rf.32083b041f86732519a0c06912045781.jpg,mature,C:\Personal AI & ML PROJECTS\AI IN HEALTHCARE\MY PROJECT E PAARVAI\Dataset Katarak\train\mature\aug_0_9315_jpeg.rf.32083b041f86732519a0c06912045781.jpg,4c8f5cc4805490ab907e8d0d3939f881923cfbe7ccc7b9ae48f545f31311c163,b46fcbf52cc0b441,VF_02611,1,train
dataset_katarak,train,aug_0_9338_jpeg.rf.245892b164818fbd195649e8ddce0bba.jpg,mature,C:\Personal AI & ML PROJECTS\AI IN HEALTHCARE\MY PROJECT E PAARVAI\Dataset Katarak\train\mature\aug_0_9338_jpeg.rf.245892b164818fbd195649e8ddce0bba.jpg,f7285bce3693464c24511bfdd82a92c194820db8c9fc5b7057549d1517bb3f4e,e161d61e1f89c87c,VF_02612,1,train
dataset_katarak,train,aug_0_9374_jpeg.rf.fab07d4bb6f6e0941a14e4f71c134bef.jpg,mature,C:\Personal AI & ML PROJECTS\AI IN HEALTHCARE\MY PROJECT E PAARVAI\Dataset Katarak\train\mature\aug_0_9374_jpeg.rf.fab07d4bb6f6e0941a14e4f71c134bef.jpg,e6a15bdf3910792384528f09013c876b61c968c2f13f81c475788fed1da14f21,e161d61e1f88f836,VF_02615,1,train
dataset_katarak,train,aug_0_9380_jpeg.rf.a06e43066df30a9990a2f1a393100307.jpg,mature,C:\Personal AI & ML PROJECTS\AI IN HEALTHCARE\MY PROJECT E PAARVAI\Dataset Katarak\train\mature\aug_0_9380_jpeg.rf.a06e43066df30a9990a2f1a393100307.jpg,a55ee6dbf3bed60dd787f7b7e42952fde7ce731d0c5349cab01f3a2f372eb9f9,e6699936f4c843c5,VF_02617,1,train
dataset_katarak,train,aug_0_9389_jpeg.rf.bc35b1e940655661fd1bc9f28561ef80.jpg,mature,C:\Personal AI & ML PROJECTS\AI IN HEALTHCARE\MY PROJECT E PAARVAI\Dataset Katarak\train\mature\aug_0_9389_jpeg.rf.bc35b1e940655661fd1bc9f28561ef80.jpg,25a7b40c29547a78138a5f6060269d40fc71e3b488dab7158adb580db6c23c28,e7c29c5925e3968a,VF_02618,1,train
dataset_katarak,train,aug_0_9403_jpeg.rf.e98d9ed3f79b3d25111dd5882349f143.jpg,mature,C:\Personal AI & ML PROJECTS\AI IN HEALTHCARE\MY PROJECT E PAARVAI\Dataset Katarak\train\mature\aug_0_9403_jpeg.rf.e98d9ed3f79b3d25111dd5882349f143.jpg,3c645dac7af3d9b11b6c4eec00b8355e93767ed10134f1c1739048d84b81ae2b,f03069cf8ddc34f0,VF_02620,1,train
dataset_katarak,train,aug_0_9404_jpeg.rf.346e8a4a45c10cfd2342ec7aa4bafe11.jpg,mature,C:\Personal AI & ML PROJECTS\AI IN HEALTHCARE\MY PROJECT E PAARVAI\Dataset Katarak\train\mature\aug_0_9404_jpeg.rf.346e8a4a45c10cfd2342ec7aa4bafe11.jpg,965d8cdfe44d2eb08ee8b2716d425154df6b5c601c4b9cac6c0ac49f88dd8955,e73bdaa6601ae309,VF_02621,1,train
dataset_katarak,train,aug_0_9407_jpeg.rf.396cfc427d97fed17e2fb393c7c9b7f0.jpg,mature,C:\Personal AI & ML PROJECTS\AI IN HEALTHCARE\MY PROJECT E PAARVAI\Dataset Katarak\train\mature\aug_0_9407_jpeg.rf.396cfc427d97fed17e2fb393c7c9b7f0.jpg,3c9a4f943c3a0bb49ea81cb52d12da86c741b95da74035b83611529feb2c3e37,ec9393661c3a6ae1,VF_02622,1,train
dataset_katarak,train,aug_0_9487_jpeg.rf.48b100c45eca85a3f7e7d71a25c5390e.jpg,mature,C:\Personal AI & ML PROJECTS\AI IN HEALTHCARE\MY PROJECT E PAARVAI\Dataset Katarak\train\mature\aug_0_9487_jpeg.rf.48b100c45eca85a3f7e7d71a25c5390e.jpg,725d7e36cd7ed7967f512165df7d38eabbb4ba0ca2de38a4659b9768a2184405,efb0916fd09062d3,VF_02624,1,train
dataset_katarak,train,aug_0_9501_jpeg.rf.93b1807951022f6d99f5824ee8cc92f9.jpg,mature,C:\Personal AI & ML PROJECTS\AI IN HEALTHCARE\MY PROJECT E PAARVAI\Dataset Katarak\train\mature\aug_0_9501_jpeg.rf.93b1807951022f6d99f5824ee8cc92f9.jpg,9cb93c03e1260462f2f414269a2d2a9cb93a9f45b49b5e1d433413762f20d08b,b0b1cb1e2478707f,VF_02626,1,train
dataset_katarak,train,aug_0_9513_jpeg.rf.260297b55ab4a311a5797508106c9fd7.jpg,mature,C:\Personal AI & ML PROJECTS\AI IN HEALTHCARE\MY PROJECT E PAARVAI\Dataset Katarak\train\mature\aug_0_9513_jpeg.rf.260297b55ab4a311a5797508106c9fd7.jpg,ef9c2628fbf2923e4ce4ba1d7220143dada2e777299e26f040eeb19cc3d65bb3,a91dcec409d23f4b,VF_02628,1,train
dataset_katarak,train,aug_0_9518_jpeg.rf.366cddd7647329db1a3bb11dbc08dc46.jpg,mature,C:\Personal AI & ML PROJECTS\AI IN HEALTHCARE\MY PROJECT E PAARVAI\Dataset Katarak\train\mature\aug_0_9518_jpeg.rf.366cddd7647329db1a3bb11dbc08dc46.jpg,52882f439c458fac5605f00f8105ee9028911627ff0efc653464f42cd6304fc6,fd25e1de529f0508,VF_02630,1,train
dataset_katarak,train,aug_0_9519_jpeg.rf.980215a81eaa667549e2bf72d007c841.jpg,mature,C:\Personal AI & ML PROJECTS\AI IN HEALTHCARE\MY PROJECT E PAARVAI\Dataset Katarak\train\mature\aug_0_9519_jpeg.rf.980215a81eaa667549e2bf72d007c841.jpg,56201fc5ac46305e19df10c93d2463f595b36da14c61abf9eaf7937d27ade283,e803d685a8dda763,VF_02631,1,train
dataset_katarak,train,aug_0_9552_jpeg.rf.909dd3f15ae6f413ee3d318eced4e931.jpg,mature,C:\Personal AI & ML PROJECTS\AI IN HEALTHCARE\MY PROJECT E PAARVAI\Dataset Katarak\train\mature\aug_0_9552_jpeg.rf.909dd3f15ae6f413ee3d318eced4e931.jpg,55e3d40ae38b20790e59cc51a0b3cb2b72e3106f6ac62cbd55b0606369865a6d,e7b9d854616a3625,VF_02632,1,train
dataset_katarak,train,aug_0_9557_jpeg.rf.75c30f4c5a58f3e84d72f33b0e4883e9.jpg,mature,C:\Personal AI & ML PROJECTS\AI IN HEALTHCARE\MY PROJECT E PAARVAI\Dataset Katarak\train\mature\aug_0_9557_jpeg.rf.75c30f4c5a58f3e84d72f33b0e4883e9.jpg,9f973ff6c224c16b2709729d65771c06223f51945b9a7eff0fe169fadb587ae9,ac1dc25e29bc8657,VF_02633,1,train
dataset_katarak,train,aug_0_958_jpeg.rf.a712edfd67855ddeb9e9d1b831667ece.jpg,mature,C:\Personal AI & ML PROJECTS\AI IN HEALTHCARE\MY PROJECT E PAARVAI\Dataset Katarak\train\mature\aug_0_958_jpeg.rf.a712edfd67855ddeb9e9d1b831667ece.jpg,a7ec97d4a17f301e6fd723182823fe42edc419862c6313dd99a366c2f6ed4319,e0ad8f70c09fd9c8,VF_02635,1,train
dataset_katarak,train,aug_0_9603_jpeg.rf.c7f34a6510e1c65afe1c645224a48bd3.jpg,mature,C:\Personal AI & ML PROJECTS\AI IN HEALTHCARE\MY PROJECT E PAARVAI\Dataset Katarak\train\mature\aug_0_9603_jpeg.rf.c7f34a6510e1c65afe1c645224a48bd3.jpg,acaab22bbc44f8215163fbb4691b99724b588f9c2af0f60981e23cadaf1046f5,e5948ad8bdc1e247,VF_02637,1,train
dataset_katarak,train,aug_0_962_jpeg.rf.5ce8d0598079d12c67454fd0a4064a24.jpg,mature,C:\Personal AI & ML PROJECTS\AI IN HEALTHCARE\MY PROJECT E PAARVAI\Dataset Katarak\train\mature\aug_0_962_jpeg.rf.5ce8d0598079d12c67454fd0a4064a24.jpg,93b103ee412453ecdb8978a469ff1ac89b2c6def7f3b7a4bb5448baff775988a,e64fa378b41c95e0,VF_02639,1,train
dataset_katarak,train,aug_0_9645_jpeg.rf.c9661161be08ac7b760823aca23c98a7.jpg,mature,C:\Personal AI & ML PROJECTS\AI IN HEALTHCARE\MY PROJECT E PAARVAI\Dataset Katarak\train\mature\aug_0_9645_jpeg.rf.c9661161be08ac7b760823aca23c98a7.jpg,c75fa151cad955771f4f7d6bc8ebbcfe92b10dae7bcc3ded266e76681e01e83a,b04ecbe126bf6087,VF_02640,1,train
dataset_katarak,train,aug_0_9680_jpeg.rf.98ff48d6352b1a2b4653d9d1f2dd3ee1.jpg,mature,C:\Personal AI & ML PROJECTS\AI IN HEALTHCARE\MY PROJECT E PAARVAI\Dataset Katarak\train\mature\aug_0_9680_jpeg.rf.98ff48d6352b1a2b4653d9d1f2dd3ee1.jpg,38724c52f75e31583a45ec3b4fc3d2037b6fb4fd24c7b254715121b19655dd1c,a6993e64c872654f,VF_02644,1,train
dataset_katarak,train,aug_0_9685_jpeg.rf.0cca31e02a92ddabc452cf4cb79d3d47.jpg,mature,C:\Personal AI & ML PROJECTS\AI IN HEALTHCARE\MY PROJECT E PAARVAI\Dataset Katarak\train\mature\aug_0_9685_jpeg.rf.0cca31e02a92ddabc452cf4cb79d3d47.jpg,5344ecb0a3803812a182595d4906b6730f48ba739b509199b7680844b4952005,b4cfcb34348ada16,VF_02645,1,train
dataset_katarak,train,aug_0_9696_jpeg.rf.8b58034bd739f218a5cc5cf9c23407eb.jpg,mature,C:\Personal AI & ML PROJECTS\AI IN HEALTHCARE\MY PROJECT E PAARVAI\Dataset Katarak\train\mature\aug_0_9696_jpeg.rf.8b58034bd739f218a5cc5cf9c23407eb.jpg,ac9c9f38370c860c33c6f1c12fe91091a8dadaa640342f26f7b16ac90fef3e4d,e7d2d85961e0879a,VF_02646,1,train
dataset_katarak,train,aug_0_9717_jpeg.rf.ede92aaa8fb8fac0070af1da8bc24f14.jpg,mature,C:\Personal AI & ML PROJECTS\AI IN HEALTHCARE\MY PROJECT E PAARVAI\Dataset Katarak\train\mature\aug_0_9717_jpeg.rf.ede92aaa8fb8fac0070af1da8bc24f14.jpg,5c998b4b4f7d6189708e5c144c6bc5f8c51de86be4daa22e1e09e5e3f6b104c0,e1dede61917ee080,VF_02647,1,train
dataset_katarak,train,aug_0_9723_jpeg.rf.b612da0918daca3299ef73b2034fee53.jpg,mature,C:\Personal AI & ML PROJECTS\AI IN HEALTHCARE\MY PROJECT E PAARVAI\Dataset Katarak\train\mature\aug_0_9723_jpeg.rf.b612da0918daca3299ef73b2034fee53.jpg,ba96302866dc254ba2a887aca5754ef2cf60848ee4aa1a50a7e84d608e838c41,aa6f95914aa2b6c9,VF_02648,1,train
dataset_katarak,train,aug_0_9745_jpeg.rf.a8810455bd555aba2153ceeae0e0a8ec.jpg,mature,C:\Personal AI & ML PROJECTS\AI IN HEALTHCARE\MY PROJECT E PAARVAI\Dataset Katarak\train\mature\aug_0_9745_jpeg.rf.a8810455bd555aba2153ceeae0e0a8ec.jpg,075e087be71bd99641376af6b3c267c07f811492afab2206cf9f59ea3478919c,f727c89831e5c499,VF_02649,1,train
dataset_katarak,train,aug_0_9749_jpeg.rf.141759f11ffb9e2cf3090249bbf3a1ff.jpg,mature,C:\Personal AI & ML PROJECTS\AI IN HEALTHCARE\MY PROJECT E PAARVAI\Dataset Katarak\train\mature\aug_0_9749_jpeg.rf.141759f11ffb9e2cf3090249bbf3a1ff.jpg,ca857dde795319bc5b24e18c37ee8b3c4b89dcbdb4ff1bde50cc23926a4d9509,b3c8f6d860b7d0c4,VF_02651,1,train
dataset_katarak,train,aug_0_9750_jpeg.rf.a24ead0ed209d33b914e19ce7eaa4ca8.jpg,mature,C:\Personal AI & ML PROJECTS\AI IN HEALTHCARE\MY PROJECT E PAARVAI\Dataset Katarak\train\mature\aug_0_9750_jpeg.rf.a24ead0ed209d33b914e19ce7eaa4ca8.jpg,225827f0eee16df90dfdeccd6e649150ae4d5ee0348cc7694d2ada7e7df38c59,b698c136867b50ed,VF_02653,1,train
dataset_katarak,train,aug_0_975_jpeg.rf.d834f277add4a34a12bee77ead202560.jpg,mature,C:\Personal AI & ML PROJECTS\AI IN HEALTHCARE\MY PROJECT E PAARVAI\Dataset Katarak\train\mature\aug_0_975_jpeg.rf.d834f277add4a34a12bee77ead202560.jpg,aeb7bc70e536b8ed6fb2fdfb8ef51234867c99bfcf98bd396e78b9a84859b9ff,added22989d3cc88,VF_02654,1,train
dataset_katarak,train,aug_0_9786_jpeg.rf.7b4eb0af809de37c98532e8f3a06250a.jpg,mature,C:\Personal AI & ML PROJECTS\AI IN HEALTHCARE\MY PROJECT E PAARVAI\Dataset Katarak\train\mature\aug_0_9786_jpeg.rf.7b4eb0af809de37c98532e8f3a06250a.jpg,d968445f90e7fc13b7d96d39027c13f246f6635eb1ae1b4393e22fb69ad9b868,a3079d34f0a2c3cf,VF_02655,1,train
dataset_katarak,train,aug_0_9787_jpeg.rf.195ecbe0d5460d2f678fbd142f3546ca.jpg,mature,C:\Personal AI & ML PROJECTS\AI IN HEALTHCARE\MY PROJECT E PAARVAI\Dataset Katarak\train\mature\aug_0_9787_jpeg.rf.195ecbe0d5460d2f678fbd142f3546ca.jpg,3a6a694f92364e9119aaa2221f91442cba847934d991c89a20f015a24df85491,f727d83944a5a2ca,VF_02656,1,train
dataset_katarak,train,aug_0_9812_jpeg.rf.90407e0d7506303afe4a8ccf81a1a8d8.jpg,mature,C:\Personal AI & ML PROJECTS\AI IN HEALTHCARE\MY PROJECT E PAARVAI\Dataset Katarak\train\mature\aug_0_9812_jpeg.rf.90407e0d7506303afe4a8ccf81a1a8d8.jpg,0c0a21e016398eaa86dfb2ab95d18cfdcc0472f732ab34bb004ba38feb2b323b,b27e8bf0344b923c,VF_02659,1,train
dataset_katarak,train,aug_0_984_jpeg.rf.62977615bbefee9faa19f29db3ffdddd.jpg,mature,C:\Personal AI & ML PROJECTS\AI IN HEALTHCARE\MY PROJECT E PAARVAI\Dataset Katarak\train\mature\aug_0_984_jpeg.rf.62977615bbefee9faa19f29db3ffdddd.jpg,d645439b5bb2e3d2ef727d18d171c2e33a8c047972223ee6896fc5899cc6d432,b131cf9ef8f0c481,VF_02660,1,train
dataset_katarak,train,aug_0_9864_jpeg.rf.e942a35bf938ff7bca58300c13c6be57.jpg,mature,C:\Personal AI & ML PROJECTS\AI IN HEALTHCARE\MY PROJECT E PAARVAI\Dataset Katarak\train\mature\aug_0_9864_jpeg.rf.e942a35bf938ff7bca58300c13c6be57.jpg,34db1d5cbeb59ee12ae7ec72959adeab6e01111bf33d73cf446717f55ead4634,e744d8aa659536ca,VF_02663,1,train
dataset_katarak,train,aug_0_9867_jpeg.rf.1d3263a580f7c25994d91b03dbc19407.jpg,mature,C:\Personal AI & ML PROJECTS\AI IN HEALTHCARE\MY PROJECT E PAARVAI\Dataset Katarak\train\mature\aug_0_9867_jpeg.rf.1d3263a580f7c25994d91b03dbc19407.jpg,a052798a265df48fb7cc470124cd727ae4ba623246bb8037eb3cbaf6673dc05c,e66b8827fc38e229,VF_02664,1,train
dataset_katarak,train,aug_0_9932_jpeg.rf.4b8af2c1fe6283896d7d5bc2021238ee.jpg,mature,C:\Personal AI & ML PROJECTS\AI IN HEALTHCARE\MY PROJECT E PAARVAI\Dataset Katarak\train\mature\aug_0_9932_jpeg.rf.4b8af2c1fe6283896d7d5bc2021238ee.jpg,62af06cf781c3b0127b5e0889ae90048e47b49486690156f5db163c29d032ab0,f73d9c8635189670,VF_02665,1,train
dataset_katarak,train,aug_0_9939_jpeg.rf.edd1689efeef06fd0acb096b804fe9b7.jpg,mature,C:\Personal AI & ML PROJECTS\AI IN HEALTHCARE\MY PROJECT E PAARVAI\Dataset Katarak\train\mature\aug_0_9939_jpeg.rf.edd1689efeef06fd0acb096b804fe9b7.jpg,7d1662baa6f723ad906310bf2a6a791b927e342e27b91eb7fe7818a0a4331796,b434cb8b4b24bcb6,VF_02666,1,train
dataset_katarak,train,aug_0_9956_jpeg.rf.efa0d725497239647be1fa061e9cb270.jpg,mature,C:\Personal AI & ML PROJECTS\AI IN HEALTHCARE\MY PROJECT E PAARVAI\Dataset Katarak\train\mature\aug_0_9956_jpeg.rf.efa0d725497239647be1fa061e9cb270.jpg,9f8bd1d64ebd14cbb64e6dfc0e423a5ba2193df9bdfcc703ca9670bf287e7e51,b480cb0f74b4d2db,VF_02667,1,train
dataset_katarak,train,aug_0_9960_jpeg.rf.05f5f721fe61b0adb12890addbfe68a5.jpg,mature,C:\Personal AI & ML PROJECTS\AI IN HEALTHCARE\MY PROJECT E PAARVAI\Dataset Katarak\train\mature\aug_0_9960_jpeg.rf.05f5f721fe61b0adb12890addbfe68a5.jpg,a02e2f2bff936d959f0dca372f445c36be27cd24f914d50848f77fce6d204f3d,aac485eb7a45859b,VF_02668,1,train
dataset_katarak,train,aug_0_998_jpeg.rf.60f3013c8802e62f7eb95e94421630aa.jpg,mature,C:\Personal AI & ML PROJECTS\AI IN HEALTHCARE\MY PROJECT E PAARVAI\Dataset Katarak\train\mature\aug_0_998_jpeg.rf.60f3013c8802e62f7eb95e94421630aa.jpg,527ec6eb5ee329a5f1c14feb021a800951a4edb7d9dfac73522f1d510c390f09,f438cfc7e26c2521,VF_02670,1,train
dataset_katarak,test,aug_0_1122_jpeg.rf.5cb60347196020f10143ae8dd9689710.jpg,normal,C:\Personal AI & ML PROJECTS\AI IN HEALTHCARE\MY PROJECT E PAARVAI\Dataset Katarak\test\normal\aug_0_1122_jpeg.rf.5cb60347196020f10143ae8dd9689710.jpg,82f5cf217172e4c78c201088aae12667963bc6f3d05cf80a63f84556c180f397,d262d78fcd69c0e0,VF_02673,1,train
dataset_katarak,test,aug_0_1149_jpeg.rf.d3ac88b5241ea3e26f740ae3fe0b5792.jpg,normal,C:\Personal AI & ML PROJECTS\AI IN HEALTHCARE\MY PROJECT E PAARVAI\Dataset Katarak\test\normal\aug_0_1149_jpeg.rf.d3ac88b5241ea3e26f740ae3fe0b5792.jpg,57857447d708c411cf87dbc714bcbdbdadb80d87da99b6e32db0286eceb14522,f29d8d62b2588b65,VF_02674,1,train
dataset_katarak,test,aug_0_1157_jpeg.rf.30149d7b5a0ba5f6239667e5b094700b.jpg,normal,C:\Personal AI & ML PROJECTS\AI IN HEALTHCARE\MY PROJECT E PAARVAI\Dataset Katarak\test\normal\aug_0_1157_jpeg.rf.30149d7b5a0ba5f6239667e5b094700b.jpg,364eaf2bea8ab2bc8ec70eef85f4cf08418921d6740e1f54de858d2378d59ef3,f49bc7704b85e816,VF_02675,1,train
dataset_katarak,test,aug_0_1183_jpeg.rf.f612516915a47b2a327bd03ca0ce3910.jpg,normal,C:\Personal AI & ML PROJECTS\AI IN HEALTHCARE\MY PROJECT E PAARVAI\Dataset Katarak\test\normal\aug_0_1183_jpeg.rf.f612516915a47b2a327bd03ca0ce3910.jpg,616ad33749c894406a10c3299b1258bad05bd4872c2db7e0b8cc75a95bf5b4d9,b4edcbb4145b7045,VF_02676,1,train
dataset_katarak,test,aug_0_1258_jpeg.rf.25745774f88135b08170b2d7147496f9.jpg,normal,C:\Personal AI & ML PROJECTS\AI IN HEALTHCARE\MY PROJECT E PAARVAI\Dataset Katarak\test\normal\aug_0_1258_jpeg.rf.25745774f88135b08170b2d7147496f9.jpg,d084d5202504dac135696909e15d53b6628e923e042a37d9d6c3e0cb3bbcbb8d,e3d89ce15b1ee098,VF_02677,1,train
dataset_katarak,test,aug_0_1263_jpeg.rf.6fc46be7aae576a797697d588caa292a.jpg,normal,C:\Personal AI & ML PROJECTS\AI IN HEALTHCARE\MY PROJECT E PAARVAI\Dataset Katarak\test\normal\aug_0_1263_jpeg.rf.6fc46be7aae576a797697d588caa292a.jpg,3b52f49ecc97d1007f4b2728dc3171675d4ad6086625b063627a2ea0146f8528,b0cdcbf06c4b354c,VF_02678,1,train
dataset_katarak,test,aug_0_1460_jpeg.rf.68d1d4dcef5156c5eb5029c3fd8b96f8.jpg,normal,C:\Personal AI & ML PROJECTS\AI IN HEALTHCARE\MY PROJECT E PAARVAI\Dataset Katarak\test\normal\aug_0_1460_jpeg.rf.68d1d4dcef5156c5eb5029c3fd8b96f8.jpg,e9b04589a55b381792b4993194353f76d2ab926357bbc996b8824b8d2ed9d6c7,e19e9e615a86e985,VF_02679,1,train
dataset_katarak,test,aug_0_1488_jpeg.rf.75bf68a72e4cee391d522e07e0d3b5c0.jpg,normal,C:\Personal AI & ML PROJECTS\AI IN HEALTHCARE\MY PROJECT E PAARVAI\Dataset Katarak\test\normal\aug_0_1488_jpeg.rf.75bf68a72e4cee391d522e07e0d3b5c0.jpg,07931aa7a2a1d5679f005fd6e7cd21b011c48ffbc923b3dd476847245bc62131,f828d7c7082a7ab5,VF_02680,1,train
dataset_katarak,test,aug_0_1526_jpeg.rf.3d92760ca39c928b6edee2b85583644e.jpg,normal,C:\Personal AI & ML PROJECTS\AI IN HEALTHCARE\MY PROJECT E PAARVAI\Dataset Katarak\test\normal\aug_0_1526_jpeg.rf.3d92760ca39c928b6edee2b85583644e.jpg,f3df435ba178afb4b63f806a124052b923ee4dc00bee85c50f4bd7e66ebe20d0,a1dc956b56c52a56,VF_02681,1,train
dataset_katarak,test,aug_0_1763_jpeg.rf.10ba4db7bc77bbf43b6ea8ee2e1662b0.jpg,normal,C:\Personal AI & ML PROJECTS\AI IN HEALTHCARE\MY PROJECT E PAARVAI\Dataset Katarak\test\normal\aug_0_1763_jpeg.rf.10ba4db7bc77bbf43b6ea8ee2e1662b0.jpg,431f3bc587139d3929bf3084e4fec6fb0653ccf7c54b6a1ce156b56f2fbf2905,b2e5e4320f49764b,VF_02683,1,train
dataset_katarak,test,aug_0_1764_jpeg.rf.ab2d295f8cfc53f247050bd850ab7523.jpg,normal,C:\Personal AI & ML PROJECTS\AI IN HEALTHCARE\MY PROJECT E PAARVAI\Dataset Katarak\test\normal\aug_0_1764_jpeg.rf.ab2d295f8cfc53f247050bd850ab7523.jpg,1c401bcea8a75c91c89d13d6c3907edd061a6e3390250428525c36f120550ed4,b481cb35354a5abd,VF_02684,1,train
dataset_katarak,test,aug_0_1768_jpeg.rf.903b88f6ab94c34e989f4fb638f1bb66.jpg,normal,C:\Personal AI & ML PROJECTS\AI IN HEALTHCARE\MY PROJECT E PAARVAI\Dataset Katarak\test\normal\aug_0_1768_jpeg.rf.903b88f6ab94c34e989f4fb638f1bb66.jpg,9fcf0884aac846cc126f0162895644e9a13e8251931ee103cc12276eddd0c862,f48fcb702b91d04b,VF_02685,1,train
dataset_katarak,test,aug_0_1829_jpeg.rf.4254732e213d9496523c1d549e76f623.jpg,normal,C:\Personal AI & ML PROJECTS\AI IN HEALTHCARE\MY PROJECT E PAARVAI\Dataset Katarak\test\normal\aug_0_1829_jpeg.rf.4254732e213d9496523c1d549e76f623.jpg,db6d72cd3bf1f66ee647d982213bebb5c6877323a8d45d941b4fef55c8004645,e0e0971e28f875e5,VF_02686,1,train
dataset_katarak,test,aug_0_1833_jpeg.rf.e3bd6b142164f943d5d492a2c660f95f.jpg,normal,C:\Personal AI & ML PROJECTS\AI IN HEALTHCARE\MY PROJECT E PAARVAI\Dataset Katarak\test\normal\aug_0_1833_jpeg.rf.e3bd6b142164f943d5d492a2c660f95f.jpg,912002a05e3170335a13d49f18b378bd191a14bacc6b68c8eb5c0ea901afb2a2,bd7590c2420bcf8f,VF_02687,1,train
dataset_katarak,test,aug_0_1834_jpeg.rf.f3fcd1c51ff740ced944850240bb692c.jpg,normal,C:\Personal AI & ML PROJECTS\AI IN HEALTHCARE\MY PROJECT E PAARVAI\Dataset Katarak\test\normal\aug_0_1834_jpeg.rf.f3fcd1c51ff740ced944850240bb692c.jpg,d6fbf84bf1244ac677ef7d06ceed2698bfa59e02e7fee81c67731c6fb562fb0e,f41ecf28b097d960,VF_02688,1,train
dataset_katarak,test,aug_0_2046_jpeg.rf.a6670506f0f01dbbf7b97abb51b768a2.jpg,normal,C:\Personal AI & ML PROJECTS\AI IN HEALTHCARE\MY PROJECT E PAARVAI\Dataset Katarak\test\normal\aug_0_2046_jpeg.rf.a6670506f0f01dbbf7b97abb51b768a2.jpg,3491cd3de5eb8dcc5baf0a2b2c9dfa46f8e91bbb1388c655bd026d366a49a857,b434cb8b4a5e8f0d,VF_02691,1,train
dataset_katarak,test,aug_0_2163_jpeg.rf.a927bac0ecf75f2b4dc8cae229fbc00c.jpg,normal,C:\Personal AI & ML PROJECTS\AI IN HEALTHCARE\MY PROJECT E PAARVAI\Dataset Katarak\test\normal\aug_0_2163_jpeg.rf.a927bac0ecf75f2b4dc8cae229fbc00c.jpg,fee355d0e739b1ed1571abef59713387c26ef181c7f5077c16741b2a6222418f,e7019e9e5a31e968,VF_02692,1,train
dataset_katarak,test,aug_0_2233_jpeg.rf.2759ce4838ccfa8bab0b2562f91abbb7.jpg,normal,C:\Personal AI & ML PROJECTS\AI IN HEALTHCARE\MY PROJECT E PAARVAI\Dataset Katarak\test\normal\aug_0_2233_jpeg.rf.2759ce4838ccfa8bab0b2562f91abbb7.jpg,37f457f7b90eabf58d059dca37853860347f3d12b92992703e4e64038d0f49d2,bd2dd2d02f49a435,VF_02694,1,train
dataset_katarak,test,aug_0_2467_jpeg.rf.65b609d07f31df0c67006f2e45868571.jpg,normal,C:\Personal AI & ML PROJECTS\AI IN HEALTHCARE\MY PROJECT E PAARVAI\Dataset Katarak\test\normal\aug_0_2467_jpeg.rf.65b609d07f31df0c67006f2e45868571.jpg,b8c083d1b062969e1b589c7be067edab4e2129a18a51292ac39f2d5a2955ca42,a525c2ca6a4e3f8e,VF_02698,1,train
dataset_katarak,test,aug_0_2477_jpeg.rf.6c580c462a2b0da5ea42b15d9441ecfb.jpg,normal,C:\Personal AI & ML PROJECTS\AI IN HEALTHCARE\MY PROJECT E PAARVAI\Dataset Katarak\test\normal\aug_0_2477_jpeg.rf.6c580c462a2b0da5ea42b15d9441ecfb.jpg,ee323643f07f7f8ea2e4899d3cb65b253346c4928f9ea45f4ba9dc6cc2119637,cf98d067186e7a2c,VF_02699,1,train
dataset_katarak,test,aug_0_2491_jpeg.rf.3176b0dac26ccf0b57084e1a47f3e5a4.jpg,normal,C:\Personal AI & ML PROJECTS\AI IN HEALTHCARE\MY PROJECT E PAARVAI\Dataset Katarak\test\normal\aug_0_2491_jpeg.rf.3176b0dac26ccf0b57084e1a47f3e5a4.jpg,54f499e8520fb4935508a59421f7727b64f438f86552f2cb6fc3f6914c9b6882,f48bd2744a279c36,VF_02700,1,train
dataset_katarak,test,aug_0_2493_jpeg.rf.7a7bbb68a516f0cdfd8918e6af34adb0.jpg,normal,C:\Personal AI & ML PROJECTS\AI IN HEALTHCARE\MY PROJECT E PAARVAI\Dataset Katarak\test\normal\aug_0_2493_jpeg.rf.7a7bbb68a516f0cdfd8918e6af34adb0.jpg,9213332a07df385ed9bf4f11a9e4e559a146413baf9350cd0e0a856167896367,f0708b038fcd3dca,VF_02701,1,train
dataset_katarak,test,aug_0_2633_jpeg.rf.9a8579ac4eb7b4db94d64b32934bc7b9.jpg,normal,C:\Personal AI & ML PROJECTS\AI IN HEALTHCARE\MY PROJECT E PAARVAI\Dataset Katarak\test\normal\aug_0_2633_jpeg.rf.9a8579ac4eb7b4db94d64b32934bc7b9.jpg,810866d2a06c8688b0c480e7fd09d6ce0a3de4a6d436e9fe8b1e31eafba13d74,e839c657a5e0da16,VF_02702,1,train
dataset_katarak,test,aug_0_2701_jpeg.rf.9baec8deabb8eaf485f601f17ea49462.jpg,normal,C:\Personal AI & ML PROJECTS\AI IN HEALTHCARE\MY PROJECT E PAARVAI\Dataset Katarak\test\normal\aug_0_2701_jpeg.rf.9baec8deabb8eaf485f601f17ea49462.jpg,00d2179ea4e65ab59acdb67aa0d9c9d69a5fbb2ea328ed96f9b6bf83d69195f6,a5359a9a5acbc998,VF_02703,1,train
dataset_katarak,test,aug_0_2750_jpeg.rf.2393ac30062c8f35093055f603837f57.jpg,normal,C:\Personal AI & ML PROJECTS\AI IN HEALTHCARE\MY PROJECT E PAARVAI\Dataset Katarak\test\normal\aug_0_2750_jpeg.rf.2393ac30062c8f35093055f603837f57.jpg,cadac3742b7009f7f4e9e0c3d320dbd516cc93911a15e895c9d4d93f38cbe586,b4a6cb4b25b4e256,VF_02704,1,train
dataset_katarak,test,aug_0_2814_jpeg.rf.83d3b571a9feb0add4d2f16fc757127f.jpg,normal,C:\Personal AI & ML PROJECTS\AI IN HEALTHCARE\MY PROJECT E PAARVAI\Dataset Katarak\test\normal\aug_0_2814_jpeg.rf.83d3b571a9feb0add4d2f16fc757127f.jpg,985450084cbc57bfc2f8d6b68445feb28c9f5099ade07902a91fa6d76c41db86,cf98f067186e6a2c,VF_02705,1,train
dataset_katarak,test,aug_0_2866_jpeg.rf.2bcd720adba573addcdee40f00f8dd5a.jpg,normal,C:\Personal AI & ML PROJECTS\AI IN HEALTHCARE\MY PROJECT E PAARVAI\Dataset Katarak\test\normal\aug_0_2866_jpeg.rf.2bcd720adba573addcdee40f00f8dd5a.jpg,95e5ee7590fb9f6d943f52a172ea0160f0726dc0d65dcbc392f2d339298a4ff6,b416cb0bec3d3670,VF_02707,1,train
dataset_katarak,test,aug_0_2973_jpeg.rf.051589cc17363b3adf140aa2e2a02f25.jpg,normal,C:\Personal AI & ML PROJECTS\AI IN HEALTHCARE\MY PROJECT E PAARVAI\Dataset Katarak\test\normal\aug_0_2973_jpeg.rf.051589cc17363b3adf140aa2e2a02f25.jpg,77533e450cee7cb286d63d7b3e7044651059efbd63a25b2bfecf2d884c45c0aa,b4cbcb344a82afd2,VF_02710,1,train
dataset_katarak,test,aug_0_3082_jpeg.rf.950df9ec49e9cf8bdba1742563fa97ca.jpg,normal,C:\Personal AI & ML PROJECTS\AI IN HEALTHCARE\MY PROJECT E PAARVAI\Dataset Katarak\test\normal\aug_0_3082_jpeg.rf.950df9ec49e9cf8bdba1742563fa97ca.jpg,78a85836c612046072135e9344ae36f9e3881a622c10eb6f432b70302e876396,f08f43702f83f44d,VF_02711,1,train
dataset_katarak,test,aug_0_3300_jpeg.rf.ce86aeceba876ada18b9ce2ca73ecd2c.jpg,normal,C:\Personal AI & ML PROJECTS\AI IN HEALTHCARE\MY PROJECT E PAARVAI\Dataset Katarak\test\normal\aug_0_3300_jpeg.rf.ce86aeceba876ada18b9ce2ca73ecd2c.jpg,ce746d5977d4f3469deadc896b1720560aa1767f611992f7fb2cf1f1a76956ef,e19e97615ec7e802,VF_02712,1,train
dataset_katarak,test,aug_0_3363_jpeg.rf.7688f26b43303a67d560048065ebd851.jpg,normal,C:\Personal AI & ML PROJECTS\AI IN HEALTHCARE\MY PROJECT E PAARVAI\Dataset Katarak\test\normal\aug_0_3363_jpeg.rf.7688f26b43303a67d560048065ebd851.jpg,7fe0750b84f014ebfc7095078da9dd7df031384c30375b889c9b62e0639b3cb9,f766983875a5229a,VF_02714,1,train
dataset_katarak,test,aug_0_3451_jpeg.rf.dfb6f4177395cdfb5e2c224de42fdf57.jpg,normal,C:\Personal AI & ML PROJECTS\AI IN HEALTHCARE\MY PROJECT E PAARVAI\Dataset Katarak\test\normal\aug_0_3451_jpeg.rf.dfb6f4177395cdfb5e2c224de42fdf57.jpg,dd10bc76fb1e90aa2286592cf321512cbe2090048a1ba2aa3ff68d79ce2e0b98,e1359ede39e1a086,VF_02718,1,train
dataset_katarak,test,aug_0_3458_jpeg.rf.5f9ef6a274d05c0585366f17b214d3e9.jpg,normal,C:\Personal AI & ML PROJECTS\AI IN HEALTHCARE\MY PROJECT E PAARVAI\Dataset Katarak\test\normal\aug_0_3458_jpeg.rf.5f9ef6a274d05c0585366f17b214d3e9.jpg,2d4e4c43e8e64335eaed43c259770bcf65a62ba03f34ef2a6bbe816d522015de,efb0902f7318a593,VF_02719,1,train
dataset_katarak,test,aug_0_3474_jpeg.rf.12fb63aa6e732968a86de1008b6b9b16.jpg,normal,C:\Personal AI & ML PROJECTS\AI IN HEALTHCARE\MY PROJECT E PAARVAI\Dataset Katarak\test\normal\aug_0_3474_jpeg.rf.12fb63aa6e732968a86de1008b6b9b16.jpg,f530c8a1bd68ad9f205a01a2246e7a6cb831b2bc10b99310173c76f8f9524351,bdc2c23d0372ce71,VF_02720,1,train
dataset_katarak,test,aug_0_3809_jpeg.rf.6035916db737dc726a5435bfa7a04dcd.jpg,normal,C:\Personal AI & ML PROJECTS\AI IN HEALTHCARE\MY PROJECT E PAARVAI\Dataset Katarak\test\normal\aug_0_3809_jpeg.rf.6035916db737dc726a5435bfa7a04dcd.jpg,0fd8fa359c5521f853353d76315f4f39521fa3b6d983c5947c062f0147adfa50,b434cbcbc2cccd4a,VF_02722,1,train
dataset_katarak,test,aug_0_3818_jpeg.rf.aebe85283b8ea132106a688f786c0ba9.jpg,normal,C:\Personal AI & ML PROJECTS\AI IN HEALTHCARE\MY PROJECT E PAARVAI\Dataset Katarak\test\normal\aug_0_3818_jpeg.rf.aebe85283b8ea132106a688f786c0ba9.jpg,a65e9a4ce2f227a05984c7a86768b201e1f12dc9c1beb5535caa0c2b8b314472,f570cadaa46892b6,VF_02723,1,train
dataset_katarak,test,aug_0_3822_jpeg.rf.a12faca38ebdff8bbc95991712fa0c08.jpg,normal,C:\Personal AI & ML PROJECTS\AI IN HEALTHCARE\MY PROJECT E PAARVAI\Dataset Katarak\test\normal\aug_0_3822_jpeg.rf.a12faca38ebdff8bbc95991712fa0c08.jpg,8017c87c9660c0f547bf72e8267d8e2a966027e6caf4ca7b7a1a204bb738c58b,ba5ac52d0ec6b037,VF_02724,1,train
dataset_katarak,test,aug_0_3854_jpeg.rf.f312062e6db06ccf4f9c7bca9458ba37.jpg,normal,C:\Personal AI & ML PROJECTS\AI IN HEALTHCARE\MY PROJECT E PAARVAI\Dataset Katarak\test\normal\aug_0_3854_jpeg.rf.f312062e6db06ccf4f9c7bca9458ba37.jpg,decf442c5a430fc7312177e1809756c1e2434e85116a081daef09960f5b38271,b434d29b4a9a49db,VF_02725,1,train
dataset_katarak,test,aug_0_3995_jpeg.rf.346f557c653e2cfa75e49ac2fbb0bbf6.jpg,normal,C:\Personal AI & ML PROJECTS\AI IN HEALTHCARE\MY PROJECT E PAARVAI\Dataset Katarak\test\normal\aug_0_3995_jpeg.rf.346f557c653e2cfa75e49ac2fbb0bbf6.jpg,d98fe648a44661d575000a6fd7030f89b54fec07575fd0b8bc20b505ca2f89b4,f217c94874b5273a,VF_02727,1,train
dataset_katarak,test,aug_0_4004_jpeg.rf.77d6c15c1ad1a7ef9b5eac80c1b60ddc.jpg,normal,C:\Personal AI & ML PROJECTS\AI IN HEALTHCARE\MY PROJECT E PAARVAI\Dataset Katarak\test\normal\aug_0_4004_jpeg.rf.77d6c15c1ad1a7ef9b5eac80c1b60ddc.jpg,faa6a5d234cfb83da0858be72d52cf5475c5294b24c6cf39112b124064a8e48c,b434cbcb0a2cbc2f,VF_02728,1,train
dataset_katarak,test,aug_0_4038_jpeg.rf.2fdbb7cabcb7b163c559c6a6f0177cb5.jpg,normal,C:\Personal AI & ML PROJECTS\AI IN HEALTHCARE\MY PROJECT E PAARVAI\Dataset Katarak\test\normal\aug_0_4038_jpeg.rf.2fdbb7cabcb7b163c559c6a6f0177cb5.jpg,744fbf8011b497631a9413e512f811f574e5beb152e408973f2ab55362ecbfc6,b5cad32cd032c9b5,VF_02729,1,train
dataset_katarak,test,aug_0_4465_jpeg.rf.daee848fa25351610efa22aab89cac6f.jpg,normal,C:\Personal AI & ML PROJECTS\AI IN HEALTHCARE\MY PROJECT E PAARVAI\Dataset Katarak\test\normal\aug_0_4465_jpeg.rf.daee848fa25351610efa22aab89cac6f.jpg,c58b99f0200c688ee071653c5d3329d651c14358f9ba3af3f826298a9e861879,e7b2b1475818a7d2,VF_02730,1,train
dataset_katarak,test,aug_0_4536_jpeg.rf.1501d7d8aaca83a466916fa7816b0d1c.jpg,normal,C:\Personal AI & ML PROJECTS\AI IN HEALTHCARE\MY PROJECT E PAARVAI\Dataset Katarak\test\normal\aug_0_4536_jpeg.rf.1501d7d8aaca83a466916fa7816b0d1c.jpg,10cbf351bda9e2f5d764dabb8f71aa0ce0a79785fef8d6b402d98232336947e4,e16187ce1f8e1c8e,VF_02731,1,train
dataset_katarak,test,aug_0_4568_jpeg.rf.fd7ac6b73c93e2d30259da8b2d31471e.jpg,normal,C:\Personal AI & ML PROJECTS\AI IN HEALTHCARE\MY PROJECT E PAARVAI\Dataset Katarak\test\normal\aug_0_4568_jpeg.rf.fd7ac6b73c93e2d30259da8b2d31471e.jpg,24995ee0797e4eb885a974092266a82bc2d3dad0faf3871d5185420adc4b1501,b06497871a5adada,VF_02732,1,train
dataset_katarak,test,aug_0_4592_jpeg.rf.68e3f96d5167ac8955090438e35a665a.jpg,normal,C:\Personal AI & ML PROJECTS\AI IN HEALTHCARE\MY PROJECT E PAARVAI\Dataset Katarak\test\normal\aug_0_4592_jpeg.rf.68e3f96d5167ac8955090438e35a665a.jpg,910db31cda5f74db289187ec6f25c778d22e5ea6af9511ee265ad771dad04b65,ad4ac2352f12a4bf,VF_02733,1,train
dataset_katarak,test,aug_0_4638_jpeg.rf.308686b05ce395bb89fe937684992ce1.jpg,normal,C:\Personal AI & ML PROJECTS\AI IN HEALTHCARE\MY PROJECT E PAARVAI\Dataset Katarak\test\normal\aug_0_4638_jpeg.rf.308686b05ce395bb89fe937684992ce1.jpg,998ff8415ab9b17e35c32a33dfbe38c9d98586eb9284c7a566102dc81aaef6e5,b46493cb4a0bc9ed,VF_02734,1,train
dataset_katarak,test,aug_0_4728_jpeg.rf.0f13951e95d40102f7c766ee0d9603dd.jpg,normal,C:\Personal AI & ML PROJECTS\AI IN HEALTHCARE\MY PROJECT E PAARVAI\Dataset Katarak\test\normal\aug_0_4728_jpeg.rf.0f13951e95d40102f7c766ee0d9603dd.jpg,2a6c737f98f3b54dfacfe54fce7efa764f9a235bf4159acdde124af8175679f2,b4cbcb34c893acd4,VF_02736,1,train
dataset_katarak,test,aug_0_4738_jpeg.rf.6792a0bb1a7502beb3e666108ef0cb4d.jpg,normal,C:\Personal AI & ML PROJECTS\AI IN HEALTHCARE\MY PROJECT E PAARVAI\Dataset Katarak\test\normal\aug_0_4738_jpeg.rf.6792a0bb1a7502beb3e666108ef0cb4d.jpg,74f7525d6ff57ffe6eefdb2310c533c65df1ee2c23f654692f1f47d2fc5559a1,adcad2ed53205b15,VF_02737,1,train
dataset_katarak,test,aug_0_5016_jpeg.rf.a674f5840b4ba3b34b297746f2a7d678.jpg,normal,C:\Personal AI & ML PROJECTS\AI IN HEALTHCARE\MY PROJECT E PAARVAI\Dataset Katarak\test\normal\aug_0_5016_jpeg.rf.a674f5840b4ba3b34b297746f2a7d678.jpg,93183013931209b51e7773faf4646281d3b813840733af6f624fa87fd4c10e46,a2f39987e6328cc9,VF_02739,1,train
dataset_katarak,test,aug_0_5057_jpeg.rf.74493116b0ac30c1c967b8a5216d240a.jpg,normal,C:\Personal AI & ML PROJECTS\AI IN HEALTHCARE\MY PROJECT E PAARVAI\Dataset Katarak\test\normal\aug_0_5057_jpeg.rf.74493116b0ac30c1c967b8a5216d240a.jpg,8a9a98be78f7134a6b745e40f35ee8c9533b64419131eb1875f46c099736e976,b28dcd92364b35ac,VF_02740,1,train
dataset_katarak,test,aug_0_5119_jpeg.rf.b09a0b3dbc927bedac97c636bbed8047.jpg,normal,C:\Personal AI & ML PROJECTS\AI IN HEALTHCARE\MY PROJECT E PAARVAI\Dataset Katarak\test\normal\aug_0_5119_jpeg.rf.b09a0b3dbc927bedac97c636bbed8047.jpg,5e1f0a0d1057706f882b07793357aed161d7630b26d63d65847046c899f2f601,bd35c2906f4d8c6c,VF_02742,1,train
dataset_katarak,test,aug_0_5128_jpeg.rf.01d00c1a3919a8095d80a439eee25ce7.jpg,normal,C:\Personal AI & ML PROJECTS\AI IN HEALTHCARE\MY PROJECT E PAARVAI\Dataset Katarak\test\normal\aug_0_5128_jpeg.rf.01d00c1a3919a8095d80a439eee25ce7.jpg,31908d93e41453f5020fe9b215976fd98e84be2703a67d905276d77baa698e96,ad3dd2926beb2460,VF_02743,1,train
dataset_katarak,test,aug_0_5176_jpeg.rf.f17d1c3aae6cb4855a1a0e41fb406bcf.jpg,normal,C:\Personal AI & ML PROJECTS\AI IN HEALTHCARE\MY PROJECT E PAARVAI\Dataset Katarak\test\normal\aug_0_5176_jpeg.rf.f17d1c3aae6cb4855a1a0e41fb406bcf.jpg,6c134bc8166348a95f97418026949f6b29f48ae533049fabe28591d5e3af129a,a3429c1d63e0f62f,VF_02745,1,train
dataset_katarak,test,aug_0_5610_jpeg.rf.cbae94821a097c217b3965545540edf5.jpg,normal,C:\Personal AI & ML PROJECTS\AI IN HEALTHCARE\MY PROJECT E PAARVAI\Dataset Katarak\test\normal\aug_0_5610_jpeg.rf.cbae94821a097c217b3965545540edf5.jpg,69d522e76b539d2265e0300997f4b202456c4fe7246f91b294165e56f932fa5e,b435c29b4ac9adc9,VF_02750,1,train
dataset_katarak,test,aug_0_5629_jpeg.rf.f5b5010f688343da1014c2ee9f7402dc.jpg,normal,C:\Personal AI & ML PROJECTS\AI IN HEALTHCARE\MY PROJECT E PAARVAI\Dataset Katarak\test\normal\aug_0_5629_jpeg.rf.f5b5010f688343da1014c2ee9f7402dc.jpg,8e006def16685482a37b2b302afd621c46ec69f9b7eec52e770520a8e629a3a5,f08fd660abb4c836,VF_02751,1,train
dataset_katarak,test,aug_0_5715_jpeg.rf.d26e71095bfaf9bb7eb8b76a80ae7980.jpg,normal,C:\Personal AI & ML PROJECTS\AI IN HEALTHCARE\MY PROJECT E PAARVAI\Dataset Katarak\test\normal\aug_0_5715_jpeg.rf.d26e71095bfaf9bb7eb8b76a80ae7980.jpg,251dddafd01ce5a0a49e7426c52bc1cd9b4bc2fed8b408e3791a470d478e7d4a,a12196de7a29a9e5,VF_02754,1,train
dataset_katarak,test,aug_0_5859_jpeg.rf.eaae7c13701f44fb88017729bb268661.jpg,normal,C:\Personal AI & ML PROJECTS\AI IN HEALTHCARE\MY PROJECT E PAARVAI\Dataset Katarak\test\normal\aug_0_5859_jpeg.rf.eaae7c13701f44fb88017729bb268661.jpg,24400cba8fff3d440bbbb1906f6a185a785256127df994d7b686083a34e15ff1,a223df8ee07c86e2,VF_02755,1,train
dataset_katarak,test,aug_0_5907_jpeg.rf.1c73598d5b8f685c44ce67a60ae61f24.jpg,normal,C:\Personal AI & ML PROJECTS\AI IN HEALTHCARE\MY PROJECT E PAARVAI\Dataset Katarak\test\normal\aug_0_5907_jpeg.rf.1c73598d5b8f685c44ce67a60ae61f24.jpg,07bff5bb80278b275b4aeb528f2f22646d18a912fa54fad190f97e297ac186b3,b034cb0b4bce8f0f,VF_02756,1,train
dataset_katarak,test,aug_0_5911_jpeg.rf.b070cf3e704982a167691befc7c2e370.jpg,normal,C:\Personal AI & ML PROJECTS\AI IN HEALTHCARE\MY PROJECT E PAARVAI\Dataset Katarak\test\normal\aug_0_5911_jpeg.rf.b070cf3e704982a167691befc7c2e370.jpg,cb148e78524720d9a84bd9e39ae6276de770babbf0b51597e86c4c7fd0f8c8bd,b27281499b47cdd3,VF_02757,1,train
dataset_katarak,test,aug_0_636_jpeg.rf.c678d91cdd845e2d08f3f961825dc697.jpg,normal,C:\Personal AI & ML PROJECTS\AI IN HEALTHCARE\MY PROJECT E PAARVAI\Dataset Katarak\test\normal\aug_0_636_jpeg.rf.c678d91cdd845e2d08f3f961825dc697.jpg,643757634b1fc112ef6a3925dd39e0977a6ddaca7454ae6d07d6b7c77235cbec,e7d8da255842e11f,VF_02761,1,train
dataset_katarak,test,aug_0_6384_jpeg.rf.39f74a23991edc1fc0c5438b7f352696.jpg,normal,C:\Personal AI & ML PROJECTS\AI IN HEALTHCARE\MY PROJECT E PAARVAI\Dataset Katarak\test\normal\aug_0_6384_jpeg.rf.39f74a23991edc1fc0c5438b7f352696.jpg,4b9f932a26cee1024d25ddd8d312e2cc0ac14a1e06f2f5f70e90dc8684eb3b75,f58bca64b15a5a68,VF_02762,1,train
dataset_katarak,test,aug_0_6465_jpeg.rf.dcd59bab24542f82863aae53394b5b18.jpg,normal,C:\Personal AI & ML PROJECTS\AI IN HEALTHCARE\MY PROJECT E PAARVAI\Dataset Katarak\test\normal\aug_0_6465_jpeg.rf.dcd59bab24542f82863aae53394b5b18.jpg,23b9e5f2c3c761fada80e13d7704db93124379153b514eadf2bc32aaf9468ce2,b08fc3f44325cbf0,VF_02763,1,train
dataset_katarak,test,aug_0_6527_jpeg.rf.afd8f82f9fea110c2f76427cd39a076f.jpg,normal,C:\Personal AI & ML PROJECTS\AI IN HEALTHCARE\MY PROJECT E PAARVAI\Dataset Katarak\test\normal\aug_0_6527_jpeg.rf.afd8f82f9fea110c2f76427cd39a076f.jpg,69c9982313f07e693da81f4c66fbab9f89c48db6eb1c92231c08fc7cc547a8b4,f08f83b49e326d83,VF_02765,1,train
dataset_katarak,test,aug_0_6732_jpeg.rf.65d381fc989033dbdeaa095eb62d038f.jpg,normal,C:\Personal AI & ML PROJECTS\AI IN HEALTHCARE\MY PROJECT E PAARVAI\Dataset Katarak\test\normal\aug_0_6732_jpeg.rf.65d381fc989033dbdeaa095eb62d038f.jpg,71438bd6cf5b069123c0cfe48015d4ba10a919266a15427a88d3f6a9e25fcbea,b48fdb742a43b44a,VF_02766,1,train
dataset_katarak,test,aug_0_689_jpeg.rf.69f49008ca21e9f41a023667c2099c85.jpg,normal,C:\Personal AI & ML PROJECTS\AI IN HEALTHCARE\MY PROJECT E PAARVAI\Dataset Katarak\test\normal\aug_0_689_jpeg.rf.69f49008ca21e9f41a023667c2099c85.jpg,14548a08b252fb03d561b0d45ee0b9359afca12b34c15e2c0ef8ec3027c58ee9,a131d2d21e0fbdac,VF_02768,1,train
dataset_katarak,test,aug_0_7122_jpeg.rf.58ba9902df41a1cf9d0cbbad4294a087.jpg,normal,C:\Personal AI & ML PROJECTS\AI IN HEALTHCARE\MY PROJECT E PAARVAI\Dataset Katarak\test\normal\aug_0_7122_jpeg.rf.58ba9902df41a1cf9d0cbbad4294a087.jpg,d2d99e242b383477ef35d54be788070b07fa0cabb8cd5ce7fe1d4621d4bfab81,b5759ad29245c993,VF_02770,1,train
dataset_katarak,test,aug_0_7132_jpeg.rf.a9dd927ec4e10a91ba573fe6d2ecce16.jpg,normal,C:\Personal AI & ML PROJECTS\AI IN HEALTHCARE\MY PROJECT E PAARVAI\Dataset Katarak\test\normal\aug_0_7132_jpeg.rf.a9dd927ec4e10a91ba573fe6d2ecce16.jpg,7950d82f7a096c42f18e22f0ec835107db0aa6e7d4794112755b52d2d7590b5a,b319e44d8f07a6e4,VF_02771,1,train
dataset_katarak,test,aug_0_7149_jpeg.rf.407c3cc0d3412ff90d8922a4eb68aad4.jpg,normal,C:\Personal AI & ML PROJECTS\AI IN HEALTHCARE\MY PROJECT E PAARVAI\Dataset Katarak\test\normal\aug_0_7149_jpeg.rf.407c3cc0d3412ff90d8922a4eb68aad4.jpg,d42404209f112ca97e8bb654f1afbec999a82c25b0568307ec506d1eed755eb9,f5dada214d96c819,VF_02772,1,train
dataset_katarak,test,aug_0_7183_jpeg.rf.d51d06f3a1ffb36def66677ac918eb15.jpg,normal,C:\Personal AI & ML PROJECTS\AI IN HEALTHCARE\MY PROJECT E PAARVAI\Dataset Katarak\test\normal\aug_0_7183_jpeg.rf.d51d06f3a1ffb36def66677ac918eb15.jpg,48d456d2a073ef70a70ca5e23e15c15121ad68a87eea2e5c7ea15f04f1c6cc41,b08f96601fe57a25,VF_02773,1,train
dataset_katarak,test,aug_0_7252_jpeg.rf.f0421b547c152a95207c3e98507004d1.jpg,normal,C:\Personal AI & ML PROJECTS\AI IN HEALTHCARE\MY PROJECT E PAARVAI\Dataset Katarak\test\normal\aug_0_7252_jpeg.rf.f0421b547c152a95207c3e98507004d1.jpg,32f7bbfaca7b7789a100b6d095798959415db9742285f266dadd2855553ca61d,b07496871b1a7ada,VF_02775,1,train
dataset_katarak,test,aug_0_7283_jpeg.rf.aca799c0c2599b8c46216187b50e4103.jpg,normal,C:\Personal AI & ML PROJECTS\AI IN HEALTHCARE\MY PROJECT E PAARVAI\Dataset Katarak\test\normal\aug_0_7283_jpeg.rf.aca799c0c2599b8c46216187b50e4103.jpg,54227f9503bab1dc6c6a025357fd4b417faa2ee6679619a7c867943cfb574416,baa5c572266dd0c6,VF_02776,1,train
dataset_katarak,test,aug_0_72_jpeg.rf.c779e0b2bae544a65312ee78b6a38239.jpg,normal,C:\Personal AI & ML PROJECTS\AI IN HEALTHCARE\MY PROJECT E PAARVAI\Dataset Katarak\test\normal\aug_0_72_jpeg.rf.c779e0b2bae544a65312ee78b6a38239.jpg,c7363eae68c9bbc1c260f29d391fa6f2d8cc530a9d525731f5109e265548337a,e89b83785ee2f842,VF_02777,1,train
dataset_katarak,test,aug_0_7311_jpeg.rf.7b1dffd169f3bdba70fbca386e2c25d7.jpg,normal,C:\Personal AI & ML PROJECTS\AI IN HEALTHCARE\MY PROJECT E PAARVAI\Dataset Katarak\test\normal\aug_0_7311_jpeg.rf.7b1dffd169f3bdba70fbca386e2c25d7.jpg,eea530393a317badfd0849b31b41cb974db9bb5a583cda9eac532f812ca7136e,a5cad2ec5b306a55,VF_02778,1,train
dataset_katarak,test,aug_0_7324_jpeg.rf.097a64a8cb30886e6db979d0433f2442.jpg,normal,C:\Personal AI & ML PROJECTS\AI IN HEALTHCARE\MY PROJECT E PAARVAI\Dataset Katarak\test\normal\aug_0_7324_jpeg.rf.097a64a8cb30886e6db979d0433f2442.jpg,e7e19213107ea1d18676a8b7d0efd59256019cc7b083d57cdc799ce1a8da5815,e1e19e1e68f82761,VF_02779,1,train
dataset_katarak,test,aug_0_732_jpeg.rf.cdb9177b7284cdd99902b620e371a3df.jpg,normal,C:\Personal AI & ML PROJECTS\AI IN HEALTHCARE\MY PROJECT E PAARVAI\Dataset Katarak\test\normal\aug_0_732_jpeg.rf.cdb9177b7284cdd99902b620e371a3df.jpg,e88646720c317f3041df9039b070de4eb530a80087bd061ace8171ebd1191c5a,e19a9ea1795ee068,VF_02780,1,train
dataset_katarak,test,aug_0_74_jpeg.rf.156f827850ab3e17acd6316e613a4e18.jpg,normal,C:\Personal AI & ML PROJECTS\AI IN HEALTHCARE\MY PROJECT E PAARVAI\Dataset Katarak\test\normal\aug_0_74_jpeg.rf.156f827850ab3e17acd6316e613a4e18.jpg,a014de5e70b21c0c4a40a1743984f9914703058a13e5c0cb08935a2f8752a3fa,e19a9e393b64dac0,VF_02781,1,train
dataset_katarak,test,aug_0_753_jpeg.rf.e50c4ef0c6e0b1a88411a1408bb60d0b.jpg,normal,C:\Personal AI & ML PROJECTS\AI IN HEALTHCARE\MY PROJECT E PAARVAI\Dataset Katarak\test\normal\aug_0_753_jpeg.rf.e50c4ef0c6e0b1a88411a1408bb60d0b.jpg,1c4bb201ebc7d3011b44e8620a1f39aede5157f0d25408e6e22df138331f629a,bd2df49454944b93,VF_02784,1,train
dataset_katarak,test,aug_0_7552_jpeg.rf.6b32f7f32840bd49ae45c11bdcfa31c2.jpg,normal,C:\Personal AI & ML PROJECTS\AI IN HEALTHCARE\MY PROJECT E PAARVAI\Dataset Katarak\test\normal\aug_0_7552_jpeg.rf.6b32f7f32840bd49ae45c11bdcfa31c2.jpg,7d1aef66a034acf4c3e53c4559d7362a2d481d8b37c03f781fdb0bc0758965cb,e09f17605ee2f0c6,VF_02785,1,train
dataset_katarak,test,aug_0_7582_jpeg.rf.3b51580f61c037a29c48932360292975.jpg,normal,C:\Personal AI & ML PROJECTS\AI IN HEALTHCARE\MY PROJECT E PAARVAI\Dataset Katarak\test\normal\aug_0_7582_jpeg.rf.3b51580f61c037a29c48932360292975.jpg,8be9976d6b6d8955a4015cb5c678345c2b5a32fd0a2683a6cf855d22fe056fb2,a07d87df1f1828f0,VF_02786,1,train
dataset_katarak,test,aug_0_7682_jpeg.rf.cc741652f2545a3f97fef17fe14b8dee.jpg,normal,C:\Personal AI & ML PROJECTS\AI IN HEALTHCARE\MY PROJECT E PAARVAI\Dataset Katarak\test\normal\aug_0_7682_jpeg.rf.cc741652f2545a3f97fef17fe14b8dee.jpg,aa902db592a9bd48a086bdffab6969aafb0b1455c2c4985820abe027fcf86c1f,e1659e1ae1e1a656,VF_02788,1,train
dataset_katarak,test,aug_0_7741_jpeg.rf.74f39c55301f45eaaa65b837db884e51.jpg,normal,C:\Personal AI & ML PROJECTS\AI IN HEALTHCARE\MY PROJECT E PAARVAI\Dataset Katarak\test\normal\aug_0_7741_jpeg.rf.74f39c55301f45eaaa65b837db884e51.jpg,ea0427644a50cf9f099de6e3954b74d871bc79a79fb6a470db432099d5655463,e5b89aa5999662d8,VF_02789,1,train
dataset_katarak,test,aug_0_7804_jpeg.rf.c7092555353221321048dc7162d1e7f0.jpg,normal,C:\Personal AI & ML PROJECTS\AI IN HEALTHCARE\MY PROJECT E PAARVAI\Dataset Katarak\test\normal\aug_0_7804_jpeg.rf.c7092555353221321048dc7162d1e7f0.jpg,498681ade8c12ee834ca3a44f3c78e6bd55a9867135afa4e369fba555ca41378,a97d8297541b0f5a,VF_02791,1,train
dataset_katarak,test,aug_0_8170_jpeg.rf.65ee2566b4f71df5e1230b7519b155f9.jpg,normal,C:\Personal AI & ML PROJECTS\AI IN HEALTHCARE\MY PROJECT E PAARVAI\Dataset Katarak\test\normal\aug_0_8170_jpeg.rf.65ee2566b4f71df5e1230b7519b155f9.jpg,001808a9132904f0dfe4def065de99619b8b79b8d28d53af710b8b0a90cc1a55,f59a877c4a85e816,VF_02793,1,train
dataset_katarak,test,aug_0_8199_jpeg.rf.64d4f6ab3ad9e0a96d8f70d793a6da87.jpg,normal,C:\Personal AI & ML PROJECTS\AI IN HEALTHCARE\MY PROJECT E PAARVAI\Dataset Katarak\test\normal\aug_0_8199_jpeg.rf.64d4f6ab3ad9e0a96d8f70d793a6da87.jpg,1326b44e24164c6689af5abe3b098bd0c9ebece525440307e962a6e7579af3f8,f58aca20ac97e2da,VF_02794,1,train
dataset_katarak,test,aug_0_8215_jpeg.rf.ba9111d31dc92c18d3349603ad51e9fd.jpg,normal,C:\Personal AI & ML PROJECTS\AI IN HEALTHCARE\MY PROJECT E PAARVAI\Dataset Katarak\test\normal\aug_0_8215_jpeg.rf.ba9111d31dc92c18d3349603ad51e9fd.jpg,174ad559dcda9b7733211b5ad45ad6cdcf841cdcb1124dbcf4ff9210548c4e0a,e5989e87615e6668,VF_02795,1,train
dataset_katarak,test,aug_0_8251_jpeg.rf.796e59023a0d960e90d4ca50fdafecbe.jpg,normal,C:\Personal AI & ML PROJECTS\AI IN HEALTHCARE\MY PROJECT E PAARVAI\Dataset Katarak\test\normal\aug_0_8251_jpeg.rf.796e59023a0d960e90d4ca50fdafecbe.jpg,ccd9674188835db5283118d607a5141d83222fa0797ce6fe158c519b79b5a5ca,f5daca215f86c815,VF_02796,1,train
dataset_katarak,test,aug_0_8263_jpeg.rf.be50696bde1d126b322c5f16012b41e1.jpg,normal,C:\Personal AI & ML PROJECTS\AI IN HEALTHCARE\MY PROJECT E PAARVAI\Dataset Katarak\test\normal\aug_0_8263_jpeg.rf.be50696bde1d126b322c5f16012b41e1.jpg,c07bc63f22fecbf2039a9b8a8ead9054d76f671a733df86b70963137214aff58,ebf094a31b6ce298,VF_02797,1,train
dataset_katarak,test,aug_0_8286_jpeg.rf.c640fdafecb8b7d83f2aa51189d5bd13.jpg,normal,C:\Personal AI & ML PROJECTS\AI IN HEALTHCARE\MY PROJECT E PAARVAI\Dataset Katarak\test\normal\aug_0_8286_jpeg.rf.c640fdafecb8b7d83f2aa51189d5bd13.jpg,69995d9185eb7bb27dda41b5624a15d48f99d37bb560afb12e81fc4af7923480,b4cbcb34a493d54c,VF_02799,1,train
dataset_katarak,test,aug_0_8306_jpeg.rf.539bf2db1407aa86cb1c10e942ed3774.jpg,normal,C:\Personal AI & ML PROJECTS\AI IN HEALTHCARE\MY PROJECT E PAARVAI\Dataset Katarak\test\normal\aug_0_8306_jpeg.rf.539bf2db1407aa86cb1c10e942ed3774.jpg,b4dd1b82647ab0c12a107549672241ba661ab9878023af36e5729d2c2ff4c1e5,ef0d90d073e3a52c,VF_02800,1,train
dataset_katarak,test,aug_0_8320_jpeg.rf.7993b08a7a0c84330715f070602e9865.jpg,normal,C:\Personal AI & ML PROJECTS\AI IN HEALTHCARE\MY PROJECT E PAARVAI\Dataset Katarak\test\normal\aug_0_8320_jpeg.rf.7993b08a7a0c84330715f070602e9865.jpg,589cc1cd0c6c7205388f7a28008b4d53f6bf5235c22f02452b622935df894459,e88587781ae2dbc5,VF_02801,1,train
dataset_katarak,test,aug_0_8550_jpeg.rf.c73ce96b51f03a96aec3d13ec0c2471d.jpg,normal,C:\Personal AI & ML PROJECTS\AI IN HEALTHCARE\MY PROJECT E PAARVAI\Dataset Katarak\test\normal\aug_0_8550_jpeg.rf.c73ce96b51f03a96aec3d13ec0c2471d.jpg,89e5e1653840d571011f3832be917a606dcb2581e82e1d0900e843f298a484d8,c262f49d1db273c2,VF_02802,1,train
dataset_katarak,test,aug_0_8590_jpeg.rf.cd7064c4d8703180a716cb613cbc3dc4.jpg,normal,C:\Personal AI & ML PROJECTS\AI IN HEALTHCARE\MY PROJECT E PAARVAI\Dataset Katarak\test\normal\aug_0_8590_jpeg.rf.cd7064c4d8703180a716cb613cbc3dc4.jpg,63680bdb4fce40e383302e0ce62f5ef753c47ce9337677e7be13d1c56746ef34,f1649f5ae1a18716,VF_02803,1,train
dataset_katarak,test,aug_0_8706_jpeg.rf.2cf2c2a0e075cca35cc42cb3450e64e4.jpg,normal,C:\Personal AI & ML PROJECTS\AI IN HEALTHCARE\MY PROJECT E PAARVAI\Dataset Katarak\test\normal\aug_0_8706_jpeg.rf.2cf2c2a0e075cca35cc42cb3450e64e4.jpg,954595c126fecc4448a56c33f3c68f93ecc267d318125095fa073b023951344b,ba32a5cd4f863c92,VF_02806,1,train
dataset_katarak,test,aug_0_8728_jpeg.rf.0299a0a0e667c6496bc0cf19d44437f8.jpg,normal,C:\Personal AI & ML PROJECTS\AI IN HEALTHCARE\MY PROJECT E PAARVAI\Dataset Katarak\test\normal\aug_0_8728_jpeg.rf.0299a0a0e667c6496bc0cf19d44437f8.jpg,9011a7cd819618370e0b16c45cd1c293fd538d0203b35298fed85c8fad1e910f,b030cbcba46cd733,VF_02807,1,train
dataset_katarak,test,aug_0_875_jpeg.rf.5fd1def076f47d19b098cb6cd94f8560.jpg,normal,C:\Personal AI & ML PROJECTS\AI IN HEALTHCARE\MY PROJECT E PAARVAI\Dataset Katarak\test\normal\aug_0_875_jpeg.rf.5fd1def076f47d19b098cb6cd94f8560.jpg,b130b1c0d8bd3ae6aae023627a17938d0d088287572137e943f875637ac7193b,f09ddf704d96600b,VF_02808,1,train
dataset_katarak,test,aug_0_8853_jpeg.rf.e63a3efbeb977a9a822daac9eadeb548.jpg,normal,C:\Personal AI & ML PROJECTS\AI IN HEALTHCARE\MY PROJECT E PAARVAI\Dataset Katarak\test\normal\aug_0_8853_jpeg.rf.e63a3efbeb977a9a822daac9eadeb548.jpg,0f291d7281f1acba1bcf25511fcb6e1c6b397261d7e94a39778a3eb77a176320,a5259ada6925a5e6,VF_02809,1,train
dataset_katarak,test,aug_0_8958_jpeg.rf.e31ff913f8e247c398361b8f045164d4.jpg,normal,C:\Personal AI & ML PROJECTS\AI IN HEALTHCARE\MY PROJECT E PAARVAI\Dataset Katarak\test\normal\aug_0_8958_jpeg.rf.e31ff913f8e247c398361b8f045164d4.jpg,1f5847f646f8823f716c0432cd3ed31eba7bf0ceb321ddce11e308236ba5a5db,a895956a5a85bd96,VF_02811,1,train
dataset_katarak,test,aug_0_8962_jpeg.rf.0ee27b43b174dc839de0a0d3405233bb.jpg,normal,C:\Personal AI & ML PROJECTS\AI IN HEALTHCARE\MY PROJECT E PAARVAI\Dataset Katarak\test\normal\aug_0_8962_jpeg.rf.0ee27b43b174dc839de0a0d3405233bb.jpg,7c8049ef9bf7140abf94687266bef0b65103ce64f278e9c5c7620de1cb4632cb,e36387cf0ec21c8e,VF_02812,1,train
dataset_katarak,test,aug_0_9271_jpeg.rf.9af3b20a3a56fbf7f3a013f0c3435a8e.jpg,normal,C:\Personal AI & ML PROJECTS\AI IN HEALTHCARE\MY PROJECT E PAARVAI\Dataset Katarak\test\normal\aug_0_9271_jpeg.rf.9af3b20a3a56fbf7f3a013f0c3435a8e.jpg,d4261f8b2a506efc4aee9932bbbafcc93380c9afa3ab8a5543c620d0bd13956d,a7c8d827a78d8e38,VF_02814,1,train
dataset_katarak,test,aug_0_9377_jpeg.rf.10d6ac1a84ef7b374f757fe6c6d7720f.jpg,normal,C:\Personal AI & ML PROJECTS\AI IN HEALTHCARE\MY PROJECT E PAARVAI\Dataset Katarak\test\normal\aug_0_9377_jpeg.rf.10d6ac1a84ef7b374f757fe6c6d7720f.jpg,e6a13577a5959905b4419b4ab5369dcd9bda8f0d090d205b3c4ccfbed0fe2210,a5da98653bd4838b,VF_02816,1,train
dataset_katarak,test,aug_0_9426_jpeg.rf.c12a78e3e89470c488c2bdb127faacbd.jpg,normal,C:\Personal AI & ML PROJECTS\AI IN HEALTHCARE\MY PROJECT E PAARVAI\Dataset Katarak\test\normal\aug_0_9426_jpeg.rf.c12a78e3e89470c488c2bdb127faacbd.jpg,f7423a5edcb7972d0f97bd33f40a321443001897bec51ccc58aee1393c755deb,b21ae4cd0bb6b278,VF_02817,1,train
dataset_katarak,test,aug_0_9573_jpeg.rf.236a53e001bad9ccde64735b09f2179a.jpg,normal,C:\Personal AI & ML PROJECTS\AI IN HEALTHCARE\MY PROJECT E PAARVAI\Dataset Katarak\test\normal\aug_0_9573_jpeg.rf.236a53e001bad9ccde64735b09f2179a.jpg,92db5776e3ae0f13e4d9efede2a173fe93e713b71666a46a3eab7caf04f0c801,e09e97711e62f063,VF_02818,1,train
dataset_katarak,test,aug_0_9680_jpeg.rf.29d1d3008ed5db92d3bb35accd0b2944.jpg,normal,C:\Personal AI & ML PROJECTS\AI IN HEALTHCARE\MY PROJECT E PAARVAI\Dataset Katarak\test\normal\aug_0_9680_jpeg.rf.29d1d3008ed5db92d3bb35accd0b2944.jpg,c3988baadd856cc755bdb657343025b24388150d0ef68cd5a3b62f97ac9fc2da,e19e9e61f9c6c098,VF_02819,1,train
dataset_katarak,test,aug_0_9768_jpeg.rf.7cf9b0ebdcdfc386ef5189e26c1219a7.jpg,normal,C:\Personal AI & ML PROJECTS\AI IN HEALTHCARE\MY PROJECT E PAARVAI\Dataset Katarak\test\normal\aug_0_9768_jpeg.rf.7cf9b0ebdcdfc386ef5189e26c1219a7.jpg,7e9a1907c2e65470e9223908d078fbe2925ab7b18bde7efa19d492683b263955,cbdad8c3239ea438,VF_02821,1,train
dataset_katarak,test,normal-111_jpg.rf.3c2b01ac99b60f2f722194f0b6fbcc28.jpg,normal,C:\Personal AI & ML PROJECTS\AI IN HEALTHCARE\MY PROJECT E PAARVAI\Dataset Katarak\test\normal\normal-111_jpg.rf.3c2b01ac99b60f2f722194f0b6fbcc28.jpg,330a1cdab25044c8935760adab736c9ff92d32ea0fc8cf5af69316c380575873,f45dcb72486b01ec,VF_00047,5,train
dataset_katarak,test,normal-12_jpg.rf.be48a74fcaa7ba8adf24989216be4621.jpg,normal,C:\Personal AI & ML PROJECTS\AI IN HEALTHCARE\MY PROJECT E PAARVAI\Dataset Katarak\test\normal\normal-12_jpg.rf.be48a74fcaa7ba8adf24989216be4621.jpg,ace792f97f6c4211292613f2249c52f99af846af12b9bdfbcf906ebe320a843f,e33c9dc024dd6333,VF_00006,3,train
dataset_katarak,test,normal-14_jpg.rf.f1971c77053b4474e1b369dff34f90a6.jpg,normal,C:\Personal AI & ML PROJECTS\AI IN HEALTHCARE\MY PROJECT E PAARVAI\Dataset Katarak\test\normal\normal-14_jpg.rf.f1971c77053b4474e1b369dff34f90a6.jpg,8a2e23a729b02b6f4f43f0b1c8e555af9e1432c4547f504518fe8223355be455,d578c06ac5989f33,VF_02822,1,train
dataset_katarak,test,normal-160_jpg.rf.7b3fbf71911f90596beecb57a7ef0239.jpg,normal,C:\Personal AI & ML PROJECTS\AI IN HEALTHCARE\MY PROJECT E PAARVAI\Dataset Katarak\test\normal\normal-160_jpg.rf.7b3fbf71911f90596beecb57a7ef0239.jpg,da88024dd491a0ce05f9ba725b15ac14245d11b30e3b3178d0e54867c009e545,e7239ee67981218b,VF_00069,5,train
dataset_katarak,test,normal-167_jpg.rf.1049cb007474ff4d34fb26bf178c8a96.jpg,normal,C:\Personal AI & ML PROJECTS\AI IN HEALTHCARE\MY PROJECT E PAARVAI\Dataset Katarak\test\normal\normal-167_jpg.rf.1049cb007474ff4d34fb26bf178c8a96.jpg,e4b8e726a83327ea1fdf69d005184cbbc94dcac656658125e1ca33f38f59ffda,b6818bb674796a26,VF_00074,5,train
dataset_katarak,test,normal-180_jpg.rf.0b2c90362ca69eceadebae7c253c7947.jpg,normal,C:\Personal AI & ML PROJECTS\AI IN HEALTHCARE\MY PROJECT E PAARVAI\Dataset Katarak\test\normal\normal-180_jpg.rf.0b2c90362ca69eceadebae7c253c7947.jpg,99033ef4206fcee98ed04070ec4d0e64d0f2ea52a3448684b93cbceaf0460d66,f5dacaa5345a6289,VF_00078,5,train
dataset_katarak,test,normal-62_jpg.rf.28ef0485cb9d7a28042df91c080e6f98.jpg,normal,C:\Personal AI & ML PROJECTS\AI IN HEALTHCARE\MY PROJECT E PAARVAI\Dataset Katarak\test\normal\normal-62_jpg.rf.28ef0485cb9d7a28042df91c080e6f98.jpg,f98b6684d8329e1a1b35370ddea55929eab793889360fff17aae69d74ec02c83,e1599efe68f02341,VF_00028,5,train
dataset_katarak,test,normal-92_jpg.rf.2c6056c0620157fd778e8b457812ca48.jpg,normal,C:\Personal AI & ML PROJECTS\AI IN HEALTHCARE\MY PROJECT E PAARVAI\Dataset Katarak\test\normal\normal-92_jpg.rf.2c6056c0620157fd778e8b457812ca48.jpg,9bbc88781e91115290e2d7b21306577e02984036dd00329aa84fc85c99f9d0c2,f220cf8b6ccc743c,VF_00040,3,train
dataset_katarak,test,aug_0_1012_jpeg.rf.37e31f96a29ce5a68d23deab1b128f4e.jpg,immature,C:\Personal AI & ML PROJECTS\AI IN HEALTHCARE\MY PROJECT E PAARVAI\Dataset Katarak\test\immature\aug_0_1012_jpeg.rf.37e31f96a29ce5a68d23deab1b128f4e.jpg,2d6e54226c12d982d577247924108f75df9bdda4c988fc7fee3268516d0a8b65,c64e899998be93b1,VF_02826,1,train
dataset_katarak,test,aug_0_1156_jpeg.rf.ff8950ee5178b7620b73485b6719fb41.jpg,immature,C:\Personal AI & ML PROJECTS\AI IN HEALTHCARE\MY PROJECT E PAARVAI\Dataset Katarak\test\immature\aug_0_1156_jpeg.rf.ff8950ee5178b7620b73485b6719fb41.jpg,e3a63b99f5e3424cb88298709c05b27de2c02c0e5279039612859bf3606a6154,e2768dcd2490376b,VF_02827,1,train
dataset_katarak,test,aug_0_1166_jpeg.rf.6125272d377e504352daecbabb368032.jpg,immature,C:\Personal AI & ML PROJECTS\AI IN HEALTHCARE\MY PROJECT E PAARVAI\Dataset Katarak\test\immature\aug_0_1166_jpeg.rf.6125272d377e504352daecbabb368032.jpg,1a8ee60585abe305a00884d7fc76a52d08c48ad96014c64241cbe5b56c93a04b,9a18c46dc17f17a6,VF_02828,1,train
dataset_katarak,test,aug_0_1327_jpeg.rf.5e4686fa4f26a4d0e0471a2fbab8e7ff.jpg,immature,C:\Personal AI & ML PROJECTS\AI IN HEALTHCARE\MY PROJECT E PAARVAI\Dataset Katarak\test\immature\aug_0_1327_jpeg.rf.5e4686fa4f26a4d0e0471a2fbab8e7ff.jpg,6b006177013c9f9a17803fbb385ed74b457591f7c5e6da8e770f18434af9e1b4,a9e0c20f39e2e6b5,VF_02829,1,train
dataset_katarak,test,aug_0_1349_jpeg.rf.bef9a585258dc4b8b6e9af6f399127b0.jpg,immature,C:\Personal AI & ML PROJECTS\AI IN HEALTHCARE\MY PROJECT E PAARVAI\Dataset Katarak\test\immature\aug_0_1349_jpeg.rf.bef9a585258dc4b8b6e9af6f399127b0.jpg,df2e6962b7cc9090d13ca3bac8cbd8c92245e80977223e3957f50a947cf1acac,bb59c0c4c6373707,VF_02831,1,train
dataset_katarak,test,aug_0_1461_jpeg.rf.88207b59a1950c9e45559e59e6dfa95c.jpg,immature,C:\Personal AI & ML PROJECTS\AI IN HEALTHCARE\MY PROJECT E PAARVAI\Dataset Katarak\test\immature\aug_0_1461_jpeg.rf.88207b59a1950c9e45559e59e6dfa95c.jpg,5c56e27ebd2214af9975aa7aa01d01406bf2f396915e8b19b666d5cb307038fb,f5d2da25615a86e1,VF_02833,1,train
dataset_katarak,test,aug_0_1741_jpeg.rf.f1542533947ef6cb057d76d627c4abed.jpg,immature,C:\Personal AI & ML PROJECTS\AI IN HEALTHCARE\MY PROJECT E PAARVAI\Dataset Katarak\test\immature\aug_0_1741_jpeg.rf.f1542533947ef6cb057d76d627c4abed.jpg,80d5f7a3cef22a15499946675cb12a63ceb09e9456bf9c89f858c5827a7b2128,ecc6823d1ed5e852,VF_02837,1,train
dataset_katarak,test,aug_0_1870_jpeg.rf.0a34b324f09568c66faf194ffba62e12.jpg,immature,C:\Personal AI & ML PROJECTS\AI IN HEALTHCARE\MY PROJECT E PAARVAI\Dataset Katarak\test\immature\aug_0_1870_jpeg.rf.0a34b324f09568c66faf194ffba62e12.jpg,a15120fed93bcfdb406cd6902a6f930a6676821fcd218cbb250216fd63e97a1d,a08b82355bfe9d32,VF_02838,1,train
dataset_katarak,test,aug_0_1890_jpeg.rf.0e95a3f251314ea85caed73ac916178e.jpg,immature,C:\Personal AI & ML PROJECTS\AI IN HEALTHCARE\MY PROJECT E PAARVAI\Dataset Katarak\test\immature\aug_0_1890_jpeg.rf.0e95a3f251314ea85caed73ac916178e.jpg,e5e1ee6571ba3c2d906760fbb0658499b5bf044643122d21799983630ad83aad,e161c78747c995a5,VF_02839,1,train
dataset_katarak,test,aug_0_1951_jpeg.rf.9957d799b257ad53298fb3a482efc031.jpg,immature,C:\Personal AI & ML PROJECTS\AI IN HEALTHCARE\MY PROJECT E PAARVAI\Dataset Katarak\test\immature\aug_0_1951_jpeg.rf.9957d799b257ad53298fb3a482efc031.jpg,41564f6c6de9239953e33e1fb472ef22d4fbf0e1b30a029c5ae429b9dd573f45,ef8e9869d1650a9c,VF_02840,1,train
dataset_katarak,test,aug_0_2160_jpeg.rf.fd9541954db429b56a0c106359f222dd.jpg,immature,C:\Personal AI & ML PROJECTS\AI IN HEALTHCARE\MY PROJECT E PAARVAI\Dataset Katarak\test\immature\aug_0_2160_jpeg.rf.fd9541954db429b56a0c106359f222dd.jpg,03a8be1e996725c115503bdcd5853d2c9cda856214ffa0de36f92fbc85fd94d1,acd39738aa21915f,VF_02842,1,train
dataset_katarak,test,aug_0_2302_jpeg.rf.b182957d745db450e9dfba2fc9c4af74.jpg,immature,C:\Personal AI & ML PROJECTS\AI IN HEALTHCARE\MY PROJECT E PAARVAI\Dataset Katarak\test\immature\aug_0_2302_jpeg.rf.b182957d745db450e9dfba2fc9c4af74.jpg,4b6b5654a0ca1b7b61881198788a52f26da186e4670fa0b44f0e378a17989d41,e8c1852a3af4f1d6,VF_02844,1,train
dataset_katarak,test,aug_0_2509_jpeg.rf.691eeddbbe55bb833dda3b826262c6c2.jpg,immature,C:\Personal AI & ML PROJECTS\AI IN HEALTHCARE\MY PROJECT E PAARVAI\Dataset Katarak\test\immature\aug_0_2509_jpeg.rf.691eeddbbe55bb833dda3b826262c6c2.jpg,9669edb5bc6d13d5be4631639f2d572ec2ddc9807a86dd5b3d1f705e8ec789a1,a2c5c11a4d4a3f7e,VF_02846,1,train
dataset_katarak,test,aug_0_2533_jpeg.rf.3a8b780eb9a2df82dc8d455f205f801d.jpg,immature,C:\Personal AI & ML PROJECTS\AI IN HEALTHCARE\MY PROJECT E PAARVAI\Dataset Katarak\test\immature\aug_0_2533_jpeg.rf.3a8b780eb9a2df82dc8d455f205f801d.jpg,2ff359685f9fc6ce120367b96f11a62b1b7965d6493a65049adc8811475f4a95,b03093cb4f0bcbce,VF_02847,1,train
dataset_katarak,test,aug_0_2559_jpeg.rf.a9817994f3ef04eee6046a61e3e657e4.jpg,immature,C:\Personal AI & ML PROJECTS\AI IN HEALTHCARE\MY PROJECT E PAARVAI\Dataset Katarak\test\immature\aug_0_2559_jpeg.rf.a9817994f3ef04eee6046a61e3e657e4.jpg,8f03a79cb197ddb0c14491d25693ce67fb1a7fb895bc8e07cd589072a0e2e49b,e53585de1e4a3cc8,VF_02848,1,train
dataset_katarak,test,aug_0_2587_jpeg.rf.21a7fd381bfebde2b55f8675fef1af12.jpg,immature,C:\Personal AI & ML PROJECTS\AI IN HEALTHCARE\MY PROJECT E PAARVAI\Dataset Katarak\test\immature\aug_0_2587_jpeg.rf.21a7fd381bfebde2b55f8675fef1af12.jpg,81fb03b82ba147f74db6f2f335e096ce98ac8ea1bdd6fb0e656cf1703060044d,a63794c878b5a4b6,VF_02849,1,train
dataset_katarak,test,aug_0_2643_jpeg.rf.fd7b9aa470bd4c95e830df7f366801fc.jpg,immature,C:\Personal AI & ML PROJECTS\AI IN HEALTHCARE\MY PROJECT E PAARVAI\Dataset Katarak\test\immature\aug_0_2643_jpeg.rf.fd7b9aa470bd4c95e830df7f366801fc.jpg,dc4c8675ae4f458e95d66f2c98159e5785faf3d82a276acedd454dbea2078b6d,ab0bc6f0391de45a,VF_02850,1,train
dataset_katarak,test,aug_0_2647_jpeg.rf.bc9886ae7977a04563eea0b4538807f6.jpg,immature,C:\Personal AI & ML PROJECTS\AI IN HEALTHCARE\MY PROJECT E PAARVAI\Dataset Katarak\test\immature\aug_0_2647_jpeg.rf.bc9886ae7977a04563eea0b4538807f6.jpg,804f857fe44bfedf267ad327aae9b832a6d9e432f02fcf42890e162cd9a0b528,b959c0c6c6273727,VF_02851,1,train
dataset_katarak,test,aug_0_2682_jpeg.rf.223f647d02eb44ab73014feac366d4ef.jpg,immature,C:\Personal AI & ML PROJECTS\AI IN HEALTHCARE\MY PROJECT E PAARVAI\Dataset Katarak\test\immature\aug_0_2682_jpeg.rf.223f647d02eb44ab73014feac366d4ef.jpg,cc698e91d04182218f572f4071a684a66ec89a9190c07951737b3443a747345b,ef8a98f127869c68,VF_02852,1,train
dataset_katarak,test,aug_0_2704_jpeg.rf.f596fa1b3cb2467799d8602b9c573ead.jpg,immature,C:\Personal AI & ML PROJECTS\AI IN HEALTHCARE\MY PROJECT E PAARVAI\Dataset Katarak\test\immature\aug_0_2704_jpeg.rf.f596fa1b3cb2467799d8602b9c573ead.jpg,b35eed394770aeacaf6d0bfdf29fdc27f8f14f66bed5d35598400ab8a52318e3,b721dc8a70e56237,VF_02853,1,train
dataset_katarak,test,aug_0_2705_jpeg.rf.4984c737ec09b389b1932040956ffb5e.jpg,immature,C:\Personal AI & ML PROJECTS\AI IN HEALTHCARE\MY PROJECT E PAARVAI\Dataset Katarak\test\immature\aug_0_2705_jpeg.rf.4984c737ec09b389b1932040956ffb5e.jpg,659b035d5154549d595083daaccaf1f8c51cdcee2096af834ceb02317e94fab7,bba6c03bc6c037d8,VF_02854,1,train
dataset_katarak,test,aug_0_2788_jpeg.rf.13ad74810baf0c4d408a606fc6f54518.jpg,immature,C:\Personal AI & ML PROJECTS\AI IN HEALTHCARE\MY PROJECT E PAARVAI\Dataset Katarak\test\immature\aug_0_2788_jpeg.rf.13ad74810baf0c4d408a606fc6f54518.jpg,e5313e5f534e29104628a6691dbeccac82d1acfd6f0069c75d82dc0f164a4bac,f524daca69e5e02a,VF_02855,1,train
dataset_katarak,test,aug_0_2904_jpeg.rf.b413aaf82c944465a37e16e4e3535939.jpg,immature,C:\Personal AI & ML PROJECTS\AI IN HEALTHCARE\MY PROJECT E PAARVAI\Dataset Katarak\test\immature\aug_0_2904_jpeg.rf.b413aaf82c944465a37e16e4e3535939.jpg,906048723216483096a130f9368c068b2487153f160bbf4d47b3a6b77d23310d,bf1bc4c487c3da18,VF_02856,1,train
dataset_katarak,test,aug_0_2941_jpeg.rf.50fef526206fdcb38bf56e65328814aa.jpg,immature,C:\Personal AI & ML PROJECTS\AI IN HEALTHCARE\MY PROJECT E PAARVAI\Dataset Katarak\test\immature\aug_0_2941_jpeg.rf.50fef526206fdcb38bf56e65328814aa.jpg,9992d6e26b74619628f6a61ec1b4aa052790c00767b5b617031ca289b3697bd5,e561969e1e1cd139,VF_02858,1,train
dataset_katarak,test,aug_0_3051_jpeg.rf.e353ef15d8307b2b786ca076a2336b04.jpg,immature,C:\Personal AI & ML PROJECTS\AI IN HEALTHCARE\MY PROJECT E PAARVAI\Dataset Katarak\test\immature\aug_0_3051_jpeg.rf.e353ef15d8307b2b786ca076a2336b04.jpg,bf19c328895bee43395b1b53d7762050b7bc57ebeda0d7996c984d342b3f7b32,b07c8b8f34f4d342,VF_02860,1,train
dataset_katarak,test,aug_0_3068_jpeg.rf.639fb4fe314aef9f625b5696b7639a46.jpg,immature,C:\Personal AI & ML PROJECTS\AI IN HEALTHCARE\MY PROJECT E PAARVAI\Dataset Katarak\test\immature\aug_0_3068_jpeg.rf.639fb4fe314aef9f625b5696b7639a46.jpg,7de1ba1ca6cc1d72ed74b5186633b5f287696af911665bb0f321cb8785670121,9be4c41b026c7bc7,VF_02861,1,train
dataset_katarak,test,aug_0_3270_jpeg.rf.4ab6638cca4f940ea12dfe8a6940b9c8.jpg,immature,C:\Personal AI & ML PROJECTS\AI IN HEALTHCARE\MY PROJECT E PAARVAI\Dataset Katarak\test\immature\aug_0_3270_jpeg.rf.4ab6638cca4f940ea12dfe8a6940b9c8.jpg,686883bd842ec81447b9503f44bdad594fff504f845e9cd33adf12a5d931411c,f2728d8dd2f064c9,VF_02863,1,train
dataset_katarak,test,aug_0_3284_jpeg.rf.0aaf57bee3a683f870b44db9898a4673.jpg,immature,C:\Personal AI & ML PROJECTS\AI IN HEALTHCARE\MY PROJECT E PAARVAI\Dataset Katarak\test\immature\aug_0_3284_jpeg.rf.0aaf57bee3a683f870b44db9898a4673.jpg,a19a549721382d6cd6a4fbfd4f3fc431c63fcdff5a92c6c14a00c2fa12f5ed53,bb1bd8c4c4edc2c4,VF_02864,1,train
dataset_katarak,test,aug_0_3407_jpeg.rf.60f185531b369855f015c51c012e0557.jpg,immature,C:\Personal AI & ML PROJECTS\AI IN HEALTHCARE\MY PROJECT E PAARVAI\Dataset Katarak\test\immature\aug_0_3407_jpeg.rf.60f185531b369855f015c51c012e0557.jpg,4fad1585dc53f3447cc725f08fb18ec91a657acf6e964696019c89a3e33e670a,c19f6a611f80755e,VF_02867,1,train
dataset_katarak,test,aug_0_3566_jpeg.rf.2a1cd1dba3f8c70e5ae0a958ca7f36d4.jpg,immature,C:\Personal AI & ML PROJECTS\AI IN HEALTHCARE\MY PROJECT E PAARVAI\Dataset Katarak\test\immature\aug_0_3566_jpeg.rf.2a1cd1dba3f8c70e5ae0a958ca7f36d4.jpg,41fd970115d33d03657196915eef1c30cacfbf987f0764ff15f6120143bfbb72,a91fc2f0391de64a,VF_02870,1,train
dataset_katarak,test,aug_0_3584_jpeg.rf.689ce01c58a005afc0fdcbb165948a42.jpg,immature,C:\Personal AI & ML PROJECTS\AI IN HEALTHCARE\MY PROJECT E PAARVAI\Dataset Katarak\test\immature\aug_0_3584_jpeg.rf.689ce01c58a005afc0fdcbb165948a42.jpg,c95718939148ff78d36d6cc194bce6d4667dfaf2a956921979b853bd89c8aa42,e39df2219ef00770,VF_02871,1,train
dataset_katarak,test,aug_0_3624_jpeg.rf.7d5574c136a7b946ad1ed0ea9ecfbb21.jpg,immature,C:\Personal AI & ML PROJECTS\AI IN HEALTHCARE\MY PROJECT E PAARVAI\Dataset Katarak\test\immature\aug_0_3624_jpeg.rf.7d5574c136a7b946ad1ed0ea9ecfbb21.jpg,14c644f138f5b1e108bef163e08c1dcffe76a0f5f166344797c7411653372588,a61bec99e230cdc3,VF_02873,1,train
dataset_katarak,test,aug_0_3666_jpeg.rf.22103b10e3272dd13bc7ea6f19eb0498.jpg,immature,C:\Personal AI & ML PROJECTS\AI IN HEALTHCARE\MY PROJECT E PAARVAI\Dataset Katarak\test\immature\aug_0_3666_jpeg.rf.22103b10e3272dd13bc7ea6f19eb0498.jpg,6fb92b4d449e24f2acaa62dedb9e4aee0eb6044f598821d8fbd866e4f10bf378,ba04cd5b363c7b30,VF_02874,1,train
dataset_katarak,test,aug_0_3711_jpeg.rf.eeeab4fb5dbdd5a6d55c7557c29f6f57.jpg,immature,C:\Personal AI & ML PROJECTS\AI IN HEALTHCARE\MY PROJECT E PAARVAI\Dataset Katarak\test\immature\aug_0_3711_jpeg.rf.eeeab4fb5dbdd5a6d55c7557c29f6f57.jpg,9ae39f3296136568d01105c78214793e86e7c91e58d1d63ffd6201ad5f4b5cad,a19cde69c5175a61,VF_02875,1,train
dataset_katarak,test,aug_0_3748_jpeg.rf.4dd2a148d572ca60e1ed9ec15b8dcd43.jpg,immature,C:\Personal AI & ML PROJECTS\AI IN HEALTHCARE\MY PROJECT E PAARVAI\Dataset Katarak\test\immature\aug_0_3748_jpeg.rf.4dd2a148d572ca60e1ed9ec15b8dcd43.jpg,42d2c8e40361ec58b3153adbefb7faeff0ff4f725a8d9bce7984e092d59f537c,b038cd8d0ed2fa33,VF_02877,1,train
dataset_katarak,test,aug_0_4023_jpeg.rf.4efe2e309f6164e07894046859a3229a.jpg,immature,C:\Personal AI & ML PROJECTS\AI IN HEALTHCARE\MY PROJECT E PAARVAI\Dataset Katarak\test\immature\aug_0_4023_jpeg.rf.4efe2e309f6164e07894046859a3229a.jpg,3264b23bc6bec12b9beab1bb2842a6f5f776dcffe646af75445932c57e69a927,a525f89e9ec66198,VF_02881,1,train
dataset_katarak,test,aug_0_4141_jpeg.rf.ba0106541d609996a3b05e98e8ca68e8.jpg,immature,C:\Personal AI & ML PROJECTS\AI IN HEALTHCARE\MY PROJECT E PAARVAI\Dataset Katarak\test\immature\aug_0_4141_jpeg.rf.ba0106541d609996a3b05e98e8ca68e8.jpg,64f4aa772ab8ee3af5be85c27d01a25072e28ca56d452dddbeeebbe7f4197e44,9b1bcce423133b78,VF_02882,1,train
dataset_katarak,test,aug_0_4159_jpeg.rf.c1671226c59fbf2cec4014b1e89b8f04.jpg,immature,C:\Personal AI & ML PROJECTS\AI IN HEALTHCARE\MY PROJECT E PAARVAI\Dataset Katarak\test\immature\aug_0_4159_jpeg.rf.c1671226c59fbf2cec4014b1e89b8f04.jpg,22420fb36ea346a61147439ce93e3e2049a2cb93f25b0516a1f84a291af2a87e,a48ba22ccb7c8d76,VF_02883,1,train
dataset_katarak,test,aug_0_4160_jpeg.rf.051554e9217456f20ea448377436975a.jpg,immature,C:\Personal AI & ML PROJECTS\AI IN HEALTHCARE\MY PROJECT E PAARVAI\Dataset Katarak\test\immature\aug_0_4160_jpeg.rf.051554e9217456f20ea448377436975a.jpg,0c2ff951ab1796cc3d35f60156395b43f91add288c5af8385090cfbbc2565be1,b9f3c61c9552308f,VF_02884,1,train
dataset_katarak,test,aug_0_4267_jpeg.rf.fed649839b7c3fda330ef407afcfc731.jpg,immature,C:\Personal AI & ML PROJECTS\AI IN HEALTHCARE\MY PROJECT E PAARVAI\Dataset Katarak\test\immature\aug_0_4267_jpeg.rf.fed649839b7c3fda330ef407afcfc731.jpg,3d9071dcaad345faa73e799685ac6cf8a057aaaafdba39961ffba2f78b1802ec,f5207e8f8eca68c8,VF_02885,1,train
dataset_katarak,test,aug_0_4361_jpeg.rf.7b853d7b3c23f221c7687a9ee65cec9f.jpg,immature,C:\Personal AI & ML PROJECTS\AI IN HEALTHCARE\MY PROJECT E PAARVAI\Dataset Katarak\test\immature\aug_0_4361_jpeg.rf.7b853d7b3c23f221c7687a9ee65cec9f.jpg,d49351c3bb8219b6bb3ce361811fe2fb04f3807a180583197582b3e9a195dd08,8270adcb703da63d,VF_02888,1,train
dataset_katarak,test,aug_0_43_jpeg.rf.c6e0650dd588d6bdc6f1e4a4ddb1cb43.jpg,immature,C:\Personal AI & ML PROJECTS\AI IN HEALTHCARE\MY PROJECT E PAARVAI\Dataset Katarak\test\immature\aug_0_43_jpeg.rf.c6e0650dd588d6bdc6f1e4a4ddb1cb43.jpg,5ae4f032a273a14f83c3f1fd18fb768d60c3decf9ceedc4d98dec254b7601466,eb60859517c8e8fc,VF_02889,1,train
dataset_katarak,test,aug_0_4413_jpeg.rf.2e55c16e49a1d09dd8b140ba06749643.jpg,immature,C:\Personal AI & ML PROJECTS\AI IN HEALTHCARE\MY PROJECT E PAARVAI\Dataset Katarak\test\immature\aug_0_4413_jpeg.rf.2e55c16e49a1d09dd8b140ba06749643.jpg,530b9a243cf0b246fa618d79c6926e46141e16c0a8096d237eeea54602d5c2e7,e289cd30a46b2fcd,VF_02890,1,train
dataset_katarak,test,aug_0_4495_jpeg.rf.95ac79d9079ad56b26a15602ed77abc4.jpg,immature,C:\Personal AI & ML PROJECTS\AI IN HEALTHCARE\MY PROJECT E PAARVAI\Dataset Katarak\test\immature\aug_0_4495_jpeg.rf.95ac79d9079ad56b26a15602ed77abc4.jpg,81ebb84d2fabfa7c99a99ddbede80ae2c8140b72d823157ebb64083754cdabe3,fcb696494cbc30d8,VF_02891,1,train
dataset_katarak,test,aug_0_471_jpeg.rf.30bba8d6ca93b45d10f361c131ff2ba6.jpg,immature,C:\Personal AI & ML PROJECTS\AI IN HEALTHCARE\MY PROJECT E PAARVAI\Dataset Katarak\test\immature\aug_0_471_jpeg.rf.30bba8d6ca93b45d10f361c131ff2ba6.jpg,b9d48ddb0e0f0a48b1da4453aaeeea96de5666719ecf6d523fd712072914c19b,e1799f84f25a0768,VF_02892,1,train
dataset_katarak,test,aug_0_5174_jpeg.rf.b2d9c191013f8ca341076d58407b8834.jpg,immature,C:\Personal AI & ML PROJECTS\AI IN HEALTHCARE\MY PROJECT E PAARVAI\Dataset Katarak\test\immature\aug_0_5174_jpeg.rf.b2d9c191013f8ca341076d58407b8834.jpg,a864aeaa158a94a2bb6cc80fd99b77ea40959c45a71223a8ab453f99864a7d42,b225cdd284cf1337,VF_02896,1,train
dataset_katarak,test,aug_0_5335_jpeg.rf.71ac55a7cdc517fa6085289d942f3f3c.jpg,immature,C:\Personal AI & ML PROJECTS\AI IN HEALTHCARE\MY PROJECT E PAARVAI\Dataset Katarak\test\immature\aug_0_5335_jpeg.rf.71ac55a7cdc517fa6085289d942f3f3c.jpg,c2a7082d8198ac09df5a7d5e45933d8e747bbd372fd6cd9fad27c44ce191e2f2,e760989ce539c966,VF_02897,1,train
dataset_katarak,test,aug_0_5358_jpeg.rf.1e831b421ff9b53c500b6f37f4bba813.jpg,immature,C:\Personal AI & ML PROJECTS\AI IN HEALTHCARE\MY PROJECT E PAARVAI\Dataset Katarak\test\immature\aug_0_5358_jpeg.rf.1e831b421ff9b53c500b6f37f4bba813.jpg,7dedd3f2776fe240939774dd85275d3c05b069b8bfe0666968b7db1f4caf7f11,ec5a97a56c713d01,VF_02898,1,train
dataset_katarak,test,aug_0_5519_jpeg.rf.a9a14527b9eb95f4f51e88ab96f48778.jpg,immature,C:\Personal AI & ML PROJECTS\AI IN HEALTHCARE\MY PROJECT E PAARVAI\Dataset Katarak\test\immature\aug_0_5519_jpeg.rf.a9a14527b9eb95f4f51e88ab96f48778.jpg,d82e991a8eddf99bbd9fe51a542dc14edb0de558f571818a1635b10ffba482be,a08fcb300f5fb456,VF_02899,1,train
dataset_katarak,test,aug_0_5541_jpeg.rf.7f9f60dd67711dfb8bcf7db2d5a1012d.jpg,immature,C:\Personal AI & ML PROJECTS\AI IN HEALTHCARE\MY PROJECT E PAARVAI\Dataset Katarak\test\immature\aug_0_5541_jpeg.rf.7f9f60dd67711dfb8bcf7db2d5a1012d.jpg,53e2203c014d0d1f3123e01b0ea5e3e2d5ee62093c73462ab05b16ebda646f4c,b496da68e822a797,VF_02900,1,train
dataset_katarak,test,aug_0_5628_jpeg.rf.0bf1b273e60e1bfbd8124a83c49385ed.jpg,immature,C:\Personal AI & ML PROJECTS\AI IN HEALTHCARE\MY PROJECT E PAARVAI\Dataset Katarak\test\immature\aug_0_5628_jpeg.rf.0bf1b273e60e1bfbd8124a83c49385ed.jpg,3b41e4c1227d33111f36be5ea6fac9360c14e62fa6b2a02d9008f90e95876660,c5237e989c75f501,VF_02901,1,train
dataset_katarak,test,aug_0_5680_jpeg.rf.b906aefd6694c19b67725dfaa3372452.jpg,immature,C:\Personal AI & ML PROJECTS\AI IN HEALTHCARE\MY PROJECT E PAARVAI\Dataset Katarak\test\immature\aug_0_5680_jpeg.rf.b906aefd6694c19b67725dfaa3372452.jpg,4670cc42e723a37462e9c06b78376c792c0945b71f262a3aa3888bb0cb8f6d95,a5daa521de2147ae,VF_02903,1,train
dataset_katarak,test,aug_0_5892_jpeg.rf.0f584606ff3f44079480798f4a911e1b.jpg,immature,C:\Personal AI & ML PROJECTS\AI IN HEALTHCARE\MY PROJECT E PAARVAI\Dataset Katarak\test\immature\aug_0_5892_jpeg.rf.0f584606ff3f44079480798f4a911e1b.jpg,8db0e6fcf3395d1d5276ae142398282d60ac9394b6b531024cee453308908aa8,e613ee0bf0348fc2,VF_02905,1,train
dataset_katarak,test,aug_0_6209_jpeg.rf.9570eba973a714e30a830ed920b60efb.jpg,immature,C:\Personal AI & ML PROJECTS\AI IN HEALTHCARE\MY PROJECT E PAARVAI\Dataset Katarak\test\immature\aug_0_6209_jpeg.rf.9570eba973a714e30a830ed920b60efb.jpg,8cf234c971c34b42cd66f6cc5081646e63d9dbe6dd03e163b51599272e1adb9d,d7c8da656a3aa584,VF_02907,1,train
dataset_katarak,test,aug_0_6210_jpeg.rf.beace9bc1f3db6e8fcc94cdc0928f461.jpg,immature,C:\Personal AI & ML PROJECTS\AI IN HEALTHCARE\MY PROJECT E PAARVAI\Dataset Katarak\test\immature\aug_0_6210_jpeg.rf.beace9bc1f3db6e8fcc94cdc0928f461.jpg,cac3a9a79c6b84edddfa62ff05ef74d3a3fedea05640cfa3886d24ef845d11db,a9e2823c3de2e696,VF_02908,1,train
dataset_katarak,test,aug_0_6256_jpeg.rf.f78589bcefe1aecd458b23d00c112317.jpg,immature,C:\Personal AI & ML PROJECTS\AI IN HEALTHCARE\MY PROJECT E PAARVAI\Dataset Katarak\test\immature\aug_0_6256_jpeg.rf.f78589bcefe1aecd458b23d00c112317.jpg,00a759ac3503b644a7eb5ee2d164ec291499ea0b71c4216b75d88949dff5e2c9,e7869a78e1870e95,VF_02910,1,train
dataset_katarak,test,aug_0_6350_jpeg.rf.d15937606c6f34f8ba18f7db4f1e3a2c.jpg,immature,C:\Personal AI & ML PROJECTS\AI IN HEALTHCARE\MY PROJECT E PAARVAI\Dataset Katarak\test\immature\aug_0_6350_jpeg.rf.d15937606c6f34f8ba18f7db4f1e3a2c.jpg,f96b7a5bf2bad71f96e162f02de57a8befac7d684cd9568c59b2f8df5ee28e4a,f525de9a7ac1a130,VF_02911,1,train
dataset_katarak,test,aug_0_642_jpeg.rf.ed25feb859b631b9f552292cde12179d.jpg,immature,C:\Personal AI & ML PROJECTS\AI IN HEALTHCARE\MY PROJECT E PAARVAI\Dataset Katarak\test\immature\aug_0_642_jpeg.rf.ed25feb859b631b9f552292cde12179d.jpg,675aa968b10215721904a494d627cb92bf1ce70589e4f4009a32bb9d9dd35581,b4708b8afc9dc0f2,VF_02912,1,train
dataset_katarak,test,aug_0_6557_jpeg.rf.c38c9d0942ca7c65d4d63c704e7e716f.jpg,immature,C:\Personal AI & ML PROJECTS\AI IN HEALTHCARE\MY PROJECT E PAARVAI\Dataset Katarak\test\immature\aug_0_6557_jpeg.rf.c38c9d0942ca7c65d4d63c704e7e716f.jpg,4b526c7b68b1f232a8facf44aa9a52b5cfe365ecbf93b19fdf426b99c15ffbaa,b535c2c20aadbdb2,VF_02914,1,train
dataset_katarak,test,aug_0_6567_jpeg.rf.5d4b7cdcb5e4e6470676e6747608bd20.jpg,immature,C:\Personal AI & ML PROJECTS\AI IN HEALTHCARE\MY PROJECT E PAARVAI\Dataset Katarak\test\immature\aug_0_6567_jpeg.rf.5d4b7cdcb5e4e6470676e6747608bd20.jpg,7cfa7cd0757f5d1efc5bec99316a958f06e424819ca5eb885d594693c81e0a30,f060db8f8f0c70f4,VF_02915,1,train
dataset_katarak,test,aug_0_6678_jpeg.rf.88084bfcc9682fbdaadfbefad40c5a1b.jpg,immature,C:\Personal AI & ML PROJECTS\AI IN HEALTHCARE\MY PROJECT E PAARVAI\Dataset Katarak\test\immature\aug_0_6678_jpeg.rf.88084bfcc9682fbdaadfbefad40c5a1b.jpg,63de8d2bcc4af00a6fd7f060c9bc43a3e1edc8fe5f3620b31d1e1c87c8617f95,f39dc2600dc3651f,VF_02916,1,train
dataset_katarak,test,aug_0_671_jpeg.rf.44fa3a67f318f688531ae7804b749480.jpg,immature,C:\Personal AI & ML PROJECTS\AI IN HEALTHCARE\MY PROJECT E PAARVAI\Dataset Katarak\test\immature\aug_0_671_jpeg.rf.44fa3a67f318f688531ae7804b749480.jpg,38e0522a0670d9c7722278b04406df14a9fd95a8dffd0670b9a0279c5ca1c486,eca59349cc032dd7,VF_02917,1,train
dataset_katarak,test,aug_0_6748_jpeg.rf.09514856c11f4cf65b220fc037d1da9c.jpg,immature,C:\Personal AI & ML PROJECTS\AI IN HEALTHCARE\MY PROJECT E PAARVAI\Dataset Katarak\test\immature\aug_0_6748_jpeg.rf.09514856c11f4cf65b220fc037d1da9c.jpg,e72810c851ca6e1fd74cd62650868df9ffd4df2e62b1c2904c24faa2f0c43b0e,de99c06619cf1966,VF_02918,1,train
dataset_katarak,test,aug_0_6768_jpeg.rf.8f91c9105723934b2bb7fbcbb1bb18b8.jpg,immature,C:\Personal AI & ML PROJECTS\AI IN HEALTHCARE\MY PROJECT E PAARVAI\Dataset Katarak\test\immature\aug_0_6768_jpeg.rf.8f91c9105723934b2bb7fbcbb1bb18b8.jpg,e1de4d2bbeee73edfbc7df9369cf7fc62d2440b0fb8852083f9d025c6abe6857,a2c68d3a2f69323d,VF_02919,1,train
dataset_katarak,test,aug_0_7149_jpeg.rf.ae34730a70ec4cd7112ec1d01a18b561.jpg,immature,C:\Personal AI & ML PROJECTS\AI IN HEALTHCARE\MY PROJECT E PAARVAI\Dataset Katarak\test\immature\aug_0_7149_jpeg.rf.ae34730a70ec4cd7112ec1d01a18b561.jpg,88a2b20468d5aad2805a171ba78be40c443fa9b80bbb93ccc1987b460400fd8c,b43472cacb4b478d,VF_02922,1,train
dataset_katarak,test,aug_0_7206_jpeg.rf.5d87e78d6e789a2b86b93e27910f5577.jpg,immature,C:\Personal AI & ML PROJECTS\AI IN HEALTHCARE\MY PROJECT E PAARVAI\Dataset Katarak\test\immature\aug_0_7206_jpeg.rf.5d87e78d6e789a2b86b93e27910f5577.jpg,1b24aaf9a62dc62bc79d87281577cdd53287de9b308586f33097452267b8a69b,a1659f9b88b81ed4,VF_02924,1,train
dataset_katarak,test,aug_0_7218_jpeg.rf.d743aaccf8c2d58ccec14ed7e8af6600.jpg,immature,C:\Personal AI & ML PROJECTS\AI IN HEALTHCARE\MY PROJECT E PAARVAI\Dataset Katarak\test\immature\aug_0_7218_jpeg.rf.d743aaccf8c2d58ccec14ed7e8af6600.jpg,46376f7bb7127d396cd151827d437e3b418abde884db25d3d0ee81aac0c0a173,f422cb8b6874c4e7,VF_02925,1,train
dataset_katarak,test,aug_0_7288_jpeg.rf.ec0b36a027c3bb89251b73743285525d.jpg,immature,C:\Personal AI & ML PROJECTS\AI IN HEALTHCARE\MY PROJECT E PAARVAI\Dataset Katarak\test\immature\aug_0_7288_jpeg.rf.ec0b36a027c3bb89251b73743285525d.jpg,3a66450f431869ec1f6a3f944f98a5ec80d3129b4e8ebc2559d450ad8ed86d3f,b452ca68ad27a795,VF_02926,1,train
dataset_katarak,test,aug_0_7303_jpeg.rf.78ff0376794d6c5d6921b25059b1578e.jpg,immature,C:\Personal AI & ML PROJECTS\AI IN HEALTHCARE\MY PROJECT E PAARVAI\Dataset Katarak\test\immature\aug_0_7303_jpeg.rf.78ff0376794d6c5d6921b25059b1578e.jpg,0ed1405172695b010a33a59be8c45b69e86c039057c81ae0a7b794e7a443f97c,e868c7870755d89e,VF_02927,1,train
dataset_katarak,test,aug_0_7322_jpeg.rf.7fba54756f3e252861c5d1ac5736ff40.jpg,immature,C:\Personal AI & ML PROJECTS\AI IN HEALTHCARE\MY PROJECT E PAARVAI\Dataset Katarak\test\immature\aug_0_7322_jpeg.rf.7fba54756f3e252861c5d1ac5736ff40.jpg,1a33be9cfd82dbb1fcfd4a5328708289fe06821fa529a6e33e53b8112d497218,b4348bcb4a5ccc6d,VF_02928,1,train
dataset_katarak,test,aug_0_7400_jpeg.rf.c3311c0eca8b05649ea2a38d072ef882.jpg,immature,C:\Personal AI & ML PROJECTS\AI IN HEALTHCARE\MY PROJECT E PAARVAI\Dataset Katarak\test\immature\aug_0_7400_jpeg.rf.c3311c0eca8b05649ea2a38d072ef882.jpg,44facbe184b5ea3c167561820517036934d5ebe6c0438f6afc2c9a77ad3ace7e,86899827971cb5e7,VF_02930,1,train
dataset_katarak,test,aug_0_7428_jpeg.rf.440278e88d0102756e00164105fbbcca.jpg,immature,C:\Personal AI & ML PROJECTS\AI IN HEALTHCARE\MY PROJECT E PAARVAI\Dataset Katarak\test\immature\aug_0_7428_jpeg.rf.440278e88d0102756e00164105fbbcca.jpg,5ba0ed2d0d582649dd30ae1eb2fd287dd6b75c35f9b21b3c5517054b67b57af6,ac2897c7a8ec95a3,VF_02931,1,train
dataset_katarak,test,aug_0_7432_jpeg.rf.b2c1958c37c9bb79bc9eac18aa07769c.jpg,immature,C:\Personal AI & ML PROJECTS\AI IN HEALTHCARE\MY PROJECT E PAARVAI\Dataset Katarak\test\immature\aug_0_7432_jpeg.rf.b2c1958c37c9bb79bc9eac18aa07769c.jpg,d8b8695bb592a2590662b5f317ba2364f4aab55aae35c0d3cf814590cbbffe2e,a0388fc72752f2e9,VF_02932,1,train
dataset_katarak,test,aug_0_7669_jpeg.rf.1c6218ba6a336889b6b4fb4c0c3e5532.jpg,immature,C:\Personal AI & ML PROJECTS\AI IN HEALTHCARE\MY PROJECT E PAARVAI\Dataset Katarak\test\immature\aug_0_7669_jpeg.rf.1c6218ba6a336889b6b4fb4c0c3e5532.jpg,10250c87bd95ad000d8da0291fa07b0413ba10b154a78ff1fd5db6005e0d2e5c,a0d88fce70d05b4f,VF_02933,1,train
dataset_katarak,test,aug_0_766_jpeg.rf.8013edf81be98587ede7ef7b05478ad6.jpg,immature,C:\Personal AI & ML PROJECTS\AI IN HEALTHCARE\MY PROJECT E PAARVAI\Dataset Katarak\test\immature\aug_0_766_jpeg.rf.8013edf81be98587ede7ef7b05478ad6.jpg,5b263e9bb80e33749901016dff2745a1cab83bcb31c81d16f8be023947b059f5,bc22cbd1372e5a31,VF_02934,1,train
dataset_katarak,test,aug_0_7768_jpeg.rf.f03fa08fdc930c23d8bab7f02eac1dac.jpg,immature,C:\Personal AI & ML PROJECTS\AI IN HEALTHCARE\MY PROJECT E PAARVAI\Dataset Katarak\test\immature\aug_0_7768_jpeg.rf.f03fa08fdc930c23d8bab7f02eac1dac.jpg,28cb1b550b7c5c27200a83a5a74e190d4ee5ded3cd4c385d188c75ca309b53cb,cdf290c75254631f,VF_02935,1,train
dataset_katarak,test,aug_0_7844_jpeg.rf.b89ca56c93524d607f69e150c7a4690f.jpg,immature,C:\Personal AI & ML PROJECTS\AI IN HEALTHCARE\MY PROJECT E PAARVAI\Dataset Katarak\test\immature\aug_0_7844_jpeg.rf.b89ca56c93524d607f69e150c7a4690f.jpg,eac7fc034d0bc6e53c4f109b4221f4f80468f95947ccd23639191b5be16d1db1,94cbb7244b955837,VF_02937,1,train
dataset_katarak,test,aug_0_7850_jpeg.rf.d9ed872d94d4ffb37c03a9901fadbb0d.jpg,immature,C:\Personal AI & ML PROJECTS\AI IN HEALTHCARE\MY PROJECT E PAARVAI\Dataset Katarak\test\immature\aug_0_7850_jpeg.rf.d9ed872d94d4ffb37c03a9901fadbb0d.jpg,fcfc6109756a62cbcdb591ab8afc6e7b0616a970af00690ba6dbb98d18901a73,e06cd6de68a82765,VF_02938,1,train
dataset_katarak,test,aug_0_7939_jpeg.rf.0919ef4fa7b50a5b4d013f436e487711.jpg,immature,C:\Personal AI & ML PROJECTS\AI IN HEALTHCARE\MY PROJECT E PAARVAI\Dataset Katarak\test\immature\aug_0_7939_jpeg.rf.0919ef4fa7b50a5b4d013f436e487711.jpg,ccef26ab40e036a95e9fc893e9aa28e5a226eb82c37edce8ef67c24df51c5d78,fc48d7a66c43380f,VF_02939,1,train
dataset_katarak,test,aug_0_7942_jpeg.rf.c992c53d2a947b2cfd8e7bca08bfdad4.jpg,immature,C:\Personal AI & ML PROJECTS\AI IN HEALTHCARE\MY PROJECT E PAARVAI\Dataset Katarak\test\immature\aug_0_7942_jpeg.rf.c992c53d2a947b2cfd8e7bca08bfdad4.jpg,fb55a8c0568208aa63631cd7c65330923c19a6004aeb596894a98fd152720529,b434cbcbc1b42d4d,VF_02940,1,train
dataset_katarak,test,aug_0_8097_jpeg.rf.05e00fa05dbc294ce15acb98637eb645.jpg,immature,C:\Personal AI & ML PROJECTS\AI IN HEALTHCARE\MY PROJECT E PAARVAI\Dataset Katarak\test\immature\aug_0_8097_jpeg.rf.05e00fa05dbc294ce15acb98637eb645.jpg,18df5f07eb1454c4fa22d63ba6b08e5c1b01426418b3cc873be5c37cf0ad6d4d,cdf291c794c643cc,VF_02941,1,train
dataset_katarak,test,aug_0_8132_jpeg.rf.5cf66cee74c77ad26fd65ba1f515f5a5.jpg,immature,C:\Personal AI & ML PROJECTS\AI IN HEALTHCARE\MY PROJECT E PAARVAI\Dataset Katarak\test\immature\aug_0_8132_jpeg.rf.5cf66cee74c77ad26fd65ba1f515f5a5.jpg,e6733ef94e3d4067e26a5bc99321d872763cbf43d833c2e52d9381669f7b7067,e7da9a23951ed248,VF_02942,1,train
dataset_katarak,test,aug_0_814_jpeg.rf.f0b9381500051cada5e8b9b7e0607f19.jpg,immature,C:\Personal AI & ML PROJECTS\AI IN HEALTHCARE\MY PROJECT E PAARVAI\Dataset Katarak\test\immature\aug_0_814_jpeg.rf.f0b9381500051cada5e8b9b7e0607f19.jpg,70904775f16c51f25c4ffd85337f6194b1400bfc079c2b86f8124c02676bb078,a8e487d6a8f853b1,VF_02943,1,train
dataset_katarak,test,aug_0_8246_jpeg.rf.cbdd1b38525b70de932a6d1e21cb5df8.jpg,immature,C:\Personal AI & ML PROJECTS\AI IN HEALTHCARE\MY PROJECT E PAARVAI\Dataset Katarak\test\immature\aug_0_8246_jpeg.rf.cbdd1b38525b70de932a6d1e21cb5df8.jpg,634bb2403df649fbd1dcbd6c63e00feb9cdc7c094673ac251be242eb83372d31,bd3d92d210acca7a,VF_02945,1,train
dataset_katarak,test,aug_0_854_jpeg.rf.aaf8c3db17eac59665a43cc957869a9e.jpg,immature,C:\Personal AI & ML PROJECTS\AI IN HEALTHCARE\MY PROJECT E PAARVAI\Dataset Katarak\test\immature\aug_0_854_jpeg.rf.aaf8c3db17eac59665a43cc957869a9e.jpg,bb0c75853f86484982f34018275260ccc8bdf920b1634d2c29c22e98ef55e1f9,a6c887355fb57830,VF_02948,1,train
dataset_katarak,test,aug_0_859_jpeg.rf.595b5d6767ffdb03a76340b33004a0d2.jpg,immature,C:\Personal AI & ML PROJECTS\AI IN HEALTHCARE\MY PROJECT E PAARVAI\Dataset Katarak\test\immature\aug_0_859_jpeg.rf.595b5d6767ffdb03a76340b33004a0d2.jpg,e490f3c5e7e62889fbb9c3b7bbe467b71ad5fba602efde2db9a7c1e8fa8a9d20,9b1bcccccce782c4,VF_02949,1,train
dataset_katarak,test,aug_0_8625_jpeg.rf.b3e88e92e0f0842a89f3940b07465ac2.jpg,immature,C:\Personal AI & ML PROJECTS\AI IN HEALTHCARE\MY PROJECT E PAARVAI\Dataset Katarak\test\immature\aug_0_8625_jpeg.rf.b3e88e92e0f0842a89f3940b07465ac2.jpg,59e94074a801826e223ffa22a76d0692e33f15db6a02b9ba5d898a56f9fa8c23,b634cbcbb42c8d32,VF_02950,1,train
dataset_katarak,test,aug_0_8631_jpeg.rf.744e1e4145d92cd2e61924c7cd8d76a5.jpg,immature,C:\Personal AI & ML PROJECTS\AI IN HEALTHCARE\MY PROJECT E PAARVAI\Dataset Katarak\test\immature\aug_0_8631_jpeg.rf.744e1e4145d92cd2e61924c7cd8d76a5.jpg,79f2ac7bceb3fa4b59b6bb2cd54b78dce4e8b5fa485fd309e480b1a04282c6c3,a0708fcf0f90ecbc,VF_02951,1,train
dataset_katarak,test,aug_0_8689_jpeg.rf.8459e1b271bd0f4a3f0f707586d174cd.jpg,immature,C:\Personal AI & ML PROJECTS\AI IN HEALTHCARE\MY PROJECT E PAARVAI\Dataset Katarak\test\immature\aug_0_8689_jpeg.rf.8459e1b271bd0f4a3f0f707586d174cd.jpg,39749f40e81ddb6dd10c29f9bd2ae2df00e3cb1cfee4257d9275dc8b1abd98eb,82adbd3472c2bcc3,VF_02954,1,train
dataset_katarak,test,aug_0_8757_jpeg.rf.82b92c0eca2e6df77ae48fd8206c37a9.jpg,immature,C:\Personal AI & ML PROJECTS\AI IN HEALTHCARE\MY PROJECT E PAARVAI\Dataset Katarak\test\immature\aug_0_8757_jpeg.rf.82b92c0eca2e6df77ae48fd8206c37a9.jpg,049baf7ad60137668d30f80caed148585b8bc16bd9b66423fcdee135aff7c87e,b23ac8c9099637d7,VF_02955,1,train
dataset_katarak,test,aug_0_8815_jpeg.rf.7093090ebcb216f818fd03693f9b4896.jpg,immature,C:\Personal AI & ML PROJECTS\AI IN HEALTHCARE\MY PROJECT E PAARVAI\Dataset Katarak\test\immature\aug_0_8815_jpeg.rf.7093090ebcb216f818fd03693f9b4896.jpg,e2a40f9a306ad397810cb8b0cbe52071f024dc9c4c7884ed329f6c15c655af74,e565c69a1a589d99,VF_02956,1,train
dataset_katarak,test,aug_0_8828_jpeg.rf.0989c786de06f488d689106e2c481c79.jpg,immature,C:\Personal AI & ML PROJECTS\AI IN HEALTHCARE\MY PROJECT E PAARVAI\Dataset Katarak\test\immature\aug_0_8828_jpeg.rf.0989c786de06f488d689106e2c481c79.jpg,13d491e2e60d872602178a6d456c7e0af9d1177d5f4fe89d09e5a3763ceda8e1,a727b8da8ac56139,VF_02958,1,train
dataset_katarak,test,aug_0_8887_jpeg.rf.70ab254cea3042ee61b272f17470f324.jpg,immature,C:\Personal AI & ML PROJECTS\AI IN HEALTHCARE\MY PROJECT E PAARVAI\Dataset Katarak\test\immature\aug_0_8887_jpeg.rf.70ab254cea3042ee61b272f17470f324.jpg,cde931dd21e4368053ec53de678c0748e368aac729392608308e4551986fae3e,e060979f5ee8e0e2,VF_02959,1,train
dataset_katarak,test,aug_0_8901_jpeg.rf.2d97b2c86ccecf30d8e12c8e986de689.jpg,immature,C:\Personal AI & ML PROJECTS\AI IN HEALTHCARE\MY PROJECT E PAARVAI\Dataset Katarak\test\immature\aug_0_8901_jpeg.rf.2d97b2c86ccecf30d8e12c8e986de689.jpg,e640413068cb8a5d56bbe2df06294e40d5ea52a7dcc1e5de4a70e98c99496b5b,b4e8cb96a56896a3,VF_02960,1,train
dataset_katarak,test,aug_0_8945_jpeg.rf.3ae0855c7de7a3868f0018df7817882d.jpg,immature,C:\Personal AI & ML PROJECTS\AI IN HEALTHCARE\MY PROJECT E PAARVAI\Dataset Katarak\test\immature\aug_0_8945_jpeg.rf.3ae0855c7de7a3868f0018df7817882d.jpg,75994332d61dbadf80ef2ee51515a02321ba4d39d7c9cdb42bbcbebe75fa1a50,e53587ca1e4a788d,VF_02961,1,train
dataset_katarak,test,aug_0_9167_jpeg.rf.0004e0c0f7617818ef09ea3ebaa5ae99.jpg,immature,C:\Personal AI & ML PROJECTS\AI IN HEALTHCARE\MY PROJECT E PAARVAI\Dataset Katarak\test\immature\aug_0_9167_jpeg.rf.0004e0c0f7617818ef09ea3ebaa5ae99.jpg,8c358b8950f231b5f43d5c971a5f0b0a0d4e85a7ed072722f80cc06222847271,b86cd487430aacfb,VF_02962,1,train
dataset_katarak,test,aug_0_9180_jpeg.rf.2b2210ebf3fe0d8928669c78e92d0f81.jpg,immature,C:\Personal AI & ML PROJECTS\AI IN HEALTHCARE\MY PROJECT E PAARVAI\Dataset Katarak\test\immature\aug_0_9180_jpeg.rf.2b2210ebf3fe0d8928669c78e92d0f81.jpg,5d31d3a7480e62244f20deb82630d2994c42883e7fbfe457f8d23670d4c9cebb,e1bc9ec2f909c235,VF_02963,1,train
dataset_katarak,test,aug_0_9312_jpeg.rf.f4a7a130ab85a377b19bc6ace2f38768.jpg,immature,C:\Personal AI & ML PROJECTS\AI IN HEALTHCARE\MY PROJECT E PAARVAI\Dataset Katarak\test\immature\aug_0_9312_jpeg.rf.f4a7a130ab85a377b19bc6ace2f38768.jpg,35d5d7d88315661a0521b8347899026348c66014a78eb22d0948b7301faf73fc,e1799d84f09e4770,VF_02966,1,train
dataset_katarak,test,aug_0_944_jpeg.rf.4c6b107a89dcb3e7be652566cb670224.jpg,immature,C:\Personal AI & ML PROJECTS\AI IN HEALTHCARE\MY PROJECT E PAARVAI\Dataset Katarak\test\immature\aug_0_944_jpeg.rf.4c6b107a89dcb3e7be652566cb670224.jpg,0693f94177810ef4b0034d751e744bd67456ade2b181c98d47683352d35d5eca,e121d7967ae0e836,VF_02968,1,train
dataset_katarak,test,aug_0_9598_jpeg.rf.454de53831b292fe73d1230503a33986.jpg,immature,C:\Personal AI & ML PROJECTS\AI IN HEALTHCARE\MY PROJECT E PAARVAI\Dataset Katarak\test\immature\aug_0_9598_jpeg.rf.454de53831b292fe73d1230503a33986.jpg,9bde79c619b85a6d89db4100331ed14b4f1e44d629508e6592626fc8c18f3d6d,b19fd2614be06d07,VF_02971,1,train
dataset_katarak,test,aug_0_9782_jpeg.rf.e5a35a307c3decc249d711770b08e284.jpg,immature,C:\Personal AI & ML PROJECTS\AI IN HEALTHCARE\MY PROJECT E PAARVAI\Dataset Katarak\test\immature\aug_0_9782_jpeg.rf.e5a35a307c3decc249d711770b08e284.jpg,b1c858af0afafec61baa3a5773d421aea1d29adaa14dadf3d07a02e852a71df5,bbe5c03b23a4b307,VF_02973,1,train
dataset_katarak,test,aug_0_9826_jpeg.rf.8b44a004792a4015dae78efc845147fb.jpg,immature,C:\Personal AI & ML PROJECTS\AI IN HEALTHCARE\MY PROJECT E PAARVAI\Dataset Katarak\test\immature\aug_0_9826_jpeg.rf.8b44a004792a4015dae78efc845147fb.jpg,1630c77da7ae56fcd7ec45d1281ebf9612f0339e0ae97bfdcacc15908410bbe3,9b1b98cccd1bd3c0,VF_02974,1,train
dataset_katarak,test,immature-113_jpg.rf.65237881644be0040e0532c298a69624.jpg,immature,C:\Personal AI & ML PROJECTS\AI IN HEALTHCARE\MY PROJECT E PAARVAI\Dataset Katarak\test\immature\immature-113_jpg.rf.65237881644be0040e0532c298a69624.jpg,107861c1c5b5e2847d67b01278970fd9caac625f70a4d1731c0fa469408da75a,e02c9f7db8c0d8a3,VF_00113,3,train
dataset_katarak,test,immature-132_jpg.rf.8f338f54e864e07fae291e5a79fcb58d.jpg,immature,C:\Personal AI & ML PROJECTS\AI IN HEALTHCARE\MY PROJECT E PAARVAI\Dataset Katarak\test\immature\immature-132_jpg.rf.8f338f54e864e07fae291e5a79fcb58d.jpg,11864c2dee5d78304da29d29315282cd27f26d1099a845968d4b7791cdfa36f5,b5c1d2cacba96925,VF_00119,5,train
dataset_katarak,test,immature-152_jpg.rf.a1c596e379132b7ffdfba89c7b1e401f.jpg,immature,C:\Personal AI & ML PROJECTS\AI IN HEALTHCARE\MY PROJECT E PAARVAI\Dataset Katarak\test\immature\immature-152_jpg.rf.a1c596e379132b7ffdfba89c7b1e401f.jpg,fda997f419012ab0a5b0e015971c9dd1abc31a2991218d7aaa7dc33c623735cf,e33b9ee8d023c784,VF_00126,8,train
dataset_katarak,test,immature-15_jpg.rf.1551be4a5dd63c1cc2a1b4ed0d43b972.jpg,immature,C:\Personal AI & ML PROJECTS\AI IN HEALTHCARE\MY PROJECT E PAARVAI\Dataset Katarak\test\immature\immature-15_jpg.rf.1551be4a5dd63c1cc2a1b4ed0d43b972.jpg,17c1288b45ba7006126a4d46877e573765b44acbbee42138a6417293dd546553,f0879f787060f361,VF_00083,5,train
dataset_katarak,test,immature-183_jpg.rf.175e07514c574bc1e57c405625011f9d.jpg,immature,C:\Personal AI & ML PROJECTS\AI IN HEALTHCARE\MY PROJECT E PAARVAI\Dataset Katarak\test\immature\immature-183_jpg.rf.175e07514c574bc1e57c405625011f9d.jpg,eda0c95fbc09cf35aedd992b2c90efc077d8e5adf686890cf978e46f41d1dac5,c60e1a9a6f7d6066,VF_00139,5,train
dataset_katarak,test,immature-18_jpg.rf.426a95037fccb24a91b88f6185a745b9.jpg,immature,C:\Personal AI & ML PROJECTS\AI IN HEALTHCARE\MY PROJECT E PAARVAI\Dataset Katarak\test\immature\immature-18_jpg.rf.426a95037fccb24a91b88f6185a745b9.jpg,c4af6b7aba0d98cf4ea70ff4bf07bc10b62a34138329dc9a3bc5c7e7c39f66eb,e6889ef5d08243d7,VF_00085,6,train
dataset_katarak,test,immature-29_jpg.rf.81a47e4a34bdf1452ffb8520087e2a32.jpg,immature,C:\Personal AI & ML PROJECTS\AI IN HEALTHCARE\MY PROJECT E PAARVAI\Dataset Katarak\test\immature\immature-29_jpg.rf.81a47e4a34bdf1452ffb8520087e2a32.jpg,70af59a5d0891a85184a11c2182831e2806aff12fbddd87e10022422d8cd0dca,f37de8e0c0c7838c,VF_00087,5,train
dataset_katarak,test,immature-34_jpg.rf.76c52fdb741fbcdeb14a91def9026de2.jpg,immature,C:\Personal AI & ML PROJECTS\AI IN HEALTHCARE\MY PROJECT E PAARVAI\Dataset Katarak\test\immature\immature-34_jpg.rf.76c52fdb741fbcdeb14a91def9026de2.jpg,0ba6e24839bc2ae3b38406e102261b61f88ebc10483df9efd27d33dd069287ba,f543caee0dd8e448,VF_00090,3,train
dataset_katarak,test,immature-5_jpg.rf.1d73240dda7996a38076060c6a67c8cd.jpg,immature,C:\Personal AI & ML PROJECTS\AI IN HEALTHCARE\MY PROJECT E PAARVAI\Dataset Katarak\test\immature\immature-5_jpg.rf.1d73240dda7996a38076060c6a67c8cd.jpg,038c7d8f926184ac4d2411bb4e5d469e2562fd3a9c969fb5c7b15092c65f298c,e7fe9ca19354c490,VF_00080,7,train
dataset_katarak,test,immature-87_jpg.rf.7e20804ca0bfdcd7169e95c0f40688da.jpg,immature,C:\Personal AI & ML PROJECTS\AI IN HEALTHCARE\MY PROJECT E PAARVAI\Dataset Katarak\test\immature\immature-87_jpg.rf.7e20804ca0bfdcd7169e95c0f40688da.jpg,5cd0730696f341e7f26fcb3f60dbe66a9a0531c1019a18a9cdf58c046a1f4991,a1c1d62e8ebd9895,VF_00104,5,train
dataset_katarak,test,aug_0_1154_jpeg.rf.6f1f23b5825d7c70607ea8185edbb7e5.jpg,mature,C:\Personal AI & ML PROJECTS\AI IN HEALTHCARE\MY PROJECT E PAARVAI\Dataset Katarak\test\mature\aug_0_1154_jpeg.rf.6f1f23b5825d7c70607ea8185edbb7e5.jpg,90da08667697e0d1c447205854f0b14555679cbd1d95b64e84aa40f103c5ae49,f7d99c62638d1642,VF_02976,1,train
dataset_katarak,test,aug_0_1216_jpeg.rf.d444905d1f993af7e2b01338deef57b6.jpg,mature,C:\Personal AI & ML PROJECTS\AI IN HEALTHCARE\MY PROJECT E PAARVAI\Dataset Katarak\test\mature\aug_0_1216_jpeg.rf.d444905d1f993af7e2b01338deef57b6.jpg,f0a1d343b1aaacea00f38bb39bf41a25745af9d5fd38307d136120cf9d02ee8a,e7c8f82ec338a926,VF_02978,1,train
dataset_katarak,test,aug_0_1280_jpeg.rf.50ffe1e6f867ec1ddd9ce92e36eed919.jpg,mature,C:\Personal AI & ML PROJECTS\AI IN HEALTHCARE\MY PROJECT E PAARVAI\Dataset Katarak\test\mature\aug_0_1280_jpeg.rf.50ffe1e6f867ec1ddd9ce92e36eed919.jpg,0fc22427154989ab6d072a13961b5a25de57c722906116c5abbc91d003eb1b4f,f410cbcd3616cb4d,VF_02979,1,train
dataset_katarak,test,aug_0_1357_jpeg.rf.c4abbb150441f3154dced3545b8f1102.jpg,mature,C:\Personal AI & ML PROJECTS\AI IN HEALTHCARE\MY PROJECT E PAARVAI\Dataset Katarak\test\mature\aug_0_1357_jpeg.rf.c4abbb150441f3154dced3545b8f1102.jpg,97afc2ccd78a520f49912a7efc790f29c4ef0046e71344d27a3df37bcf90cbcc,a6899b66cd1ab165,VF_02980,1,train
dataset_katarak,test,aug_0_1432_jpeg.rf.21c440a3cd1279e3e7a3542acd55665b.jpg,mature,C:\Personal AI & ML PROJECTS\AI IN HEALTHCARE\MY PROJECT E PAARVAI\Dataset Katarak\test\mature\aug_0_1432_jpeg.rf.21c440a3cd1279e3e7a3542acd55665b.jpg,63d44183ac08a3f27cac6109cda09acf5c224cf7c94d51fdb89d924afa61e2c5,d38ccc31b1cd3b34,VF_02981,1,train
dataset_katarak,test,aug_0_1675_jpeg.rf.d1cba342a7d3ff73aeeb579f64b1da4a.jpg,mature,C:\Personal AI & ML PROJECTS\AI IN HEALTHCARE\MY PROJECT E PAARVAI\Dataset Katarak\test\mature\aug_0_1675_jpeg.rf.d1cba342a7d3ff73aeeb579f64b1da4a.jpg,e6ef789cd7deace213f3ea55674dc9171ad4b37072dc6a9560d18e13034fe3d4,f030cd056f1fc732,VF_02983,1,train
dataset_katarak,test,aug_0_1703_jpeg.rf.68680743b35a04e8d53a3423d595fc94.jpg,mature,C:\Personal AI & ML PROJECTS\AI IN HEALTHCARE\MY PROJECT E PAARVAI\Dataset Katarak\test\mature\aug_0_1703_jpeg.rf.68680743b35a04e8d53a3423d595fc94.jpg,a8c6a912f5c966058a58107dbbc370c0ca09829957f5b2bf942814c614161a37,a1259e9e1ee161c7,VF_02984,1,train
dataset_katarak,test,aug_0_1791_jpeg.rf.11bcd61a70dc2ef7700f530ccb6262d4.jpg,mature,C:\Personal AI & ML PROJECTS\AI IN HEALTHCARE\MY PROJECT E PAARVAI\Dataset Katarak\test\mature\aug_0_1791_jpeg.rf.11bcd61a70dc2ef7700f530ccb6262d4.jpg,64b8b5ae0c79cdce5d1a8e98908333bee369001ac710d4f58c4bc84eda1f2b00,f43cc1c9f8ae9690,VF_02985,1,train
dataset_katarak,test,aug_0_1820_jpeg.rf.f130a4702c7619567ee1a717723cfcc3.jpg,mature,C:\Personal AI & ML PROJECTS\AI IN HEALTHCARE\MY PROJECT E PAARVAI\Dataset Katarak\test\mature\aug_0_1820_jpeg.rf.f130a4702c7619567ee1a717723cfcc3.jpg,5ee880aa62f3a499d366fecbd747f7e6626c78e9a762abb309ffea8dccd47e5c,81779ace31964877,VF_02986,1,train
dataset_katarak,test,aug_0_1900_jpeg.rf.a92f68bf5b946025a3b6cce14db0ed7a.jpg,mature,C:\Personal AI & ML PROJECTS\AI IN HEALTHCARE\MY PROJECT E PAARVAI\Dataset Katarak\test\mature\aug_0_1900_jpeg.rf.a92f68bf5b946025a3b6cce14db0ed7a.jpg,c95329061a19a189a44503ebc11ca9eabcd646cacc9ef858c3a90359bf14f5b3,f125da9e05e5b2c2,VF_02988,1,train
dataset_katarak,test,aug_0_1914_jpeg.rf.21335d2f48155b5e6149ec59f2598d1d.jpg,mature,C:\Personal AI & ML PROJECTS\AI IN HEALTHCARE\MY PROJECT E PAARVAI\Dataset Katarak\test\mature\aug_0_1914_jpeg.rf.21335d2f48155b5e6149ec59f2598d1d.jpg,0a2374f319c2400e22f28e0d4c4cf9cbb8e35571627ae4cde8b175d93be91a81,816b9e96eb734a24,VF_02989,1,train
dataset_katarak,test,aug_0_1925_jpeg.rf.fbe0900561f3db417932d86645c7e581.jpg,mature,C:\Personal AI & ML PROJECTS\AI IN HEALTHCARE\MY PROJECT E PAARVAI\Dataset Katarak\test\mature\aug_0_1925_jpeg.rf.fbe0900561f3db417932d86645c7e581.jpg,86eb35ef69c08d952110e921d5ec9939d40c0cf25663778ff340cc76e34072b2,fee2c9bc16047991,VF_02990,1,train
dataset_katarak,test,aug_0_2197_jpeg.rf.c84d4d14af6712b3d8c90c6d43f2a4b2.jpg,mature,C:\Personal AI & ML PROJECTS\AI IN HEALTHCARE\MY PROJECT E PAARVAI\Dataset Katarak\test\mature\aug_0_2197_jpeg.rf.c84d4d14af6712b3d8c90c6d43f2a4b2.jpg,bd50de9173ea94dc73086c8e110548d3f57a9254ef414a7763d01c1f37ae5bfa,bae5f2d061b6c04e,VF_02991,1,train
dataset_katarak,test,aug_0_2208_jpeg.rf.ec6744ace35b6ee9bf23d7c9c84e16e9.jpg,mature,C:\Personal AI & ML PROJECTS\AI IN HEALTHCARE\MY PROJECT E PAARVAI\Dataset Katarak\test\mature\aug_0_2208_jpeg.rf.ec6744ace35b6ee9bf23d7c9c84e16e9.jpg,5cfcce240261215aa0b251b30985acfe6ebac4dc6788d9434d3c4e5f4a92ec90,a9d2f62843add926,VF_02992,1,train
dataset_katarak,test,aug_0_223_jpeg.rf.6a3f2da99342b6015f418c1ac005c9a8.jpg,mature,C:\Personal AI & ML PROJECTS\AI IN HEALTHCARE\MY PROJECT E PAARVAI\Dataset Katarak\test\mature\aug_0_223_jpeg.rf.6a3f2da99342b6015f418c1ac005c9a8.jpg,081f10e2078cabdd8f6ed56d8e880e23766f40d1cb396fa69426fa7490be3148,e9de97609946e8c8,VF_02993,1,train
dataset_katarak,test,aug_0_2310_jpeg.rf.838db9d7ff24ff3d0e7bb1796dad1b4a.jpg,mature,C:\Personal AI & ML PROJECTS\AI IN HEALTHCARE\MY PROJECT E PAARVAI\Dataset Katarak\test\mature\aug_0_2310_jpeg.rf.838db9d7ff24ff3d0e7bb1796dad1b4a.jpg,5abeab5b1b238e59aff434b1b809bbd0b708c47dbf49c4dfd845589d800bdd49,b287890c34b7d2cf,VF_02995,1,train
dataset_katarak,test,aug_0_2312_jpeg.rf.c9b3f29a660633362f271063f0dc1ab6.jpg,mature,C:\Personal AI & ML PROJECTS\AI IN HEALTHCARE\MY PROJECT E PAARVAI\Dataset Katarak\test\mature\aug_0_2312_jpeg.rf.c9b3f29a660633362f271063f0dc1ab6.jpg,b09776e2e87643f83a73a1c230af0f60aeb69f35bb9e04d5010c31dc4168b6a3,e49b9d6498a56396,VF_02996,1,train
dataset_katarak,test,aug_0_2321_jpeg.rf.29f977fab98098d8cc6f1e3d84ad2c4c.jpg,mature,C:\Personal AI & ML PROJECTS\AI IN HEALTHCARE\MY PROJECT E PAARVAI\Dataset Katarak\test\mature\aug_0_2321_jpeg.rf.29f977fab98098d8cc6f1e3d84ad2c4c.jpg,2c8475a9ba8a0cb1678f6b035b4cd8ad2415b5c6d8bbd03537d78f0b82b10be5,a5299a9eb5698b46,VF_02997,1,train
dataset_katarak,test,aug_0_2449_jpeg.rf.12f23a96520f21c1dab4450aace0a84b.jpg,mature,C:\Personal AI & ML PROJECTS\AI IN HEALTHCARE\MY PROJECT E PAARVAI\Dataset Katarak\test\mature\aug_0_2449_jpeg.rf.12f23a96520f21c1dab4450aace0a84b.jpg,c1187d278068c4f9a3b4d2a0bf8e42d67b168a36616fb4951807c91f788ba663,e1c49e5b69e0c695,VF_02999,1,train
dataset_katarak,test,aug_0_250_jpeg.rf.b790efcc1bfe1c4af8b87d50912e2d6d.jpg,mature,C:\Personal AI & ML PROJECTS\AI IN HEALTHCARE\MY PROJECT E PAARVAI\Dataset Katarak\test\mature\aug_0_250_jpeg.rf.b790efcc1bfe1c4af8b87d50912e2d6d.jpg,e900f1b02713b9e9283f2fc3b1fca3ef97b30102e0a98031779151c2825b81dc,a1499e9e60639f1d,VF_03000,1,train
dataset_katarak,test,aug_0_2548_jpeg.rf.3ba5944cbca725d51be971491e918d5c.jpg,mature,C:\Personal AI & ML PROJECTS\AI IN HEALTHCARE\MY PROJECT E PAARVAI\Dataset Katarak\test\mature\aug_0_2548_jpeg.rf.3ba5944cbca725d51be971491e918d5c.jpg,0bf8889b5f207648d4f6adfe4c6639350a0257a27e220e9027222bdcaad09a54,b434cbcb6cb47223,VF_03001,1,train
dataset_katarak,test,aug_0_2839_jpeg.rf.9cd564f26bb74524002b0d502021d55d.jpg,mature,C:\Personal AI & ML PROJECTS\AI IN HEALTHCARE\MY PROJECT E PAARVAI\Dataset Katarak\test\mature\aug_0_2839_jpeg.rf.9cd564f26bb74524002b0d502021d55d.jpg,cd7b660daf0d57adb7b4016cc7a9edda5bcc21dfe6ad5e604686124413ba32d8,87259a9aed638b16,VF_03004,1,train
dataset_katarak,test,aug_0_2850_jpeg.rf.ee1f28df0d5fbcb94f8f1e69bdd329b7.jpg,mature,C:\Personal AI & ML PROJECTS\AI IN HEALTHCARE\MY PROJECT E PAARVAI\Dataset Katarak\test\mature\aug_0_2850_jpeg.rf.ee1f28df0d5fbcb94f8f1e69bdd329b7.jpg,60b5354cc96fa069b4ed8d5162550a3bd2cc9b87a028fc8b9aa4dd189cd2c00d,ee7781c02c3db352,VF_03005,1,train
dataset_katarak,test,aug_0_3027_jpeg.rf.a9ec4634745e2e61f7a356482e07fe1c.jpg,mature,C:\Personal AI & ML PROJECTS\AI IN HEALTHCARE\MY PROJECT E PAARVAI\Dataset Katarak\test\mature\aug_0_3027_jpeg.rf.a9ec4634745e2e61f7a356482e07fe1c.jpg,b572d4e72fc74aba45efa1fcbd9da2a1312c0dba00455f3bf4b0d66097d71079,f5dc9a21f11a82d5,VF_03007,1,train
dataset_katarak,test,aug_0_3109_jpeg.rf.833ed1677dd5d405dea0df69a161676c.jpg,mature,C:\Personal AI & ML PROJECTS\AI IN HEALTHCARE\MY PROJECT E PAARVAI\Dataset Katarak\test\mature\aug_0_3109_jpeg.rf.833ed1677dd5d405dea0df69a161676c.jpg,21c268b35cebf8057908b48da408807a15f594c708025e843c4ca1c72b6fec5d,e19e9a211e9de11e,VF_03008,1,train
dataset_katarak,test,aug_0_3135_jpeg.rf.57f9f575601ee348a64491899991f6be.jpg,mature,C:\Personal AI & ML PROJECTS\AI IN HEALTHCARE\MY PROJECT E PAARVAI\Dataset Katarak\test\mature\aug_0_3135_jpeg.rf.57f9f575601ee348a64491899991f6be.jpg,ef0a8b83a607c3b2b69137681816552795c452d044d0ad564d9d4d37af608dea,a247999d5927c786,VF_03009,1,train
dataset_katarak,test,aug_0_3161_jpeg.rf.fe5580392ee1a6ce3ab21f5310268f23.jpg,mature,C:\Personal AI & ML PROJECTS\AI IN HEALTHCARE\MY PROJECT E PAARVAI\Dataset Katarak\test\mature\aug_0_3161_jpeg.rf.fe5580392ee1a6ce3ab21f5310268f23.jpg,261e6321d7d89ef0e58663843a6e7c789ba967b30474c7d7b6118cb7130de888,d28fcf32814b9e8c,VF_03010,1,train
dataset_katarak,test,aug_0_3267_jpeg.rf.cfaf41d3ad724f7265ec1dc37e3117df.jpg,mature,C:\Personal AI & ML PROJECTS\AI IN HEALTHCARE\MY PROJECT E PAARVAI\Dataset Katarak\test\mature\aug_0_3267_jpeg.rf.cfaf41d3ad724f7265ec1dc37e3117df.jpg,dd014366d4437c2afc7c1a937e5f0bf53130f3f86fd7a9fde2bd970abe7583c0,e363a78650745c97,VF_03011,1,train
dataset_katarak,test,aug_0_3507_jpeg.rf.53a9503728a59df1b4980d2a61a4aaba.jpg,mature,C:\Personal AI & ML PROJECTS\AI IN HEALTHCARE\MY PROJECT E PAARVAI\Dataset Katarak\test\mature\aug_0_3507_jpeg.rf.53a9503728a59df1b4980d2a61a4aaba.jpg,bc31dacfe0f16c62ef4501ec692d1fcf846c5326a7b050fd6ec3ca42421a7237,e7c29c1b606173e5,VF_03013,1,train
dataset_katarak,test,aug_0_3577_jpeg.rf.927225eb5188ea70b1e18148f0d0a204.jpg,mature,C:\Personal AI & ML PROJECTS\AI IN HEALTHCARE\MY PROJECT E PAARVAI\Dataset Katarak\test\mature\aug_0_3577_jpeg.rf.927225eb5188ea70b1e18148f0d0a204.jpg,d378e7f00542d792cb52da7ec175d4fa87537a492b073c4182cce9b3af05c34a,e1209e9f21796e66,VF_03014,1,train
dataset_katarak,test,aug_0_3589_jpeg.rf.8f1661725868d717aa7b494ccd9ba768.jpg,mature,C:\Personal AI & ML PROJECTS\AI IN HEALTHCARE\MY PROJECT E PAARVAI\Dataset Katarak\test\mature\aug_0_3589_jpeg.rf.8f1661725868d717aa7b494ccd9ba768.jpg,d80e6c0019982e2d23f0a15d4af05c8ed7e75742ad231c0d11bc20dab4fb1e84,e921978699b8fe22,VF_03015,1,train
dataset_katarak,test,aug_0_3710_jpeg.rf.718d035d6df93605c9f575f0623baf97.jpg,mature,C:\Personal AI & ML PROJECTS\AI IN HEALTHCARE\MY PROJECT E PAARVAI\Dataset Katarak\test\mature\aug_0_3710_jpeg.rf.718d035d6df93605c9f575f0623baf97.jpg,5cc86905247923f3ff2e35e72b8c71b99b3ff8c8ce81569cf127bb33af383c7f,e4769a8a1ba53517,VF_03016,1,train
dataset_katarak,test,aug_0_3718_jpeg.rf.91c509b885d69fd360acd891949189e4.jpg,mature,C:\Personal AI & ML PROJECTS\AI IN HEALTHCARE\MY PROJECT E PAARVAI\Dataset Katarak\test\mature\aug_0_3718_jpeg.rf.91c509b885d69fd360acd891949189e4.jpg,802bd78b362fbec3d6d339784804533701f402dd5cde401a3f02461d57246d8a,af499c126b27ac71,VF_03017,1,train
dataset_katarak,test,aug_0_3719_jpeg.rf.a2ef9edd8b12fe99dd80894da1e70186.jpg,mature,C:\Personal AI & ML PROJECTS\AI IN HEALTHCARE\MY PROJECT E PAARVAI\Dataset Katarak\test\mature\aug_0_3719_jpeg.rf.a2ef9edd8b12fe99dd80894da1e70186.jpg,116fd061a9d389a399be8e5d5893b5308c2b0649097167c3b4e0e72fa2066cd2,ee4e9191954e626b,VF_03018,1,train
dataset_katarak,test,aug_0_3748_jpeg.rf.79d97afef7126563176e0f17ab2a7214.jpg,mature,C:\Personal AI & ML PROJECTS\AI IN HEALTHCARE\MY PROJECT E PAARVAI\Dataset Katarak\test\mature\aug_0_3748_jpeg.rf.79d97afef7126563176e0f17ab2a7214.jpg,7ebcdbf6ad88a5f86bc89e73d1b3e6f7582af05dd9bedc7bcb27dcde6a15cb06,fc6483cb3c3c4363,VF_03019,1,train
dataset_katarak,test,aug_0_418_jpeg.rf.ef681d09d0f8c58921c418814c2602dd.jpg,mature,C:\Personal AI & ML PROJECTS\AI IN HEALTHCARE\MY PROJECT E PAARVAI\Dataset Katarak\test\mature\aug_0_418_jpeg.rf.ef681d09d0f8c58921c418814c2602dd.jpg,bd924610bbef67105369b735e5eb97516e493ea26133e1fb6c5022788ec73fa5,b4c3cf28c3116f9a,VF_03023,1,train
dataset_katarak,test,aug_0_4270_jpeg.rf.ed5eb66139e67d4b095543c0f60faaee.jpg,mature,C:\Personal AI & ML PROJECTS\AI IN HEALTHCARE\MY PROJECT E PAARVAI\Dataset Katarak\test\mature\aug_0_4270_jpeg.rf.ed5eb66139e67d4b095543c0f60faaee.jpg,3bf6a51bfe8cc9649074b5dbf8541ec9dfd506ed308704bdfe1b8324bcd36919,b2208d917a7bed07,VF_03025,1,train
dataset_katarak,test,aug_0_4349_jpeg.rf.a996fb0d8bbfd70bed8b3d8fc732f3ad.jpg,mature,C:\Personal AI & ML PROJECTS\AI IN HEALTHCARE\MY PROJECT E PAARVAI\Dataset Katarak\test\mature\aug_0_4349_jpeg.rf.a996fb0d8bbfd70bed8b3d8fc732f3ad.jpg,4c961bb41148871e8044fba2ff17bde94a063f9b675df6a4473ab9e7e6dfd00c,e652c82ba5be929a,VF_03026,1,train
dataset_katarak,test,aug_0_4365_jpeg.rf.99b41868723f54087d77fc7f6dc10fd2.jpg,mature,C:\Personal AI & ML PROJECTS\AI IN HEALTHCARE\MY PROJECT E PAARVAI\Dataset Katarak\test\mature\aug_0_4365_jpeg.rf.99b41868723f54087d77fc7f6dc10fd2.jpg,9363849c83481d6118a93f6a2dc5650ec8b63b0a28f6c8a2d143e479d8136826,e1169e7de1c0c68b,VF_03028,1,train
dataset_katarak,test,aug_0_4374_jpeg.rf.3bb6c327fd2b938cc4a36a973642296c.jpg,mature,C:\Personal AI & ML PROJECTS\AI IN HEALTHCARE\MY PROJECT E PAARVAI\Dataset Katarak\test\mature\aug_0_4374_jpeg.rf.3bb6c327fd2b938cc4a36a973642296c.jpg,8b6ee3d4f828c28d55e4ed8429923b70a00486c0a7a6831a96c8f504469c1428,a569929ca5f9c345,VF_03029,1,train
dataset_katarak,test,aug_0_45_jpeg.rf.395af2ef0133eb11e5543978bf486130.jpg,mature,C:\Personal AI & ML PROJECTS\AI IN HEALTHCARE\MY PROJECT E PAARVAI\Dataset Katarak\test\mature\aug_0_45_jpeg.rf.395af2ef0133eb11e5543978bf486130.jpg,187e88cd5cc4035869ed4c04b9e8f41ad03118e9b7678a18afeec228f3b6a97e,af04d1082afdf5d1,VF_03030,1,train
dataset_katarak,test,aug_0_4629_jpeg.rf.058cbabcc2f27760286cd268dfd31052.jpg,mature,C:\Personal AI & ML PROJECTS\AI IN HEALTHCARE\MY PROJECT E PAARVAI\Dataset Katarak\test\mature\aug_0_4629_jpeg.rf.058cbabcc2f27760286cd268dfd31052.jpg,03da9ff949fcb3342e1d9deed6d57f626a9ca064da90144a0a18e70762516eaa,b5cad2346c42f6d8,VF_03031,1,train
dataset_katarak,test,aug_0_4666_jpeg.rf.c63cec5609b2b374c5ca640f53b4f017.jpg,mature,C:\Personal AI & ML PROJECTS\AI IN HEALTHCARE\MY PROJECT E PAARVAI\Dataset Katarak\test\mature\aug_0_4666_jpeg.rf.c63cec5609b2b374c5ca640f53b4f017.jpg,c2556f58afd73e147c56f34248fe227a1f7a4509e0d0385e8eeae4b4bd5ba445,b2978d0d34b596a3,VF_03032,1,train
dataset_katarak,test,aug_0_4679_jpeg.rf.4ef904499d38955d4aedb703fd7aa5eb.jpg,mature,C:\Personal AI & ML PROJECTS\AI IN HEALTHCARE\MY PROJECT E PAARVAI\Dataset Katarak\test\mature\aug_0_4679_jpeg.rf.4ef904499d38955d4aedb703fd7aa5eb.jpg,a4cfc6004c83b07d499ff7da4c114610f232560b8e023fb79418de558e48fe0c,e775d8c42f2e1852,VF_03033,1,train
dataset_katarak,test,aug_0_4700_jpeg.rf.e674e41082e9311099c398f0a16eba2c.jpg,mature,C:\Personal AI & ML PROJECTS\AI IN HEALTHCARE\MY PROJECT E PAARVAI\Dataset Katarak\test\mature\aug_0_4700_jpeg.rf.e674e41082e9311099c398f0a16eba2c.jpg,99c6e48104fa40d0b3b8895bf0e3b6c2bc14e43eafa1d75b24d1b10751ff8b42,ea2c8585fa5ea07a,VF_03034,1,train
dataset_katarak,test,aug_0_472_jpeg.rf.c5acfe7dfa598f48f939df657c716823.jpg,mature,C:\Personal AI & ML PROJECTS\AI IN HEALTHCARE\MY PROJECT E PAARVAI\Dataset Katarak\test\mature\aug_0_472_jpeg.rf.c5acfe7dfa598f48f939df657c716823.jpg,dd4c9939fd92f884d3fd7775c7251fc10d593b25325a6a34cba21baa27ecd962,bce882d3adae3154,VF_03035,1,train
dataset_katarak,test,aug_0_4939_jpeg.rf.b21c14d881b7650346fd099441eea402.jpg,mature,C:\Personal AI & ML PROJECTS\AI IN HEALTHCARE\MY PROJECT E PAARVAI\Dataset Katarak\test\mature\aug_0_4939_jpeg.rf.b21c14d881b7650346fd099441eea402.jpg,e8887d98c63ea73eacc2fbccf6c32dbe11dd4f480958b2d398d7e884a52968a2,e13a9ea5219e9671,VF_03038,1,train
dataset_katarak,test,aug_0_5006_jpeg.rf.b234341b437708f90ec709477ddb7f4f.jpg,mature,C:\Personal AI & ML PROJECTS\AI IN HEALTHCARE\MY PROJECT E PAARVAI\Dataset Katarak\test\mature\aug_0_5006_jpeg.rf.b234341b437708f90ec709477ddb7f4f.jpg,38faace7721d9b8f993af9052738399e24265a0212f30f1d6aa5f6c83f79ae95,f11982d7bcf06632,VF_03039,1,train
dataset_katarak,test,aug_0_5104_jpeg.rf.a4d8b4ea92f740d7b052e6a914b11b18.jpg,mature,C:\Personal AI & ML PROJECTS\AI IN HEALTHCARE\MY PROJECT E PAARVAI\Dataset Katarak\test\mature\aug_0_5104_jpeg.rf.a4d8b4ea92f740d7b052e6a914b11b18.jpg,9ed58a6317aef106b92eb29b32e1d5af01f6a6396592db5904ed0bed26798816,d38fcc3280c9f8bc,VF_03041,1,train
dataset_katarak,test,aug_0_522_jpeg.rf.6f8182e4232046c6efdf8df7b5c753a9.jpg,mature,C:\Personal AI & ML PROJECTS\AI IN HEALTHCARE\MY PROJECT E PAARVAI\Dataset Katarak\test\mature\aug_0_522_jpeg.rf.6f8182e4232046c6efdf8df7b5c753a9.jpg,ce95af181ea2703ee49afd734653d774e60446c1ee7f7f6a4c2df5abcaac5ba4,ef30906f4c7862ea,VF_03042,1,train
dataset_katarak,test,aug_0_5369_jpeg.rf.49805fff05edc64b75a9974ca82fb17a.jpg,mature,C:\Personal AI & ML PROJECTS\AI IN HEALTHCARE\MY PROJECT E PAARVAI\Dataset Katarak\test\mature\aug_0_5369_jpeg.rf.49805fff05edc64b75a9974ca82fb17a.jpg,e56b1ff3ac5cf23a94b22fc4c71365354d319a7d13aacb49637a8bf77bf17b24,ac6cfcb72343d1a0,VF_03044,1,train
dataset_katarak,test,aug_0_5384_jpeg.rf.3831df83a3c09d9ffd79941b192cf029.jpg,mature,C:\Personal AI & ML PROJECTS\AI IN HEALTHCARE\MY PROJECT E PAARVAI\Dataset Katarak\test\mature\aug_0_5384_jpeg.rf.3831df83a3c09d9ffd79941b192cf029.jpg,8a10ae107d3eaf625089fdcc4481fb69d816469f1c53d7d5b716aeb4cc904a05,bbe4c43bc0e437c1,VF_03045,1,train
dataset_katarak,test,aug_0_5403_jpeg.rf.ebe815facfca457bd46997a49875c374.jpg,mature,C:\Personal AI & ML PROJECTS\AI IN HEALTHCARE\MY PROJECT E PAARVAI\Dataset Katarak\test\mature\aug_0_5403_jpeg.rf.ebe815facfca457bd46997a49875c374.jpg,ca4200a82c791051750086b11aa0670a990681702a9e3ec8a93730a149b5fa9b,a99696695a66b299,VF_03046,1,train
dataset_katarak,test,aug_0_5404_jpeg.rf.5eb4e3043c3f1d97ab4d6d28ad1abb57.jpg,mature,C:\Personal AI & ML PROJECTS\AI IN HEALTHCARE\MY PROJECT E PAARVAI\Dataset Katarak\test\mature\aug_0_5404_jpeg.rf.5eb4e3043c3f1d97ab4d6d28ad1abb57.jpg,881d8118aa297ea4e2bb68b198ed7c1b8bc9740ef5401bf42111fdefdfc009da,f48bcb34c95bb428,VF_03047,1,train
dataset_katarak,test,aug_0_5449_jpeg.rf.0910a728e3ddddbca243cabb91c075d2.jpg,mature,C:\Personal AI & ML PROJECTS\AI IN HEALTHCARE\MY PROJECT E PAARVAI\Dataset Katarak\test\mature\aug_0_5449_jpeg.rf.0910a728e3ddddbca243cabb91c075d2.jpg,c96611e6c0fd11b6da8be95e23e2cd4cb72777879d862205290417c40f4f1f6e,9131dfcfd2f04107,VF_03048,1,train
dataset_katarak,test,aug_0_5463_jpeg.rf.c48a2129a7535b5f86e9b99127e2cec6.jpg,mature,C:\Personal AI & ML PROJECTS\AI IN HEALTHCARE\MY PROJECT E PAARVAI\Dataset Katarak\test\mature\aug_0_5463_jpeg.rf.c48a2129a7535b5f86e9b99127e2cec6.jpg,5bb0cf945e8ae683b7d6254fce392ea67f26e6a6d95c0842b107676e754d55a3,e19f9e61391e2389,VF_03049,1,train
dataset_katarak,test,aug_0_5545_jpeg.rf.6b2f7c4901d71b0beb897ba0eecc5ff2.jpg,mature,C:\Personal AI & ML PROJECTS\AI IN HEALTHCARE\MY PROJECT E PAARVAI\Dataset Katarak\test\mature\aug_0_5545_jpeg.rf.6b2f7c4901d71b0beb897ba0eecc5ff2.jpg,dbe7ba7d868651d63ae143125c8dde5f250b7fb76ab79d88dcbdcfc5b3ca80bd,e194f6412ca2d57e,VF_03052,1,train
dataset_katarak,test,aug_0_580_jpeg.rf.2d9833d3f4ba731ab9afd8d2784fbd9e.jpg,mature,C:\Personal AI & ML PROJECTS\AI IN HEALTHCARE\MY PROJECT E PAARVAI\Dataset Katarak\test\mature\aug_0_580_jpeg.rf.2d9833d3f4ba731ab9afd8d2784fbd9e.jpg,d8d12276cb56b4804986283660d4e82babe6337c45fa89a7e565369c399103d1,f5269adea1618e2a,VF_03053,1,train
dataset_katarak,test,aug_0_581_jpeg.rf.14d0e393e925350a66b0d4543577057b.jpg,mature,C:\Personal AI & ML PROJECTS\AI IN HEALTHCARE\MY PROJECT E PAARVAI\Dataset Katarak\test\mature\aug_0_581_jpeg.rf.14d0e393e925350a66b0d4543577057b.jpg,27ab4eef99b813b6002a92e199b28c8d98303e553566be28010bf1747b6b658a,b6c9d62e88977a28,VF_03055,1,train
dataset_katarak,test,aug_0_5988_jpeg.rf.06b34c03112b0f2d938de1fb71c7de3b.jpg,mature,C:\Personal AI & ML PROJECTS\AI IN HEALTHCARE\MY PROJECT E PAARVAI\Dataset Katarak\test\mature\aug_0_5988_jpeg.rf.06b34c03112b0f2d938de1fb71c7de3b.jpg,5bef750c4ecad49188b404110ef21a006961ae0eb9a8edad92666067911bdd43,a8e485e37a52a5e9,VF_03058,1,train
dataset_katarak,test,aug_0_6017_jpeg.rf.0ae847618bbf05bd8c95e448a8d2db04.jpg,mature,C:\Personal AI & ML PROJECTS\AI IN HEALTHCARE\MY PROJECT E PAARVAI\Dataset Katarak\test\mature\aug_0_6017_jpeg.rf.0ae847618bbf05bd8c95e448a8d2db04.jpg,f9cfc15c04a2cbdde0ba68816eacac1685277f1faac0e1ef39ad9a3cb74147a1,e13a9ea0699f8678,VF_03059,1,train
dataset_katarak,test,aug_0_6070_jpeg.rf.e03bad7ecebb243fd16b1600f40bfd11.jpg,mature,C:\Personal AI & ML PROJECTS\AI IN HEALTHCARE\MY PROJECT E PAARVAI\Dataset Katarak\test\mature\aug_0_6070_jpeg.rf.e03bad7ecebb243fd16b1600f40bfd11.jpg,1f55fe54dc44ffa2944a0c809894d8a1c5086b581fa22120f9846050cf3f6ef3,a3789cc3f0cd6370,VF_03060,1,train
dataset_katarak,test,aug_0_6071_jpeg.rf.63db9f54e57a2e735a7b83c5e3cd3ed5.jpg,mature,C:\Personal AI & ML PROJECTS\AI IN HEALTHCARE\MY PROJECT E PAARVAI\Dataset Katarak\test\mature\aug_0_6071_jpeg.rf.63db9f54e57a2e735a7b83c5e3cd3ed5.jpg,4f4609ca0f9fd20a1e110d275753434a4af4aa457248380dd1ac4487bb547160,87da9a67859c89c9,VF_03061,1,train
dataset_katarak,test,aug_0_6095_jpeg.rf.3217c347f20d69e34d691edae5170a52.jpg,mature,C:\Personal AI & ML PROJECTS\AI IN HEALTHCARE\MY PROJECT E PAARVAI\Dataset Katarak\test\mature\aug_0_6095_jpeg.rf.3217c347f20d69e34d691edae5170a52.jpg,3e5427d91d10663727c9747c8c576ba989240aabc85c795487a8f54a7e654812,ba1ac4c5813a377d,VF_03062,1,train
dataset_katarak,test,aug_0_6105_jpeg.rf.c90fb6dc8dce3900864f1816f527ee98.jpg,mature,C:\Personal AI & ML PROJECTS\AI IN HEALTHCARE\MY PROJECT E PAARVAI\Dataset Katarak\test\mature\aug_0_6105_jpeg.rf.c90fb6dc8dce3900864f1816f527ee98.jpg,9e610df5a1cc0be8d9a17dafea64d2601f85989f7d11aa37f99d46898c30bc3d,ef98ac65d8a5b540,VF_03064,1,train
dataset_katarak,test,aug_0_628_jpeg.rf.7685887a28251fa2f6f613548fd73171.jpg,mature,C:\Personal AI & ML PROJECTS\AI IN HEALTHCARE\MY PROJECT E PAARVAI\Dataset Katarak\test\mature\aug_0_628_jpeg.rf.7685887a28251fa2f6f613548fd73171.jpg,102807eaea4be87ae7ea2349da7acb5e50884a204b126e7ccf28c5f2c48e850e,b40edb82ecb53362,VF_03065,1,train
dataset_katarak,test,aug_0_6325_jpeg.rf.c2ad2c2fbd8dee4dfd3e27942165ec03.jpg,mature,C:\Personal AI & ML PROJECTS\AI IN HEALTHCARE\MY PROJECT E PAARVAI\Dataset Katarak\test\mature\aug_0_6325_jpeg.rf.c2ad2c2fbd8dee4dfd3e27942165ec03.jpg,1994da08157336de854180fa75c67c11a922e9d800bb5386eede7f2295a56e06,b030f8cf8f07e18e,VF_03067,1,train
dataset_katarak,test,aug_0_6354_jpeg.rf.958b4fe91cb88b25639ca2cd6b09bc49.jpg,mature,C:\Personal AI & ML PROJECTS\AI IN HEALTHCARE\MY PROJECT E PAARVAI\Dataset Katarak\test\mature\aug_0_6354_jpeg.rf.958b4fe91cb88b25639ca2cd6b09bc49.jpg,99cfbfe9f2ebcc7eb895c197c352c56ba27b27ede664aaa8265d612d767ffb39,e1c49e1a796a61e9,VF_03068,1,train
dataset_katarak,test,aug_0_6468_jpeg.rf.3a78907ba834e7061c82fb7fd197ef56.jpg,mature,C:\Personal AI & ML PROJECTS\AI IN HEALTHCARE\MY PROJECT E PAARVAI\Dataset Katarak\test\mature\aug_0_6468_jpeg.rf.3a78907ba834e7061c82fb7fd197ef56.jpg,462a1b7aee0a133791feb8f300aea50659916554f441cae726ac194d726ae36b,b4cb83165979d60b,VF_03070,1,train
dataset_katarak,test,aug_0_6469_jpeg.rf.be3ec373fff9462fbd5bfbf43ae003f3.jpg,mature,C:\Personal AI & ML PROJECTS\AI IN HEALTHCARE\MY PROJECT E PAARVAI\Dataset Katarak\test\mature\aug_0_6469_jpeg.rf.be3ec373fff9462fbd5bfbf43ae003f3.jpg,4fdde87867e0385f9e2a23b5d15df8677c00bad11f60b2b631b8c8d48e87c9dd,e56a8a25bd1ef290,VF_03071,1,train
dataset_katarak,test,aug_0_6532_jpeg.rf.871ad446db546d06644a1f31365ddad3.jpg,mature,C:\Personal AI & ML PROJECTS\AI IN HEALTHCARE\MY PROJECT E PAARVAI\Dataset Katarak\test\mature\aug_0_6532_jpeg.rf.871ad446db546d06644a1f31365ddad3.jpg,e188f45e270849a4456e6a33becf358c585103c8f8b94ba15cdc2ef504c39679,b9688491d9eea267,VF_03072,1,train
dataset_katarak,test,aug_0_6539_jpeg.rf.55e0c7a18e173b851ba5bd5f701802d2.jpg,mature,C:\Personal AI & ML PROJECTS\AI IN HEALTHCARE\MY PROJECT E PAARVAI\Dataset Katarak\test\mature\aug_0_6539_jpeg.rf.55e0c7a18e173b851ba5bd5f701802d2.jpg,22ace5ed25e5b6e79e3c856306bc8eb5c45c6636280076d39c267875d833042a,f7399cc263c916c8,VF_03073,1,train
dataset_katarak,test,aug_0_6589_jpeg.rf.ff219ebd7a26e6d4cf5a1fe56cbdbe9d.jpg,mature,C:\Personal AI & ML PROJECTS\AI IN HEALTHCARE\MY PROJECT E PAARVAI\Dataset Katarak\test\mature\aug_0_6589_jpeg.rf.ff219ebd7a26e6d4cf5a1fe56cbdbe9d.jpg,034662d7a65770998c793cefb7172a1add5295cc1cd0a7bd02bf6b7755f6e4cf,f032cf8d3ce4e581,VF_03074,1,train
dataset_katarak,test,aug_0_658_jpeg.rf.14f670079e36c35260d5ceeeec06771b.jpg,mature,C:\Personal AI & ML PROJECTS\AI IN HEALTHCARE\MY PROJECT E PAARVAI\Dataset Katarak\test\mature\aug_0_658_jpeg.rf.14f670079e36c35260d5ceeeec06771b.jpg,fc900edb782cfc86dd63c882a8002fe74ff6bd3128fd45625a51f0c29502fb5f,b0fe8bc0f40dc23e,VF_03075,1,train
dataset_katarak,test,aug_0_6768_jpeg.rf.4fa324f85308d5fbd0f27414668a1542.jpg,mature,C:\Personal AI & ML PROJECTS\AI IN HEALTHCARE\MY PROJECT E PAARVAI\Dataset Katarak\test\mature\aug_0_6768_jpeg.rf.4fa324f85308d5fbd0f27414668a1542.jpg,bf7bd69945aec0476bd63bd03eae722aeb3e80410f4a698eca048b36c3624f19,a19a9e61611c97ed,VF_03077,1,train
dataset_katarak,test,aug_0_6976_jpeg.rf.59f0200b2a34432c94415667cf182d3f.jpg,mature,C:\Personal AI & ML PROJECTS\AI IN HEALTHCARE\MY PROJECT E PAARVAI\Dataset Katarak\test\mature\aug_0_6976_jpeg.rf.59f0200b2a34432c94415667cf182d3f.jpg,e6c516c96e947b5d6eec9aceff33013ae2bea2c740d7701e2cb12c3888cd97e2,f7c9c8630d8d942b,VF_03078,1,train
dataset_katarak,test,aug_0_7056_jpeg.rf.aba108202107d740e93f23d375c56d75.jpg,mature,C:\Personal AI & ML PROJECTS\AI IN HEALTHCARE\MY PROJECT E PAARVAI\Dataset Katarak\test\mature\aug_0_7056_jpeg.rf.aba108202107d740e93f23d375c56d75.jpg,1ed12a6b7e04e45057924f343ac931c9218cec2ce90369f2a08075f01c2084d6,e1e59e1b61272e25,VF_03080,1,train
dataset_katarak,test,aug_0_7140_jpeg.rf.d68876fcb85cc1a49ceddf0cc8342389.jpg,mature,C:\Personal AI & ML PROJECTS\AI IN HEALTHCARE\MY PROJECT E PAARVAI\Dataset Katarak\test\mature\aug_0_7140_jpeg.rf.d68876fcb85cc1a49ceddf0cc8342389.jpg,2595e121efd8cec881e16fe1cb28786a02bcfb497c4c8b7ac508716da049cbdf,b482cb3074db39ec,VF_03081,1,train
dataset_katarak,test,aug_0_7456_jpeg.rf.ad7cda94ac90963f5b5ffaf8e1a47d67.jpg,mature,C:\Personal AI & ML PROJECTS\AI IN HEALTHCARE\MY PROJECT E PAARVAI\Dataset Katarak\test\mature\aug_0_7456_jpeg.rf.ad7cda94ac90963f5b5ffaf8e1a47d67.jpg,2018ac6a6d6ce866850a5e3f5d2ba77712a84628c04046faa61403dd39182850,b4bccb97bc4e9220,VF_03085,1,train
dataset_katarak,test,aug_0_7461_jpeg.rf.1522f82c7deaf1d5026a7dee1ac3b69b.jpg,mature,C:\Personal AI & ML PROJECTS\AI IN HEALTHCARE\MY PROJECT E PAARVAI\Dataset Katarak\test\mature\aug_0_7461_jpeg.rf.1522f82c7deaf1d5026a7dee1ac3b69b.jpg,fbb328b30ee94bf1d1688cc935d4fc7d6af2101db0beb0f1b9bdc3b6b3847432,e262e7af0f90a0b6,VF_03086,1,train
dataset_katarak,test,aug_0_7515_jpeg.rf.dcd6cfee06c362a3f278612f2e61d492.jpg,mature,C:\Personal AI & ML PROJECTS\AI IN HEALTHCARE\MY PROJECT E PAARVAI\Dataset Katarak\test\mature\aug_0_7515_jpeg.rf.dcd6cfee06c362a3f278612f2e61d492.jpg,5aea0f9187e9ef309c4bc145670443a776a8505ba26395d83e87904c36894199,c6cd1d3962626cce,VF_03087,1,train
dataset_katarak,test,aug_0_7807_jpeg.rf.1acdfc0130ecfd2db99a81527ca1ad51.jpg,mature,C:\Personal AI & ML PROJECTS\AI IN HEALTHCARE\MY PROJECT E PAARVAI\Dataset Katarak\test\mature\aug_0_7807_jpeg.rf.1acdfc0130ecfd2db99a81527ca1ad51.jpg,56cd2197528e161fd067c7b365be41d00ba96be77865d2096231349de764a95c,c73198e373c6623c,VF_03089,1,train
dataset_katarak,test,aug_0_792_jpeg.rf.79bff2933f66868a7be5485e0963351a.jpg,mature,C:\Personal AI & ML PROJECTS\AI IN HEALTHCARE\MY PROJECT E PAARVAI\Dataset Katarak\test\mature\aug_0_792_jpeg.rf.79bff2933f66868a7be5485e0963351a.jpg,4e96ef4e065ab912cb3e3de9fd4f356670a045fde20791e2a47f7ce24a18fc95,b338cc63e16d96c4,VF_03093,1,train
dataset_katarak,test,aug_0_7931_jpeg.rf.aaaed8df097295b9a148aca2f994be59.jpg,mature,C:\Personal AI & ML PROJECTS\AI IN HEALTHCARE\MY PROJECT E PAARVAI\Dataset Katarak\test\mature\aug_0_7931_jpeg.rf.aaaed8df097295b9a148aca2f994be59.jpg,9a1e914f64be316a92ed111d5d6246db4a2c4aa3a9a736c5f252af58cf4fa03b,be36fac18101eace,VF_03094,1,train
dataset_katarak,test,aug_0_7997_jpeg.rf.fabe8a184fb30280de18b6fa72f1ad2b.jpg,mature,C:\Personal AI & ML PROJECTS\AI IN HEALTHCARE\MY PROJECT E PAARVAI\Dataset Katarak\test\mature\aug_0_7997_jpeg.rf.fabe8a184fb30280de18b6fa72f1ad2b.jpg,8add4648b5ddb3d8efa8056883ba1d245949ae4f41ffaaa3af0c0cb7a50eab59,b04ecbb1249f698d,VF_03095,1,train
dataset_katarak,test,aug_0_8104_jpeg.rf.a5c785d59e23377d8657c0cb574e723f.jpg,mature,C:\Personal AI & ML PROJECTS\AI IN HEALTHCARE\MY PROJECT E PAARVAI\Dataset Katarak\test\mature\aug_0_8104_jpeg.rf.a5c785d59e23377d8657c0cb574e723f.jpg,bd1132fd67c67c26cb5618808bace37a91689f06215c886844a4176eab0326f6,b33ccd62a1ed1694,VF_03099,1,train
dataset_katarak,test,aug_0_8319_jpeg.rf.3635810010046450c67b89358b36540c.jpg,mature,C:\Personal AI & ML PROJECTS\AI IN HEALTHCARE\MY PROJECT E PAARVAI\Dataset Katarak\test\mature\aug_0_8319_jpeg.rf.3635810010046450c67b89358b36540c.jpg,0147d16b8276852a16a3c6076af5bd880efef04bb3f81f2221bb1c17f50f6d55,b42edb8aec843363,VF_03100,1,train
dataset_katarak,test,aug_0_8397_jpeg.rf.6d32a713c717aa7492ecfd81bf7b4f52.jpg,mature,C:\Personal AI & ML PROJECTS\AI IN HEALTHCARE\MY PROJECT E PAARVAI\Dataset Katarak\test\mature\aug_0_8397_jpeg.rf.6d32a713c717aa7492ecfd81bf7b4f52.jpg,c5e45f15fb77d043315caf37446d41b4b5ee3c04863aabd6c48167354ee0694f,b6e389703e1069be,VF_03101,1,train
dataset_katarak,test,aug_0_8407_jpeg.rf.e08d0d0bf70deb2a6f295ee1d386392b.jpg,mature,C:\Personal AI & ML PROJECTS\AI IN HEALTHCARE\MY PROJECT E PAARVAI\Dataset Katarak\test\mature\aug_0_8407_jpeg.rf.e08d0d0bf70deb2a6f295ee1d386392b.jpg,0dd71534bf70ab6a086c7984f6ac2db6ed7c3df68217d15a97fb7aadd34870d2,b527cada95858972,VF_03102,1,train
dataset_katarak,test,aug_0_8472_jpeg.rf.b8ec397023d66ca862aa62ae5cbbf7ae.jpg,mature,C:\Personal AI & ML PROJECTS\AI IN HEALTHCARE\MY PROJECT E PAARVAI\Dataset Katarak\test\mature\aug_0_8472_jpeg.rf.b8ec397023d66ca862aa62ae5cbbf7ae.jpg,098d620d3cf0745fd3869f93a6aac52ec34cd292856eb698ea7dd0e344aa9681,f6c9d072436716e2,VF_03104,1,train
dataset_katarak,test,aug_0_8491_jpeg.rf.cefb4f85ace250cc0bceb0f2e4c68d44.jpg,mature,C:\Personal AI & ML PROJECTS\AI IN HEALTHCARE\MY PROJECT E PAARVAI\Dataset Katarak\test\mature\aug_0_8491_jpeg.rf.cefb4f85ace250cc0bceb0f2e4c68d44.jpg,7a37dbffd9cdb518471e4a8aab601d9d4ddd9a2c9c9619daf63a935f36e475b5,a19e9e61b11ec27c,VF_03106,1,train
dataset_katarak,test,aug_0_8592_jpeg.rf.9e51d1e8716200d00bf42a672b14aa66.jpg,mature,C:\Personal AI & ML PROJECTS\AI IN HEALTHCARE\MY PROJECT E PAARVAI\Dataset Katarak\test\mature\aug_0_8592_jpeg.rf.9e51d1e8716200d00bf42a672b14aa66.jpg,e77d043898cc3ccb5562dea3c14065422011af2ec3be122c4b9556809bf8fc25,e598b465faa4b066,VF_03109,1,train
dataset_katarak,test,aug_0_8942_jpeg.rf.95f1d190daa468132a9619746061cd72.jpg,mature,C:\Personal AI & ML PROJECTS\AI IN HEALTHCARE\MY PROJECT E PAARVAI\Dataset Katarak\test\mature\aug_0_8942_jpeg.rf.95f1d190daa468132a9619746061cd72.jpg,febbeca724530b547f768bc2191403ccb404ef57b46195fda15e367c04eb00c2,f7199cd263e834c8,VF_03111,1,train
dataset_katarak,test,aug_0_9004_jpeg.rf.b72533a5583b252e9af7afec77a4607b.jpg,mature,C:\Personal AI & ML PROJECTS\AI IN HEALTHCARE\MY PROJECT E PAARVAI\Dataset Katarak\test\mature\aug_0_9004_jpeg.rf.b72533a5583b252e9af7afec77a4607b.jpg,fa10a8abbfca3ded1d2770b7d102d5115e90fd340f3a592b91024182692f7b33,a931d6de69483636,VF_03112,1,train
dataset_katarak,test,aug_0_9070_jpeg.rf.a4daef66cefdd1af4e519aa5cb8a62a2.jpg,mature,C:\Personal AI & ML PROJECTS\AI IN HEALTHCARE\MY PROJECT E PAARVAI\Dataset Katarak\test\mature\aug_0_9070_jpeg.rf.a4daef66cefdd1af4e519aa5cb8a62a2.jpg,bbb1420f375518eec9c03bd51419c48a72483fcdbb3129f22387c35c7224d638,b737c8c04a1736f4,VF_03113,1,train
dataset_katarak,test,aug_0_9236_jpeg.rf.db9ec31dce82fae3caad4bf65253074c.jpg,mature,C:\Personal AI & ML PROJECTS\AI IN HEALTHCARE\MY PROJECT E PAARVAI\Dataset Katarak\test\mature\aug_0_9236_jpeg.rf.db9ec31dce82fae3caad4bf65253074c.jpg,a3b53cefa616a0d652c1c2ecf3b2be23b72cf7541c9ef2502a8361a4f73443ef,f73098d5cfc02467,VF_03115,1,train
dataset_katarak,test,aug_0_9263_jpeg.rf.40c5d4ad94d4d3be2b6e6495a94133ca.jpg,mature,C:\Personal AI & ML PROJECTS\AI IN HEALTHCARE\MY PROJECT E PAARVAI\Dataset Katarak\test\mature\aug_0_9263_jpeg.rf.40c5d4ad94d4d3be2b6e6495a94133ca.jpg,eb2c758b68a8f95ba1f099e94883f8e561584be72bc3e05255756457c5d0a38b,bc6cc252ccccab63,VF_03117,1,train
dataset_katarak,test,aug_0_9806_jpeg.rf.3ceee460e730796202aa4f45f5e34f3a.jpg,mature,C:\Personal AI & ML PROJECTS\AI IN HEALTHCARE\MY PROJECT E PAARVAI\Dataset Katarak\test\mature\aug_0_9806_jpeg.rf.3ceee460e730796202aa4f45f5e34f3a.jpg,d43facbf4b4d564b3288d6aebb47c860f089bef2d1998725aa54b22a6a297597,f88fcd302d05f06e,VF_03121,1,train
dataset_katarak,test,aug_0_9822_jpeg.rf.c18a5bb0ea5ea2df184081ce267cde75.jpg,mature,C:\Personal AI & ML PROJECTS\AI IN HEALTHCARE\MY PROJECT E PAARVAI\Dataset Katarak\test\mature\aug_0_9822_jpeg.rf.c18a5bb0ea5ea2df184081ce267cde75.jpg,1a83a467bb18870dcc683ba7784d999634a16a6c2a5e1ded26ccf3dc1f2ebc9f,b3c1dc8da992b583,VF_03122,1,train
dataset_katarak,test,aug_0_9830_jpeg.rf.a3b5138ec20df98164b79b9eb984bd63.jpg,mature,C:\Personal AI & ML PROJECTS\AI IN HEALTHCARE\MY PROJECT E PAARVAI\Dataset Katarak\test\mature\aug_0_9830_jpeg.rf.a3b5138ec20df98164b79b9eb984bd63.jpg,89bc0410fc494fa627d67d65ed8e58db8df772b39a479c99f67636bcbb3abcdc,e924c3ded69989e0,VF_03123,1,train
dataset_katarak,test,aug_0_9851_jpeg.rf.ac5d2338290c4554c05cd78974f6bb45.jpg,mature,C:\Personal AI & ML PROJECTS\AI IN HEALTHCARE\MY PROJECT E PAARVAI\Dataset Katarak\test\mature\aug_0_9851_jpeg.rf.ac5d2338290c4554c05cd78974f6bb45.jpg,fc861b9e37e3133660e2d495220373ffe446c69995d1faa1db55fdb79b1dcb65,b4aacab5ac4b93a8,VF_03124,1,train
dataset_katarak,test,aug_0_9874_jpeg.rf.f850e39c110778f7e8af3d8f7e6e416c.jpg,mature,C:\Personal AI & ML PROJECTS\AI IN HEALTHCARE\MY PROJECT E PAARVAI\Dataset Katarak\test\mature\aug_0_9874_jpeg.rf.f850e39c110778f7e8af3d8f7e6e416c.jpg,179a03989c05e8935695ae63b983d81604f74e02ea3b62aeb704a75a40ffe324,a13e9e78388a25bd,VF_03125,1,train
dataset_katarak,test,mature-112_jpg.rf.457508fb256695a7516e6ed3d6904c46.jpg,mature,C:\Personal AI & ML PROJECTS\AI IN HEALTHCARE\MY PROJECT E PAARVAI\Dataset Katarak\test\mature\mature-112_jpg.rf.457508fb256695a7516e6ed3d6904c46.jpg,483026125cb8026a90572521a2840a4532b1f819d491cf6eee07a1f154c2deb6,fcfff1c08c3124c4,VF_00183,7,train
dataset_katarak,test,mature-129_jpg.rf.b726a88fd6086dcc25bb62714735e9f7.jpg,mature,C:\Personal AI & ML PROJECTS\AI IN HEALTHCARE\MY PROJECT E PAARVAI\Dataset Katarak\test\mature\mature-129_jpg.rf.b726a88fd6086dcc25bb62714735e9f7.jpg,2ae9e554950381245b0730d5f1c9048391cad68de911eba60ec669a0e31dcfc0,8939f0a63f989ac9,VF_00189,3,train
dataset_katarak,test,mature-142_jpg.rf.732687e3373b0487c1bffc7d50a4d4df.jpg,mature,C:\Personal AI & ML PROJECTS\AI IN HEALTHCARE\MY PROJECT E PAARVAI\Dataset Katarak\test\mature\mature-142_jpg.rf.732687e3373b0487c1bffc7d50a4d4df.jpg,ff99e6aa9eefed3404de9bdd2110a888d95ba7fb203236a5fb22e2a9edcf1d75,aca9e194ca93dc8b,VF_00193,5,train
dataset_katarak,test,mature-186_jpg.rf.683f191a76ba4dd39a9645a4138e1b0c.jpg,mature,C:\Personal AI & ML PROJECTS\AI IN HEALTHCARE\MY PROJECT E PAARVAI\Dataset Katarak\test\mature\mature-186_jpg.rf.683f191a76ba4dd39a9645a4138e1b0c.jpg,8e52023b3faa2c679f0905f9c32df0fab41b8cbb8f261c6f47249f6b9f20cbe6,a0383f2338cce7e9,VF_00212,5,train
dataset_katarak,test,mature-22_jpg.rf.a504c8363a7dd40db1f415d70870c7e3.jpg,mature,C:\Personal AI & ML PROJECTS\AI IN HEALTHCARE\MY PROJECT E PAARVAI\Dataset Katarak\test\mature\mature-22_jpg.rf.a504c8363a7dd40db1f415d70870c7e3.jpg,a266d27473f6b8c8177500d23524202ab52b3e17bd3d24b1fdca03f9684e5752,b413135edc794873,VF_00156,3,train
dataset_katarak,test,mature-31_jpg.rf.d62ff80af463cbccbf38dcd2ad00eb3c.jpg,mature,C:\Personal AI & ML PROJECTS\AI IN HEALTHCARE\MY PROJECT E PAARVAI\Dataset Katarak\test\mature\mature-31_jpg.rf.d62ff80af463cbccbf38dcd2ad00eb3c.jpg,c63451dc766f516b2ef51b830473f2fc01d5919c1efe1ddead46e49bb9d258ea,f53a9ef4c0826599,VF_00159,7,train
dataset_katarak,test,mature-37_jpg.rf.3cb6996a8fa62beda66b286d686f3bf2.jpg,mature,C:\Personal AI & ML PROJECTS\AI IN HEALTHCARE\MY PROJECT E PAARVAI\Dataset Katarak\test\mature\mature-37_jpg.rf.3cb6996a8fa62beda66b286d686f3bf2.jpg,23dc542bd9442c1a6b6076c9cdd1303a3c3d578ea31b6889a78f5698d0239eed,aceaf3c4cc8a328b,VF_00161,3,train
dataset_katarak,test,mature-47_jpg.rf.be98040507436e64cf91830a61ab06e9.jpg,mature,C:\Personal AI & ML PROJECTS\AI IN HEALTHCARE\MY PROJECT E PAARVAI\Dataset Katarak\test\mature\mature-47_jpg.rf.be98040507436e64cf91830a61ab06e9.jpg,069df67ad278b1b5e0e5b39c50221fbcfa1c4c988ce390ec441b746d7657ada9,80a28d9fb69e3978,VF_03127,1,train
dataset_katarak,test,mature-63_jpg.rf.523a22dc081de0582ea66786668b949d.jpg,mature,C:\Personal AI & ML PROJECTS\AI IN HEALTHCARE\MY PROJECT E PAARVAI\Dataset Katarak\test\mature\mature-63_jpg.rf.523a22dc081de0582ea66786668b949d.jpg,0cd883d62713b01508754d0162f1b2300f2fdbeae87d732273d47510d4d9c4c8,e039fff8d8c021c3,VF_00167,5,train
dataset_katarak,test,mature-8_jpg.rf.ceda89607517c5011888be34fdf53e0f.jpg,mature,C:\Personal AI & ML PROJECTS\AI IN HEALTHCARE\MY PROJECT E PAARVAI\Dataset Katarak\test\mature\mature-8_jpg.rf.ceda89607517c5011888be34fdf53e0f.jpg,4cda6ad781e101d1e5419d997e289e2a2371c9a0c0e480c32de580d5db2ccf51,c31c3c3033e56fc6,VF_00151,5,train
dataset_katarak,test,mature-96_jpg.rf.97e64d50bff66ec2029cd9e91cc6bf32.jpg,mature,C:\Personal AI & ML PROJECTS\AI IN HEALTHCARE\MY PROJECT E PAARVAI\Dataset Katarak\test\mature\mature-96_jpg.rf.97e64d50bff66ec2029cd9e91cc6bf32.jpg,a3c90f39e22c4696fe9ec8c606473c9b597a1d14d88162c165c866841782e22a,8738bca770646796,VF_00177,7,train
